INSTNM,LONGITUD,LATITUDE,ADDR_STR
Alabama A & M University,-86.568502,34.783368,"4900 Meridian Street, Normal, AL - 35762"
University of Alabama at Birmingham,-86.799345,33.505697,"Administration Bldg Suite 1070, Birmingham, AL - 35294-0110"
Amridge University,-86.17401,32.362609,"1200 Taylor Rd, Montgomery, AL - 36117-3553"
University of Alabama in Huntsville,-86.640449,34.724557,"301 Sparkman Dr, Huntsville, AL - 35899"
Alabama State University,-86.295677,32.364317,"915 S Jackson Street, Montgomery, AL - 36104-0271"
University of Alabama System Office,-87.529594,33.207015,"500 University Blvd. East, Tuscaloosa, AL - 35401"
The University of Alabama,-87.545978,33.211875,"739 University Blvd, Tuscaloosa, AL - 35487-0100"
Central Alabama Community College,-85.945266,32.92478,"1675 Cherokee Rd, Alexander City, AL - 35010"
Athens State University,-86.964698,34.806793,"300 N Beaty St, Athens, AL - 35611"
Auburn University at Montgomery,-86.177544,32.36736,"7440 East Drive, Montgomery, AL - 36117-3596"
Auburn University,-85.488258,32.599378," , Auburn, AL - 36849"
Birmingham-Southern College,-86.850552,33.513774,"900 Arkadelphia Road, Birmingham, AL - 35254"
Chattahoochee Valley Community College,-85.031485,32.42391,"2602 College Drive, Phenix City, AL - 36869"
South University-Montgomery,-86.216488,32.342684,"5355 Vaughn Rd, Montgomery, AL - 36116"
Enterprise State Community College,-85.836956,31.297496,"600 Plaza Drive, Enterprise, AL - 36330-1300"
Coastal Alabama Community College,-87.778193,30.851343,"1900 U S Highway 31 South, Bay Minette, AL - 36507-2698"
Faulkner University,-86.21641,32.384181,"5345 Atlanta Hwy, Montgomery, AL - 36109-3390"
Gadsden State Community College,-85.991438,33.994001,"1001 George Wallace Dr, Gadsden, AL - 35903"
New Beginning College of Cosmetology,-86.196931,34.27871,"421 Martling Road, Albertville, AL - 35951"
George C Wallace Community College-Dothan,-85.465836,31.315274,"1141 Wallace Drive, Dothan, AL - 36303-9234"
George C Wallace State Community College-Hanceville,-86.781935,34.072439,"801 Main St NW, Hanceville, AL - 35077-2000"
George C Wallace State Community College-Selma,-87.013294,32.445917,"3000 Earl Goodwin Parkway, Selma, AL - 36702-2808"
Herzing University-Birmingham,-86.832465,33.468466,"280 West Valley Ave, Birmingham, AL - 35209"
Huntingdon College,-86.284366,32.351034,"1500 East Fairview Avenue, Montgomery, AL - 36106-2148"
Heritage Christian University,-87.663051,34.856153,"3625 Helton Dr, Florence, AL - 35630-9977"
J. F. Drake State Community and Technical College,-86.572885,34.771858,"3421 Meridian St N, Huntsville, AL - 35811"
J F Ingram State Technical College,-86.392369,32.582312,"5375 Ingram Rd, Deatsville, AL - 36022"
Jacksonville State University,-85.765321,33.822938,"700 Pelham Road North, Jacksonville, AL - 36265"
Jefferson State Community College,-86.707233,33.652535,"2601 Carson Rd, Birmingham, AL - 35215-3098"
John C Calhoun State Community College,-86.949674,34.645844,"6250 U S Highway 31 N, Tanner, AL - 35671"
Lawson State Community College,-86.888844,33.450814,"3060 Wilson Rd SW, Birmingham, AL - 35221-1717"
University of West Alabama,-88.186329,32.588132,"Station One, Livingston, AL - 35470"
Lurleen B Wallace Community College,-86.452262,31.322947,"1000 Dannelly Blvd., Andalusia, AL - 36420-1224"
Marion Military Institute,-87.322041,32.623734,"1101 Washington St, Marion, AL - 36756-3207"
Miles College,-86.908751,33.482442,"5500 Myron Massey Blvd, Fairfield, AL - 35064-2621"
University of Mobile,-88.128934,30.793247,"5735 College Parkway, Mobile, AL - 36613-2842"
University of Montevallo,-86.865099,33.10625,"Station 6001, Montevallo, AL - 35115-6000"
Northwest Shoals Community College,-87.678089,34.739788,"800 George Wallace Blvd, Muscle Shoals, AL - 35661"
University of North Alabama,-87.680407,34.80731,"One Harrison Plaza, Florence, AL - 35632-0001"
Northeast Alabama Community College,-85.911664,34.545471,"138  Highway 35, Rainsville, AL - 35986"
Oakwood University,-86.652705,34.756344,"7000 Adventist Blvd NW, Huntsville, AL - 35896"
Reid State Technical College,-86.964797,31.460265,"100 and Hwy 83, Evergreen, AL - 36401"
Bishop State Community College,-88.056982,30.693972,"351 North Broad Street, Mobile, AL - 36603-5898"
Samford University,-86.791799,33.464128,"800 Lakeshore Drive, Birmingham, AL - 35229-2240"
Selma University,-87.032392,32.420387,"1501 Boynton St, Dinkins Hall, Selma, AL - 36701"
Shelton State Community College,-87.56148,33.120531,"9500 Old Greensboro Rd, Tuscaloosa, AL - 35405-8522"
Snead State Community College,-86.169897,34.201495,"102 Elder Street, Boaz, AL - 35957-0734"
University of South Alabama,-88.178711,30.696033,"307 N University Blvd, Mobile, AL - 36688-0002"
Spring Hill College,-88.138199,30.694751,"4000 Dauphin St, Mobile, AL - 36608-1780"
Stillman College,-87.585278,33.200006,"3601 Stillman Boulevard, Tuscaloosa, AL - 35401"
Talladega College,-86.112704,33.433472,"627 West Battle Street, Talladega, AL - 35160"
H Councill Trenholm State Community College,-86.343057,32.350109,"1225 Air Base Blvd, Montgomery, AL - 36108-3199"
Troy University,-85.95802,31.799583,"University Avenue, Troy, AL - 36082-0001"
Tuskegee University,-85.708492,32.4309,"Kresge Center, 3rd Floor, Tuskegee, AL - 36088-1920"
United States Sports Academy,-87.91163,30.639329,"One Academy Drive, Daphne, AL - 36526-7055"
Bevill State Community College,-87.265258,33.837056,"1411 Indiana Avenue, Jasper, AL - 35501"
University of Alaska Anchorage,-149.82619,61.190163,"3211 Providence Drive, Anchorage, AK - 99508"
Alaska Bible College,-149.111972,61.598553,"248 E Elmwood Ave, Palmer, AK - 99645"
University of Alaska Fairbanks,-147.823146,64.85756,"1731 South Chandalar Drive, Fairbanks, AK - 99775"
University of Alaska Southeast,-134.638255,58.384846,"11066 Auke Lake Way, Juneau, AK - 99801-8697"
Alaska Pacific University,-149.804168,61.190968,"4101 University Dr, Anchorage, AK - 99508"
Alaska Vocational Technical Center,-149.444487,60.110626,"PO Box 889, Seward, AK - 99664-0889"
Charter College,-149.839274,61.19633,"2221 East Norhtern Lights Boulevard, Suite 120, Anchorage, AK - 99508-4103"
Alaska Career College,-149.856954,61.181443,"1415 E Tudor Road, Anchorage, AK - 99507-1033"
University of Alaska System of Higher Education,-147.848969,64.857516,"2025 Yukon Drive, Suite 202 Butrovich Building, Fairbanks, AK - 99775-5000"
Empire Beauty School-Tucson,-110.927187,32.235657,"3030 E Speedway Blvd, Tucson, AZ - 85716"
Carrington College-Phoenix North,-112.104601,33.565758,"2149 W Dunlap Avenue, Phoenix, AZ - 85051-4063"
Carrington College-Mesa,-111.853218,33.39248,"1001 West Southern Avenue, Mesa, AZ - 85210-5005"
Carrington College-Tucson,-110.983056,32.224391,"201 North Bonita Avenue, Tucson, AZ - 85745-2974"
Arizona Academy of Beauty,-110.872305,32.237253,"5631 E Speedway Blvd, Tucson, AZ - 85712"
Miller-Motte College-Arizona Automotive Institute,-112.157344,33.537249,"6829 N 46th Ave, Glendale, AZ - 85301-3579"
Brookline College-Phoenix,-112.112473,33.566102,"2445 W. Dunlap Ave., Ste. 100, Phoenix, AZ - 85021"
Arizona State University Campus Immersion,-111.934383,33.417721,"University Drive and Mill Avenue, Tempe, AZ - 85287"
Arizona Western College,-114.495968,32.689306,"2020 S. Avenue 8E, Yuma, AZ - 85365-8834"
University of Arizona,-110.950815,32.232672,"1401 E University Blvd, Tucson, AZ - 85721-0066"
Central Arizona College,-111.652501,32.957092,"8470 N Overfield Rd, Coolidge, AZ - 85128-9030"
Charles of Italy Beauty College,-114.332686,34.477485,"1987 McCulloch Blvd, Suite 205, Lake Havasu City, AZ - 86403"
Cochise County Community College District,-110.246946,31.564597,"901 N Colombo Ave, Sierra Vista, AZ - 85635-2317"
Empire Beauty School-Chandler,-111.860423,33.347586,"2978 N Alma School Rd #1-3, Chandler, AZ - 85224"
Avalon Institute-Mesa,-111.858305,33.376583,"2111 S Alma School Rd Ste 21, Mesa, AZ - 85210"
Eastern Arizona College,-109.76234,32.843664,"615 N. Stadium Ave., Thatcher, AZ - 85552-0769"
Embry-Riddle Aeronautical University-Prescott,-112.449741,34.616766,"3700 Willow Creek Road, Prescott, AZ - 86301-3720"
The School of Architecture,-111.916785,33.524271,"7610 E. McDonald Dr, Suite G, Scottsdale, AZ - 85250"
Glendale Community College,-112.190735,33.570226,"6000 W Olive Ave, Glendale, AZ - 85302"
Grand Canyon University,-112.129929,33.513231,"3300 W Camelback Rd, Phoenix, AZ - 85017"
Maricopa Community College System Office,-111.975786,33.412915,"2411 W 14th St, Tempe, AZ - 85281-6942"
GateWay Community College,-111.997077,33.449686,"108 N. 40th Street, Phoenix, AZ - 85034"
Mesa Community College,-111.871255,33.390323,"1833 W Southern Ave, Mesa, AZ - 85202"
Mohave Community College,-114.029838,35.270996,"1971 Jagerson Ave, Kingman, AZ - 86409-1238"
Universal Technical Institute of Arizona Inc-Motorcycle Mechanics Institute Division,-112.288123,33.453005,"10695 West Pierce Street, Suite 200, Avondale, AZ - 85323"
Dine College,-109.21684,36.293328,"Route 12, One Circle Drive, Tsaile, AZ - 86556"
Northern Arizona University,-111.653724,35.188449,"1900 S Knoles Dr, Babbitt Administrative Center, Room 200, Flagstaff, AZ - 86011-4092"
Northland Pioneer College,-110.142199,34.93031,"2251 E. Navajo Blvd., Holbrook, AZ - 86025-0610"
Phoenix College,-112.088293,33.481361,"1202 W Thomas Rd, Phoenix, AZ - 85013"
Pima Community College,-110.886659,32.222125,"4905C East  Broadway Blvd., Tucson, AZ - 85709-1275"
Pima Medical Institute-Tucson,-110.878783,32.248067,"2121 N Craycroft Road, Bldg 1, Tucson, AZ - 85712"
Pima Medical Institute-Albuquerque,-106.59488,35.104855,"4400 Cutler Avenue NE, Albuquerque, NM - 87110"
Prescott College,-112.477185,34.5452,"220 Grove Ave, Prescott, AZ - 86301"
Refrigeration School Inc,-111.989357,33.448692,"4210 E Washington Street, Phoenix, AZ - 85034-1816"
Rio Salado College,-111.97417,33.413309,"2323 W 14th St, Tempe, AZ - 85281"
Roberto-Venn School of Luthiery,-112.086161,33.45489,"1012 NW Grand Ave, Phoenix, AZ - 85007"
Scottsdale Community College,-111.885186,33.51135,"9000 E Chaparral Rd, Scottsdale, AZ - 85256"
South Mountain Community College,-112.032635,33.382406,"7050 S 24th St, Phoenix, AZ - 85042"
Arizona Christian University,-112.181776,33.622952,"1 W. Firestorm Way, Glendale, AZ - 85306-3216"
Universal Technical Institute of Arizona Inc,-112.288123,33.453005,"10695 West Pierce Street, Avondale, AZ - 85323"
Yavapai College,-112.453395,34.547495,"1100 E Sheldon St, Prescott, AZ - 86301"
University of Arkansas at Little Rock,-92.339778,34.723254,"2801 S University Ave, Little Rock, AR - 72204"
University of Arkansas for Medical Sciences,-92.322348,34.750152,"4301 W Markham, Little Rock, AR - 72205-7199"
Arkansas Baptist College,-92.290555,34.734751,"1600 Dr. Martin Luther King Jr. Drive, Little Rock, AR - 72202-6068"
Arkansas Beauty School-Little Rock,-92.343366,34.672171,"8521 Geyer Springs Road Unit 30, Little Rock, AR - 72209"
Arkansas Beauty College,-93.135369,35.27902,"109 N Commerce St, Russellville, AR - 72801"
Lyon College,-91.625354,35.777619,"2300 Highland Road, Batesville, AR - 72501"
Arkansas Technical School,-92.266429,34.753843,"200 E Washington Ave, North Little Rock, AR - 72114"
Arthur's Beauty College,-94.410967,35.379955,"2000 North B Street, Fort Smith, AR - 72901-3342"
University of Arkansas,-94.176981,36.070009,"1125 W Maple St, Administration Bldg 425, Fayetteville, AR - 72701"
University of Arkansas at Pine Bluff,-92.018683,34.244031,"1200 N University Mail Slot 4789, Pine Bluff, AR - 71601"
Arkansas State University-Beebe,-91.895351,35.074176,"1000 Iowa Street, Beebe, AR - 72012-1000"
Arkansas State University,-90.679988,35.842388,"2105 East, Aggie Road, Jonesboro, AR - 72401"
Arkansas Tech University,-93.13562,35.293237,"Administration Bldg 200, 1509 N Boulder Ave, Russellville, AR - 72801-2222"
University of Arkansas at Monticello,-91.811153,33.590909,"Highway 425 South, Monticello, AR - 71656"
Arthur's Beauty College,-92.102579,34.891572,"2600 John Harden Drive, Jacksonville, AR - 72076"
Baptist Health College Little Rock,-92.40692,34.713115,"11900 COLONEL GLENN RD STE 1000, Little Rock, AR - 72210-2827"
Black River Technical College,-90.951033,36.239793,"1410 Hwy 304 East, Pocahontas, AR - 72455"
University of Central Arkansas,-92.457672,35.077945,"201 Donaghey Ave, Conway, AR - 72035-0001"
Central Baptist College,-92.445021,35.083838,"1501 College Avenue, Conway, AR - 72034"
Cossatot Community College of the University of Arkansas,-94.3673,34.043389,"183 College Drive, De Queen, AR - 71832"
Crowley's Ridge College,-90.584395,36.064845,"100 College Dr, Paragould, AR - 72450"
East Arkansas Community College,-90.767726,35.041655,"1700 Newcastle Rd, Forrest City, AR - 72335-2204"
Paul Mitchell the School-Little Rock,-92.222202,34.789913,"4201 E McCain Blvd, North Little Rock, AR - 72117"
National Park College,-93.119248,34.512687,"101 College Dr, Hot Springs, AR - 71913"
University of Arkansas Community College-Batesville,-91.615852,35.792923,"2005 White Drive, Batesville, AR - 72503-3350"
Harding University,-91.726143,35.247386,"915 E. Market Ave., Searcy, AR - 72149-5615"
Henderson State University,-93.059703,34.128155,"1100 Henderson Street, Arkadelphia, AR - 71999-0001"
Hendrix College,-92.443256,35.101565,"1600 Washington Ave, Conway, AR - 72032-3080"
Hot Springs Beauty College,-93.037277,34.496057,"100 Cones Rd, Hot Springs, AR - 71901"
Jefferson Regional School of Nursing,-92.018045,34.187831,"1600 West 40th Avenue, Pine Bluff, AR - 71603"
John Brown University,-94.560283,36.189812,"2000 W University St, Siloam Springs, AR - 72761"
Career Academy of Hair Design,-94.12947,36.167605,"346 E. Robinson Ave, Springdale, AR - 72764-7128"
Academy of Salon and Spa,-94.41616,35.38097,"311 S 16th St, Fort Smith, AR - 72901"
Arkansas State University Mid-South,-90.22285,35.145736,"2000 W.  Broadway, West Memphis, AR - 72301-3829"
Arkansas Northeastern College,-89.921005,35.898597,"2501 S Division, Blytheville, AR - 72316-1109"
New Tyler Barber College Inc,-92.254171,34.760085,"1221 E 7th St, North Little Rock, AR - 72114-4973"
North Arkansas College,-93.08844,36.219909,"1515 Pioneer Drive, Harrison, AR - 72601-5508"
Northwest Technical Institute,-94.115346,36.178032,"709 S Old Missouri Rd, Springdale, AR - 72764"
Ouachita Baptist University,-93.052471,34.126093,"410 Ouachita St, Arkadelphia, AR - 71998-0001"
Arkansas State University Three Rivers,-92.821416,34.378745,"One College Circle, Malvern, AR - 72104-0816"
Ozarka College,-91.896355,36.053031,"218 College Dr, Melbourne, AR - 72556-0010"
University of the Ozarks,-93.467221,35.476278,"415 N College Ave, Clarksville, AR - 72830"
University of Arkansas Community College-Morrilton,-92.728507,35.172136,"1537 University Blvd., Morrilton, AR - 72110"
Philander Smith University,-92.283015,34.737131,"900 W. Daisy Bates Drive, Little Rock, AR - 72202-3799"
Phillips Community College of the University of Arkansas,-90.616884,34.546155,"1000 Campus Drive, Helena, AR - 72342-0785"
Southeast Arkansas College,-92.025936,34.210309,"1900 S Hazel Street, Pine Bluff, AR - 71603"
University of Aesthetics & Cosmetology,-92.664101,33.216032,"460 North Washington, El Dorado, AR - 71730-4009"
University of Arkansas-Pulaski Technical College,-92.299184,34.782783,"3000 W Scenic Dr, North Little Rock, AR - 72118-3347"
University of Arkansas Hope-Texarkana,-93.596762,33.641665,"2500 S Main, Hope, AR - 71801"
University of Arkansas Community College Rich Mountain,-94.219799,34.591449,"1100 College Dr, Mena, AR - 71953"
Paul Mitchell the School-Arkansas,-94.153892,36.126373,"4156 N Steele Blvd, Fayetteville, AR - 72703"
Searcy Beauty College,-91.735135,35.239148,"1004 S Main St, Searcy, AR - 72143"
Shorter College,-92.261331,34.75933,"604 Locust St, N Little Rock, AR - 72114"
Williams Baptist University,-90.940277,36.125676,"60 W Fulbright Avenue, Walnut Ridge, AR - 72476"
South Arkansas College,-92.666087,33.209446,"300 S West Ave, El Dorado, AR - 71731-7010"
Southern Arkansas University Main Campus,-93.235922,33.291618,"100 E. University, Magnolia, AR - 71753"
Southern Arkansas University Tech,-92.721629,33.628367,"6415 Spellman Road, Camden, AR - 71701-1906"
University of Arkansas System Office,-92.343582,34.775996,"2404 N University, Little Rock, AR - 72207-3608"
Velvatex College of Beauty Culture,-92.289597,34.735685,"1520 Martin Luther King Dr, Little Rock, AR - 72202-5452"
University of Arkansas-Fort Smith,-94.373729,35.384184,"5210 Grand Ave, Fort Smith, AR - 72913-3649"
Academy of Art University,-122.400578,37.787943,"79 New Montgomery, San Francisco, CA - 94105"
Academy of Chinese Culture and Health Sciences,-122.269839,37.805972,"1600 Broadway, Ste. 200, Oakland, CA - 94612"
College of Alameda,-122.279303,37.781017,"555 Ralph Appezzato Memorial Pky, Alameda, CA - 94501"
Allan Hancock College,-120.421144,34.943716,"800 South College Drive, Santa Maria, CA - 93454-6399"
American Academy of Dramatic Arts-Los Angeles,-118.343701,34.095378,"1336 North La Brea Avenue, Los Angeles, CA - 90028"
Berkeley School of Theology,-122.256149,37.865252,"2606 Dwight Way, Berkeley, CA - 94704-3029"
American Film Institute Conservatory,-118.310018,34.10767,"2021 N Western Ave, Los Angeles, CA - 90027-1625"
American Beauty College,-117.936959,34.069367,"652 S. Sunset Ave, West Covina, CA - 91790"
American Career College-Los Angeles,-118.292481,34.079323,"4021 Rosewood Avenue, Los Angeles, CA - 90004"
American River College,-121.349672,38.65085,"4700 College Oak Dr, Sacramento, CA - 95841-4286"
Antelope Valley Community College District,-118.186166,34.676207,"3041 West  Ave K, Lancaster, CA - 93536-5426"
Art Center College of Design,-118.185102,34.169031,"1700 Lida St, Pasadena, CA - 91103"
Associated Technical College-Los Angeles,-118.272364,34.056102,"1670 Wilshire Blvd, Los Angeles, CA - 90017-1604"
Associated Technical College-San Diego,-117.135196,32.773178,"2650 Camino Del Rio North, Ste. 100, San Diego, CA - 92108-1630"
Azusa Pacific University,-117.888375,34.130047,"901 E Alosta, Azusa, CA - 91702-7000"
Bakersfield College,-118.973753,35.40911,"1801 Panorama Dr, Bakersfield, CA - 93305-1299"
Barstow Community College,-117.023412,34.870285,"2700 Barstow Road, Barstow, CA - 92311"
Bellus Academy-Chula Vista,-117.083738,32.614773,"970 Broadway, Suite 110, Chula Vista, CA - 91911"
Bethesda University,-117.941323,33.842295,"730 N. Euclid St, Anaheim, CA - 92801"
Biola University,-118.014374,33.906203,"13800 Biola Ave, La Mirada, CA - 90639-0001"
Brownson Technical School,-117.905774,33.819032,"1110 Technology Cir Ste D, Anaheim, CA - 92805"
Bryan University,-111.944197,33.437779,"350 W Washington St, Tempe, AZ - 85281"
Butte College,-121.644831,39.649782,"3536 Butte Campus Drive, Oroville, CA - 95965-8399"
California Institute of Integral Studies,-122.416102,37.774924,"1453 Mission Street, San Francisco, CA - 94103"
Cabrillo College,-121.924797,36.989448,"6500 Soquel Dr, Aptos, CA - 95003"
California Baptist University,-117.425619,33.929321,"8432 Magnolia Ave, Riverside, CA - 92504-3297"
California College of the Arts,-122.399451,37.767485,"1111 Eighth Street, San Francisco, CA - 94107-2247"
University of California College of the Law-San Francisco,-122.4157,37.781137,"200 McAllister Street, San Francisco, CA - 94102-4978"
California Institute of Technology,-118.125878,34.137349,"1200 E California Blvd, Pasadena, CA - 91125"
California Lutheran University,-118.878924,34.224566,"60 W Olsen Rd, Thousand Oaks, CA - 91360-2787"
California Polytechnic State University-San Luis Obispo,-120.657311,35.299513,"1 Grand Ave., San Luis Obispo, CA - 93407"
Alliant International University-San Diego,-117.094398,32.897056,"10455 Pomerado Road, San Diego, CA - 92131"
California State University-Bakersfield,-119.104711,35.350005,"9001 Stockdale Hwy, Bakersfield, CA - 93311-1099"
California State University-Stanislaus,-120.852511,37.52577,"One University Circle, Turlock, CA - 95382-0299"
California State University-Chancellors Office,-118.201255,33.764338,"401 Golden Shore, Long Beach, CA - 90802-4210"
California State University-San Bernardino,-117.323801,34.182622,"5500 University Parkway, San Bernardino, CA - 92407-2393"
California State Polytechnic University-Pomona,-117.821476,34.057912,"3801 W Temple Avenue, Pomona, CA - 91768"
California State University-Chico,-121.844859,39.729712,"First and Normal Sts, Chico, CA - 95929-0150"
California State University-Dominguez Hills,-118.255917,33.864766,"1000 E Victoria St, Carson, CA - 90747-0005"
California State University-Fresno,-119.744569,36.811154,"5241 N Maple Ave, Fresno, CA - 93740"
California State University-Fullerton,-117.885446,33.881506,"800 N. State College Blvd., Fullerton, CA - 92832-3599"
California State University-East Bay,-122.054135,37.657694,"25800 Carlos Bee Blvd, Hayward, CA - 94542"
California State University-Long Beach,-118.11204,33.782818,"1250 Bellflower Blvd, Long Beach, CA - 90840-0115"
California State University-Los Angeles,-118.168965,34.066927,"5151 State University Dr, Los Angeles, CA - 90032-8506"
California State University-Northridge,-118.529319,34.240126,"18111 Nordhoff St, Northridge, CA - 91330"
California State University-Sacramento,-121.423549,38.559415,"6000 J St, Sacramento, CA - 95819-2694"
University of California-Berkeley,-122.260463,37.871918,"200 California Hall, Berkeley, CA - 94720"
University of California-Davis,-121.749567,38.539667,"One Shields Avenue, Davis, CA - 95616-8678"
University of California-Irvine,-117.841248,33.648434,"501 Aldrich Hall, Irvine, CA - 92697"
University of California-Los Angeles,-118.442179,34.07178,"405 Hilgard Ave, Los Angeles, CA - 90095-1405"
University of California-Riverside,-117.32741,33.97246,"900 University Ave, Riverside, CA - 92521"
University of California-San Diego,-117.235866,32.877749,"9500 Gilman Dr, La Jolla, CA - 92093"
University of California-San Francisco,-122.458489,37.763737,"500 Parnassus Ave, San Francisco, CA - 94143-0244"
University of California-Santa Barbara,-119.846426,34.416297,"5221 Cheadle Hall, Santa Barbara, CA - 93106"
University of California-Santa Cruz,-122.058801,36.995584,"1156 High St, Santa Cruz, CA - 95064-1011"
Sofia University,-122.10866,37.430325,"1069 East Meadow Cr, Palo Alto, CA - 94303"
California Beauty School,-120.997481,37.645371,"1115 15th St, Modesto, CA - 95354"
California Christian College,-119.711123,36.749366,"5364 E. Belmont Avenue, Fresno, CA - 93727"
Haven University,-117.939412,33.777392,"12761 Euclid St., Garden Grove, CA - 92840-1340"
California Hair Design Academy,-117.024261,32.765221,"8011 University Avenue, Suite A-2, La Mesa, CA - 91942-5055"
California Institute of the Arts,-118.566837,34.39327,"24700 W McBean Pky, Valencia, CA - 91355-2397"
California State University Maritime Academy,-122.231551,38.069061,"200 Maritime Academy Dr, Vallejo, CA - 94590-8181"
California Western School of Law,-117.162416,32.722192,"225 Cedar St, San Diego, CA - 92101-3046"
Canada College,-122.265398,37.44877,"4200 Farm Hill Blvd., Redwood City, CA - 94061-1099"
College of the Canyons,-118.568698,34.403993,"26455 Rockwell Canyon Rd, Santa Clarita, CA - 91355-1899"
Career Academy of Beauty,-118.031697,33.781018,"12471 Valley View, Garden Grove, CA - 92845"
Casa Loma College-Los Angeles,-118.466548,34.155096,"15301 Ventura Blvd. Suite D-100, Sherman Oaks, CA - 91403"
CET-San Diego,-117.105328,32.711302,"4153 Market Street, San Diego, CA - 92102"
CET-San Jose,-121.88698,37.322723,"701 Vine St, San Jose, CA - 95110"
CET-El Centro,-115.549079,32.790908,"294 S 3rd St, El Centro, CA - 92243"
CET-Colton,-117.353488,34.077381,"1099 N. Pepper Ave, Colton, CA - 92324"
CET-Watsonville,-121.767991,36.931833,"10 Blanca Lane, Watsonville, CA - 95076"
CET-Salinas,-121.65236,36.707333,"24 East Alvin Drive, Salinas, CA - 93906"
Cerritos College,-118.097337,33.886874,"11110 Alondra Blvd, Norwalk, CA - 90650-6298"
Cerro Coso Community College,-117.66767,35.567525,"3000 College Heights Blvd, Ridgecrest, CA - 93555-9571"
Chabot College,-122.105636,37.642458,"25555 Hesperian Blvd, Hayward, CA - 94545"
Chaffey College,-117.573932,34.147663,"5885 Haven Ave, Rancho Cucamonga, CA - 91737-3002"
Chapman University,-117.852518,33.79302,"One University Dr., Orange, CA - 92866"
Charles R Drew University of Medicine and Science,-118.242791,33.925658,"1731 E 120th St, Los Angeles, CA - 90059"
Concordia University-Irvine,-117.812305,33.653665,"1530 Concordia West, Irvine, CA - 92612-3203"
San Diego Christian College,-116.978089,32.843454,"280 Riverview Parkway, Santee, CA - 92071"
Church Divinity School of the Pacific,-122.261122,37.876184,"2451 Ridge Road, Berkeley, CA - 94709-1211"
Citrus College,-117.886469,34.13537,"1000 W Foothill Blvd, Glendora, CA - 91741-1899"
Citrus Heights Beauty College,-121.289529,38.712951,"7518 Baird Way, Citrus Heights, CA - 95610-1410"
City College of San Francisco,-122.451155,37.725953,"50 Frida Kahlo Drive, San Francisco, CA - 94112-1898"
Claremont Graduate University,-117.713703,34.103585,"150 E Tenth St, Claremont, CA - 91711-6160"
Claremont McKenna College,-117.711188,34.102154,"500 E 9th St, Claremont, CA - 91711-6400"
Milan Institute-Visalia,-119.312151,36.27164,"6500 S. Mooney Blvd., Visalia, CA - 93277"
Clovis Adult Education,-119.690369,36.834459,"1452 David E Cook Way, Clovis, CA - 93611"
Coast Community College District Office,-117.916066,33.674004,"1370 Adams Ave., Costa Mesa, CA - 92626"
Coastline Community College,-117.928979,33.716054,"11460 Warner Ave., Fountain Valley, CA - 92708-2597"
University of Silicon Valley,-121.94087,37.414049,"191 Baypointe Parkway, San Jose, CA - 95134"
Coba Academy,-117.943108,33.841141,"663 N. Euclid Street, Anaheim, CA - 92801"
Western University of Health Sciences,-117.747732,34.058092,"309 E 2nd St, Pomona, CA - 91766-1854"
Columbia College,-120.388385,38.030367,"11600 Columbia College Dr, Sonora, CA - 95370"
California College of ASU,-118.25968,34.039355,"1111 S. Broadway Suite, Los Angeles, CA - 90015"
Compton College,-118.209463,33.878226,"1111 East Artesia Blvd., Compton, CA - 90221-5393"
Contra Costa Community College District Office,-122.135335,38.019072,"500 Court St, Martinez, CA - 94553"
Contra Costa College,-122.337377,37.969381,"2600 Mission Bell Dr, San Pablo, CA - 94806"
Cosumnes River College,-121.423108,38.45295,"8401 Center Parkway, Sacramento, CA - 95823-5799"
Crafton Hills College,-117.101173,34.039178,"11711 Sand Canyon Road, Yucaipa, CA - 92339-1799"
Cuesta College,-120.742235,35.331276,"Highway 1, San Luis Obispo, CA - 93403-8106"
Cuyamaca College,-116.942854,32.744305,"900 Rancho San Diego Pky, El Cajon, CA - 92019"
Cypress College,-118.025143,33.82833,"9200 Valley View, Cypress, CA - 90630-5897"
De Anza College,-122.045783,37.319914,"21250 Stevens Creek Blvd., Cupertino, CA - 95014"
International School of Beauty Inc,-116.403928,33.729555,"72261 Hwy 111 Ste 121-B, Palm Desert, CA - 92260-2740"
Dell'Arte International School of Physical Theatre,-123.988808,40.880924,"131 H Street, Blue Lake, CA - 95525-0816"
College of the Desert,-116.388271,33.732108,"43-500 Monterey Ave, Palm Desert, CA - 92260"
Design Institute of San Diego,-117.167374,32.880926,"8555 Commerce Ave, San Diego, CA - 92121"
Dharma Realm Buddhist University,-123.158174,39.134532,"1991 Virtue Way, Ukiah, CA - 95482-6050"
Diablo Valley College,-122.073142,37.968516,"321 Golf Club Rd, Pleasant Hill, CA - 94523"
Dominican University of California,-122.512051,37.981279,"50 Acacia Ave, San Rafael, CA - 94901-2298"
Dominican School of Philosophy & Theology,-122.264612,37.881099,"2301 Vine Street, Berkeley, CA - 94708-1816"
East Los Angeles College,-118.148785,34.040531,"1301 Avenida Cesar Chavez, Monterey Park, CA - 91754-6099"
El Camino Community College District,-118.329913,33.885229,"16007 Crenshaw Blvd, Torrance, CA - 90506"
Emperor's College of Traditional Oriental Medicine,-118.485119,34.030438,"1807 Wilshire Blvd, Ste #200, Santa Monica, CA - 90403"
Empire College,-122.729337,38.468052,"3035 Cleveland Ave, Santa Rosa, CA - 95403-2126"
Evergreen Valley College,-121.76561,37.30167,"3095 Yerba Buena Rd, San Jose, CA - 95135-1598"
FIDM-Fashion Institute of Design & Merchandising,-118.25993,34.044209,"919 S Grand Ave, Los Angeles, CA - 90015-1421"
Feather River Community College District,-120.973067,39.953101,"570 Golden Eagle Ave, Quincy, CA - 95971-9124"
Federico Beauty Institute,-121.497761,38.64883,"1515 Sports Drive    Ste 100, Sacramento, CA - 95834"
Fielding Graduate University,-119.717161,34.42941,"2020 De La Vina St, Santa Barbara, CA - 93105-3538"
Five Branches University,-121.998245,36.964348,"200 7th Avenue, Santa Cruz, CA - 95062"
Redondo Beach Beauty College,-118.35009,33.809096,"23800 Hawthorne Blvd # 200, Torrance, CA - 90505"
Foothill College,-122.127964,37.361655,"12345 El Monte Rd, Los Altos Hills, CA - 94022"
Franciscan School of Theology,-117.192073,32.770816,"5998 Alcala Park, San Diego, CA - 92110"
Fredrick and Charles Beauty College,-124.164986,40.798885,"831 F St, Eureka, CA - 95501"
Fresno City College,-119.796096,36.768164,"1101 E. University Ave, Fresno, CA - 93741"
Fresno Pacific University,-119.735199,36.726831,"1717 S. Chestnut Ave, Fresno, CA - 93702-4709"
Foothill-De Anza Community College District,-122.127964,37.361655,"12345 El Monte Rd, Los Altos Hills, CA - 94022-4599"
Fuller Theological Seminary,-118.140261,34.14778,"135 N Oakland Ave, Pasadena, CA - 91182"
Fullerton College,-117.918255,33.875514,"321 E Chapman Avenue, Fullerton, CA - 92832-2095"
Gavilan College,-121.569842,36.972627,"5055 Santa Teresa Blvd, Gilroy, CA - 95020"
Gemological Institute of America-Carlsbad,-117.318765,33.131313,"5345 Armada Dr, Carlsbad, CA - 92008"
Glendale Community College,-118.227666,34.16745,"1500 N Verdugo Rd, Glendale, CA - 91208-2894"
Glendale Career College,-118.254719,34.149771,"240 North Brand Boulevard Lower Level, Glendale, CA - 91203"
Golden Gate University,-122.398969,37.789374,"536 Mission Street, San Francisco, CA - 94105-2968"
Golden West College,-118.002568,33.732531,"15744 Goldenwest St., Huntington Beach, CA - 92647-2710"
Graduate Theological Union,-122.261847,37.87554,"2400 Ridge Rd, Berkeley, CA - 94709"
Grossmont-Cuyamaca Community College District,-117.006277,32.815246,"8800 Grossmont College Dr, El Cajon, CA - 92020-1799"
Grossmont College,-117.006277,32.815246,"8800 Grossmont College Dr, El Cajon, CA - 92020-1799"
Salon Success Academy-Riverside,-117.391024,33.943149,"6780 Indiana Ave. Ste #200, Riverside, CA - 92506"
Hartnell College,-121.666054,36.675091,"411 Central Avenue, Salinas, CA - 93901"
Harvey Mudd College,-117.709837,34.106515,"301 Platt Blvd., Claremont, CA - 91711"
Hilltop Beauty School,-122.461467,37.705502,"6317 Mission St, Daly City, CA - 94014"
Holy Names University,-122.187804,37.802276,"3500 Mountain Blvd, Oakland, CA - 94619-1699"
Pacifica Graduate Institute,-119.580414,34.420881,"249 Lambert Rd, Carpinteria, CA - 93013"
California State Polytechnic University-Humboldt,-124.078293,40.877481,"1 Harpst Street, Arcata, CA - 95521-8299"
Humphreys University-Stockton and Modesto Campuses,-121.316918,38.011489,"6650 Inglewood Ave, Stockton, CA - 95207"
Imperial Valley College,-115.503563,32.827209,"380 E. Aten Road, Imperial, CA - 92251-0158"
Institute for Business and Technology,-121.969541,37.368642,"2400 Walsh Avenue, Santa Clara, CA - 95051-1303"
Interior Designers Institute,-117.865722,33.641393,"1061 Camelback Street, Newport Beach, CA - 92660"
International School of Cosmetology,-118.361176,34.080053,"464 N. Fairfax Ave, Los Angeles, CA - 90036"
Irvine Valley College,-117.777539,33.675381,"5500 Irvine Center Drive, Irvine, CA - 92618-0301"
Bellus Academy-El Cajon,-116.94627,32.794072,"1073 E Main St, El Cajon, CA - 92021"
American Jewish University,-118.471706,34.128153,"15600 Mulholland Dr, Los Angeles, CA - 90077-1519"
Reedley College,-119.458555,36.605428,"995 N Reed Ave, Reedley, CA - 93654"
Life Pacific University,-117.829388,34.098705,"1100 W. Covina Blvd., San Dimas, CA - 91773-3298"
University of La Verne,-117.773262,34.100855,"1950 Third St, La Verne, CA - 91750-4401"
Laguna College of Art and Design,-117.772564,33.561448,"2222 Laguna Canyon Rd, Laguna Beach, CA - 92651"
Lake Tahoe Community College,-119.972574,38.926797,"One College Drive, South Lake Tahoe, CA - 96150"
Lancaster Beauty School,-118.147547,34.694914,"44646 N 10th Street West, Lancaster, CA - 93534"
Laney College,-122.26283,37.797257,"900 Fallon Sreet, Oakland, CA - 94607"
Lassen Community College,-120.633271,40.432053,"478-200 Hwy 139, Susanville, CA - 96130"
Latin American Bible Institute,-117.989601,34.030992,"14209 East Lomitas Avenue, La Puente, CA - 91746-3099"
Life Chiropractic College West,-122.117619,37.638099,"25001 Industrial Blvd, Hayward, CA - 94545-2570"
Lincoln University,-122.269745,37.804788,"401 15th Street, Oakland, CA - 94612-2801"
Southern California Seminary,-116.905461,32.799614,"2075 E. Madison Avenue, El Cajon, CA - 92019-1108"
La Sierra University,-117.500054,33.910704,"4500 Riverwalk Parkway, Riverside, CA - 92505-8247"
Loma Linda University,-117.260605,34.051241,"11139 Anderson Street, Loma Linda, CA - 92350"
Long Beach City College,-118.135633,33.833593,"4901 E. Carson St., Long Beach, CA - 90808-1706"
Southern California University of Health Sciences,-117.983401,33.922966,"16200 East Amber Valley Drive, Whittier, CA - 90604"
Los Angeles Community College District Office,-118.258047,34.048969,"770 Wilshire Blvd, Los Angeles, CA - 90017"
Los Angeles Harbor College,-118.283549,33.785825,"1111 Figueroa Place, Wilmington, CA - 90744-2397"
Los Angeles Pierce College,-118.575071,34.183949,"6201 Winnetka Ave, Woodland Hills, CA - 91371-0002"
Los Angeles Southwest College,-118.304674,33.929586,"1600 W Imperial Hwy, Los Angeles, CA - 90047-4899"
Los Angeles Trade Technical College,-118.269447,34.031907,"400 W Washington Blvd, Los Angeles, CA - 90015-4181"
Los Angeles Valley College,-118.421734,34.175165,"5800 Fulton Avenue, Valley Glen, CA - 91401-4096"
The Master's University and Seminary,-118.518193,34.381755,"21726 Placerita Canyon Road, Santa Clarita, CA - 91321-1200"
Los Angeles City College,-118.292169,34.087301,"855 N Vermont Ave, Los Angeles, CA - 90029"
Los Angeles County College of Nursing and Allied Health,-118.211852,34.062647,"1237 N. Mission Rd., Los Angeles, CA - 90033-1084"
Los Angeles Mission College,-118.4195,34.314668,"13356 Eldridge Avenue, Sylmar, CA - 91342-3200"
Los Medanos College,-121.860967,38.006474,"2700 East Leland Road, Pittsburg, CA - 94565"
Los Rios Community College District Office,-121.417145,38.579859,"1919 Spanos Ct, Sacramento, CA - 95825-3981"
Loyola Marymount University,-118.415744,33.97085,"One Lmu Drive, Los Angeles, CA - 90045-2659"
Lu Ross Academy,-119.293952,34.278034,"470 East Thompson Blvd, Ventura, CA - 93001-2729"
Lyle's College of Beauty,-119.02387,35.386539,"2935 F St, Bakersfield, CA - 93301"
Lyle's College of  Beauty,-119.774167,36.836265,"6735 N First Ave Ste 112, Fresno, CA - 93710"
Lytles Redwood Empire Beauty College,-122.75777,38.508385,"186 Wikiup Dr, Santa Rosa, CA - 95403"
MTI College,-121.342568,38.661377,"5221 Madison Avenue, Sacramento, CA - 95841-9817"
College of Marin,-122.548758,37.951918,"835 College Ave, Kentfield, CA - 94904-2590"
Mendocino College,-123.228809,39.188989,"1000 Hensley Creek Road, Ukiah, CA - 95482"
Menlo College,-122.190797,37.453475,"1000 El Camino Real, Atherton, CA - 94027-4301"
Merced College,-120.476464,37.3353,"3600 M St, Merced, CA - 95348-2806"
Merritt College,-122.167335,37.789088,"12500 Campus Dr, Oakland, CA - 94619-3196"
Northeastern University Oakland,-122.182294,37.781425,"5000 MacArthur Blvd, Oakland, CA - 94613"
MiraCosta College,-117.302606,33.190483,"One Barnard Drive, Oceanside, CA - 92056-3899"
Mission College,-121.980783,37.391935,"3000 Mission College Blvd, Santa Clara, CA - 95054-1897"
Modern Beauty Academy,-119.181423,34.195384,"699 South C St, Oxnard, CA - 93030"
Modesto Junior College,-121.009792,37.651056,"435 College Ave, Modesto, CA - 95350-5800"
Moler Barber College,-122.265352,37.827075,"3815 Telegraph Ave, Oakland, CA - 94609-2419"
Middlebury Institute of International Studies at Monterey,-121.897325,36.599736,"460 Pierce Street, Monterey, CA - 93940"
Monterey Peninsula College,-121.884931,36.590558,"980 Fremont St, Monterey, CA - 93940-4799"
Moorpark College,-118.834528,34.301146,"7075 Campus Rd, Moorpark, CA - 93021-1695"
Mt San Antonio College,-117.846629,34.047764,"1100 N Grand Ave, Walnut, CA - 91789-1399"
Mount Saint Mary's University,-118.482879,34.085315,"12001 Chalon Rd, Los Angeles, CA - 90049-1599"
Mt San Jacinto Community College District,-116.971169,33.806748,"1499 N. State St., San Jacinto, CA - 92583-2399"
Musicians Institute,-118.337582,34.101265,"6752 Hollywood Blvd., Hollywood, CA - 90028"
Napa Valley College,-122.274381,38.274081,"2277 Napa-Vallejo Hwy, Napa, CA - 94558-6236"
National Holistic Institute,-122.287672,37.841898,"5900 Doyle Street, Emeryville, CA - 94608-2008"
National University,-117.127296,32.829299,"9388 Lightwave Ave, San Diego, CA - 92123"
Naval Postgraduate School,-121.874248,36.597159,"1 University Circle, Monterey, CA - 93943"
Newschool of Architecture and Design,-117.153305,32.71331,"1249 F St, San Diego, CA - 92101"
North Adrian's College of Beauty Inc,-120.992753,37.677778,"124 Floyd Ave, Modesto, CA - 95350-2381"
North Orange County Community College District,-117.945394,33.850118,"1830 W. Romneya Drive, Anaheim, CA - 92801-1819"
North-West College-Pomona,-117.751227,34.062043,"170  W Holt Ave, Pomona, CA - 91768"
North-West College-West Covina,-117.949583,34.072071,"2101 W Garvey Ave, West Covina, CA - 91790"
North-West College-Van Nuys,-118.450184,34.189497,"14540 Haynes, Van Nuys, CA - 91411"
San Francisco Bay University,-121.927899,37.485056,"161 Mission Falls Lane, Fremont, CA - 94539"
Notre Dame de Namur University,-122.284794,37.517111,"1500 Ralston Ave, Belmont, CA - 94002-1908"
Occidental College,-118.210908,34.127124,"1600 Campus Rd, Los Angeles, CA - 90041-3392"
Ohlone College,-121.911795,37.529931,"43600 Mission Blvd, Fremont, CA - 94539-0390"
Orange Coast College,-117.909086,33.66927,"2701 Fairview Road, Costa Mesa, CA - 92626"
Otis College of Art and Design,-118.416615,33.956607,"9045 Lincoln Blvd, Los Angeles, CA - 90045-3505"
Oxnard College,-119.157604,34.166104,"4000 S Rose Ave, Oxnard, CA - 93033-6699"
Hope International University,-117.88573,33.87616,"2500 E Nutwood Ave, Fullerton, CA - 92831-3199"
Concorde Career College-San Diego,-117.102845,32.702814,"4393 Imperial Avenue, Suite 100, San Diego, CA - 92113-1964"
Palo Alto University,-122.187437,37.382216,"1791 Arastradero Rd, Palo Alto, CA - 94304-1337"
Pacific Oaks College,-118.151323,34.153382,"45 W Eureka Street, Pasadena, CA - 91103"
Pacific School of Religion,-122.263155,37.87669,"1798 Scenic Ave, Berkeley, CA - 94709"
Pacific States University,-118.298408,34.061315,"3424 Wilshire Blvd. 12th floor, Los Angeles, CA - 90010-2263"
Pacific Union College,-122.440308,38.570585,"One Angwin Ave, Angwin, CA - 94508-9707"
University of the Pacific,-121.312301,37.981424,"3601 Pacific Ave, Stockton, CA - 95211-0197"
Palo Verde College,-114.651698,33.661538,"One College Drive, Blythe, CA - 92225"
Palomar College,-117.183978,33.149483,"1140 W. Mission Road, San Marcos, CA - 92069-1487"
Pasadena City College,-118.118196,34.144552,"1570 E Colorado Blvd., Pasadena, CA - 91106-2003"
Pepperdine University,-118.707077,34.037786,"24255 Pacific Coast Hwy, Malibu, CA - 90263"
Peralta Community College System Office,-122.260837,37.792667,"333 E Eighth St, Oakland, CA - 94606"
Pitzer College,-117.706675,34.104107,"1050 North Mills Avenue, Claremont, CA - 91711-6101"
Platt College-San Diego,-117.063483,32.76373,"6250 El Cajon Blvd, San Diego, CA - 92115-3919"
Point Loma Nazarene University,-117.250265,32.718391,"3900 Lomaland Dr, San Diego, CA - 92106-2899"
Pomona College,-117.714556,34.099027,"550 N College Ave, Claremont, CA - 91711-4434"
Porterville College,-119.014368,36.049256,"100 E College Ave, Porterville, CA - 93257"
Professional Institute of Beauty,-118.039028,34.075561,"10801 E. Valley Mall, El Monte, CA - 91731"
Santa Ana College,-117.887558,33.759309,"1530 W. 17th Street, Santa Ana, CA - 92706-3398"
Pardee RAND Graduate School,-118.490655,34.00973,"1776 Main St, Santa Monica, CA - 90401-3208"
Shasta School of Cosmetology,-122.387248,40.597114,"678 N Market St, Redding, CA - 96003"
University of Redlands,-117.163218,34.064218,"1200 E. Colton Ave, Redlands, CA - 92373-0999"
College of the Redwoods,-124.195293,40.698427,"7351 Tompkins Hill Rd, Eureka, CA - 95501-9300"
Salon Success Academy-Upland,-117.631783,34.108247,"1385 E. Foothill Blvd, Upland, CA - 91786"
Salon Success Academy-Corona,-117.535638,33.847649,"2097 Compton Ave. Suite 201, Corona, CA - 92881"
Rio Hondo College,-118.033506,34.019821,"3600 Workman Mill Rd, Whittier, CA - 90601-1616"
Riverside City College,-117.384323,33.970918,"4800 Magnolia Avenue, Riverside, CA - 92506"
Dongguk University Los Angeles,-118.289523,34.06597,"440 Shatto Pl, Los Angeles, CA - 90020-1704"
Sacramento City College,-121.491139,38.541096,"3835 Freeport Blvd, Sacramento, CA - 95822-1386"
Saddleback College,-117.665584,33.553346,"28000 Marguerite Pky, Mission Viejo, CA - 92692-3635"
Samuel Merritt University,-122.266331,37.82029,"3100 Telegraph Avenue, Oakland, CA - 94609"
San Diego Community College District-District Office,-117.120504,32.776275,"3375 Camino del Rio South, San Diego, CA - 92108"
San Diego City College,-117.152733,32.717403,"1313 Park Boulevard, San Diego, CA - 92101-4787"
San Diego Mesa College,-117.169165,32.803825,"7250 Mesa College Dr, San Diego, CA - 92111-4998"
San Diego Miramar College,-117.120261,32.909757,"10440 Black Mountain Rd, San Diego, CA - 92126-2999"
San Diego State University,-117.071228,32.77525,"5500 Campanile Dr, San Diego, CA - 92182-0001"
University of San Diego,-117.192073,32.770816,"5998 Alcala Park, San Diego, CA - 92110-2492"
San Francisco Conservatory of Music,-122.420292,37.775543,"50 Oak Street, San Francisco, CA - 94102-6011"
San Francisco State University,-122.476799,37.721224,"1600 Holloway Ave, San Francisco, CA - 94132"
University of San Francisco,-122.450477,37.776618,"2130 Fulton St, San Francisco, CA - 94117-1080"
San Joaquin College of Law,-119.697657,36.82448,"901 Fifth St, Clovis, CA - 93612-1312"
San Joaquin Delta College,-121.317597,37.995562,"5151 Pacific Ave, Stockton, CA - 95207"
San Joaquin Valley College-Visalia,-119.384981,36.328049,"8344 W Mineral King Ave, Visalia, CA - 93291-9283"
San Joaquin Valley College-Bakersfield,-119.062071,35.352848,"201 New Stine Road, Bakersfield, CA - 93309-2659"
William Jessup University,-121.292312,38.819728,"2121 University Avenue, Rocklin, CA - 95765-3707"
San Jose-Evergreen Community College District,-121.89118,37.334851,"40 South Market Street, San Jose, CA - 95113-1599"
San Jose City College,-121.926185,37.315827,"2100 Moorpark Ave, San Jose, CA - 95128-2798"
San Jose State University,-121.880621,37.336569,"One Washington Square, San Jose, CA - 95192-0001"
San Mateo County Community College District Office,-122.337627,37.531305,"3401 CSM Drive, San Mateo, CA - 94402"
College of San Mateo,-122.334801,37.535698,"1700 W Hillsdale Blvd, San Mateo, CA - 94402-3784"
Santa Barbara City College,-119.698045,34.406788,"721 Cliff Drive, Santa Barbara, CA - 93109-2394"
Santa Clara University,-121.93784,37.348362,"500 El Camino Real, Santa Clara, CA - 95053"
Santa Monica College,-118.469765,34.017022,"1900 Pico Blvd, Santa Monica, CA - 90405-1628"
Santa Rosa Junior College,-122.718974,38.45709,"1501 Mendocino Avenue, Santa Rosa, CA - 95401-4395"
Saybrook University,-118.152155,34.153103,"55 W Eureka Street, Pasadena, CA - 91103"
Scripps College,-117.711294,34.104147,"1030 North Columbia Avenue, Claremont, CA - 91711-3905"
College of the Sequoias,-119.315182,36.323877,"915 S. Mooney Blvd, Visalia, CA - 93277-2214"
Shasta Bible College and Graduate School,-122.314419,40.566034,"2951 Goodwater Ave., Redding, CA - 96002"
Shasta College,-122.317982,40.625731,"11555 Old Oregon Trail, Redding, CA - 96003"
Sierra College,-121.211688,38.790773,"5100 Sierra College Blvd, Rocklin, CA - 95677-3397"
Sierra College of Beauty,-120.495874,37.306975,"1340 W 18th St, Merced, CA - 95340"
Trinity Law School,-117.852059,33.766071,"2200 N Grand Ave, Santa Ana, CA - 92705"
Simpson University,-122.332981,40.61334,"2211 College View Drive, Redding, CA - 96003-8606"
College of the Siskiyous,-122.38909,41.413005,"800 College Ave, Weed, CA - 96094-2899"
Charles A Jones Career and Education Center,-121.440796,38.516233,"5451 Lemon Hill Avenue, Sacramento, CA - 95824-1529"
Skyline College,-122.467335,37.63042,"3300 College Dr, San Bruno, CA - 94066-1698"
San Bernardino Valley College,-117.313248,34.086353,"701 South Mount Vernon Avenue, San Bernardino, CA - 92410-2798"
Saint Mary's College of California,-122.109031,37.840731,"1928 Saint Marys Road, Moraga, CA - 94575"
Solano Community College,-122.122368,38.235881,"4000 Suisun Valley Rd, Fairfield, CA - 94534-3197"
Sonoma State University,-122.677066,38.340274,"1801 E Cotati Ave, Rohnert Park, CA - 94928-3609"
South Baylo University,-117.958416,33.848291,"1126 N Brookhurst St, Anaheim, CA - 92801-1701"
South Coast College,-117.874031,33.78818,"2011 W. Chapman Avenue, Orange, CA - 92868-2609"
Vanguard University of Southern California,-117.900911,33.662686,"55 Fair Dr, Costa Mesa, CA - 92626"
Concorde Career College-Garden Grove,-117.938395,33.774741,"12951 Euclid Street, Suite 101, Garden Grove, CA - 92840-9201"
Southwestern College,-116.996803,32.640281,"900 Otay Lakes Rd., Chula Vista, CA - 91910-7299"
Starr King School for the Ministry,-122.270721,37.803526,"414 13th St., Suite 700, Oakland, CA - 94612"
State Center Community College District,-119.792324,36.735642,"1171 Fulton Street, Fresno, CA - 93721"
Marshall B Ketchum University,-117.886229,33.889348,"2575 Yorba Linda Blvd, Fullerton, CA - 92831-1699"
Southern California Institute of Architecture,-118.232799,34.044215,"960 E. 3rd Street, Los Angeles, CA - 90013-1822"
University of Southern California,-118.284169,34.021281,"University Park, Los Angeles, CA - 90089"
Southwestern Law School,-118.288375,34.061558,"3050 Wilshire Boulevard, Los Angeles, CA - 90010-1106"
Taft College,-119.459751,35.149343,"29 Cougar Court, Taft, CA - 93268"
Claremont School of Theology,-117.715256,34.107602,"1325 N College Ave, Claremont, CA - 91711-3199"
Thomas Aquinas College,-119.087141,34.429009,"10000 Ojai Road, Santa Paula, CA - 93060"
Epic Bible College & Graduate School,-121.362642,38.645152,"4330 Auburn Boulevard, Sacramento, CA - 95841"
University of California-System Administration Central Office,-122.27134,37.802222,"1111 Franklin St, Oakland, CA - 94607-5200"
UEI College-Huntington Park,-118.226206,33.986057,"6055 Pacific Boulevard, Huntington Park, CA - 90255-2933"
Concorde Career College-San Bernardino,-117.283995,34.066823,"201 East Airport Drive, Suite A, San Bernardino, CA - 92408-3403"
Concorde Career College-North Hollywood,-118.403627,34.186407,"12412 Victory Boulevard, North Hollywood, CA - 91606-3134"
Ventura County Community College System Office,-119.057951,34.219073,"761 E. Daily Drive, Suite 200, Camarillo, CA - 93010"
Ventura College,-119.230604,34.277393,"4667 Telegraph Rd, Ventura, CA - 93003-3872"
The Colleges of Law at Ventura,-119.232988,34.25747,"4475 Market St, Ventura, CA - 93003"
Bridges Beauty College,-117.303933,34.528602,"16515 Mojave Drive, Victorville, CA - 92395-3821"
Victor Valley College,-117.261456,34.472231,"18422 Bear Valley Rd, Victorville, CA - 92395-5850"
Berkeley City College,-122.269877,37.869769,"2050 Center Sreet, Berkeley, CA - 94704"
West Valley Mission Community College District Office,-122.008324,37.26398,"14000 Fruitvale Ave, Saratoga, CA - 95070-5698"
Walden University,-93.265738,44.98125,"100 Washington Avenue South, Suite 1210, Minneapolis, MN - 55401"
Waynes College of Beauty,-121.652672,36.700635,"1271 North Main Street, Salinas, CA - 93906-2830"
Coalinga College,-120.356747,36.147891,"300 Cherry Lane, Coalinga, CA - 93210"
West Los Angeles College,-118.386664,34.004512,"9000 Overland Avenue, Culver City, CA - 90230-3519"
West Valley College,-122.008324,37.26398,"14000 Fruitvale Ave, Saratoga, CA - 95070"
Carrington College-Sacramento,-121.371383,38.556104,"8909 Folsom Blvd., Sacramento, CA - 95826"
Westminster Theological Seminary in California,-117.046371,33.121447,"1725 Bear Valley Parkway, Escondido, CA - 92027"
Westmont College,-119.662517,34.450151,"955 La Paz Rd, Santa Barbara, CA - 93108-1089"
Whittier College,-118.032299,33.978773,"13406 E Philadelphia Street, Whittier, CA - 90601"
Woodbury University,-118.341147,34.208011,"7500 N. Glenoaks Blvd, Burbank, CA - 91504-1052"
The Wright Institute,-122.253168,37.868221,"2728 Durant Ave, Berkeley, CA - 94704-1796"
Thomas Jefferson School of Law,-117.157862,32.717595,"701 B Street - Suite 110, San Diego, CA - 92101"
Yeshiva Ohr Elchonon Chabad West Coast Talmudical Seminary,-118.346613,34.085465,"7215 Waring Ave, Los Angeles, CA - 90046-7660"
Yosemite Community College District Office,-121.038612,37.660935,"2201 Blue Gum Ave, Modesto, CA - 95358"
Yuba College,-121.53964,39.126536,"2088 N Beale Rd, Marysville, CA - 95901"
Adams State University,-105.879642,37.473636,"208 Edgemont Blvd, Alamosa, CO - 81101"
Aims Community College,-104.763415,40.409559,"5401 W. 20th St., Greeley, CO - 80634"
Arapahoe Community College,-105.018631,39.607505,"5900 S. Santa Fe Dr., Littleton, CO - 80160-9002"
Bel-Rea Institute of Animal Technology,-104.876207,39.686194,"1681 S Dayton St, Denver, CO - 80247"
University of Colorado Denver/Anschutz Medical Campus,-104.837722,39.745149,"1380 Lawrence Street, Lawrence Street Center, Suite 1400, Denver, CO - 80217-3364"
University of Colorado Colorado Springs,-104.800296,38.892735,"1420 Austin Bluffs Parkway, Colorado Springs, CO - 80918"
Spartan College of Aeronautics and Technology,-105.119096,39.914822,"10851 W 120th Ave, Broomfield, CO - 80021-3465"
University of Colorado Boulder,-105.270823,40.008781,"Regent Drive at Broadway, Boulder, CO - 80309-0017"
Colorado Christian University,-105.09456,39.71388,"8787 West Alameda Avenue, Lakewood, CO - 80226"
Colorado College,-104.822697,38.84886,"14. E Cache La Poudre St., Colorado Springs, CO - 80903"
Concorde Career College-Aurora,-104.867089,39.718699,"111 N. Havana Street, Aurora, CO - 80010-4314"
Colorado Mountain College,-107.324441,39.54636,"802 Grand Ave., Glenwood Springs, CO - 81601-0233"
Colorado Northwestern Community College,-108.790048,40.081112,"500 Kennedy Drive, Rangely, CO - 81648-3598"
Colorado School of Mines,-105.223364,39.751443,"1500 Illinois St, Golden, CO - 80401"
Colorado School of Trades,-105.104174,39.74181,"1575 Hoyt St, Lakewood, CO - 80215-2996"
Colorado State University-Fort Collins,-105.080732,40.574805,"102 Administration Building, Fort Collins, CO - 80523-0100"
Colorado Technical University-Colorado Springs,-104.85716,38.895069,"1575 Garden of the Gods Road, Suite 100, Colorado Springs, CO - 80907-3812"
Community College of Aurora,-104.802673,39.71788,"16000 E CentreTech Pky, Aurora, CO - 80011-9036"
Technical College of the Rockies,-108.031072,38.702524,"1765 hwy 50, Delta, CO - 81416"
Community College of Denver,-105.001044,39.741413,"1111 W. Colfax Ave., Denver, CO - 80204-2026"
Lincoln College of Technology-Denver,-104.856171,39.77651,"11194 E 45th Ave, Denver, CO - 80239"
Denver Seminary,-105.022363,39.600595,"6399 S. Santa Fe Drive, Littleton, CO - 80120"
University of Denver,-104.963259,39.678005,"2199 S. University Blvd, Denver, CO - 80208"
Emily Griffith Technical College,-104.985751,39.74575,"1860 Lincoln Street, Denver, CO - 80203"
Fort Lewis College,-107.867422,37.275939,"1000 Rim Drive, Durango, CO - 81301-3999"
Front Range Community College,-105.038068,39.901452,"3645 W 112th Ave, Westminster, CO - 80031"
Iliff School of Theology,-104.960657,39.675927,"2323 E. Iliff Ave., Denver, CO - 80210-4798"
International Salon and Spa Academy,-104.786252,38.913621,"5707 N Academy Blvd, Colorado Springs, CO - 80918-3684"
Lamar Community College,-102.616144,38.068886,"2401 S Main St, Lamar, CO - 81052-3999"
Colorado Mesa University,-108.553275,39.080643,"1100 North Avenue, Grand Junction, CO - 81501-3122"
Metropolitan State University of Denver,-105.00504,39.744202,"Speer Blvd and Colfax Ave, Denver, CO - 80217-3362"
Morgan Community College,-103.771822,40.258792,"920 Barlow Road, Fort  Morgan, CO - 80701"
Naropa University,-105.266987,40.014235,"2130 Arapahoe Ave, Boulder, CO - 80302-6697"
Nazarene Bible College,-104.803251,38.944824,"1465 Kelly Johnson Blvd, Colorado Springs, CO - 80920"
Northeastern Junior College,-103.197329,40.637215,"100 College Avenue, Sterling, CO - 80751-2944"
University of Northern Colorado,-104.692777,40.410855,"Carter Hall - Rm 4000, Greeley, CO - 80639"
Otero College,-103.544874,37.969984,"1802 Colorado Avenue, La Junta, CO - 81050"
Pikes Peak State College,-104.787261,38.764287,"5675 S Academy Blvd, Colorado Springs, CO - 80906-5498"
Pueblo Community College,-104.636258,38.262124,"900 W Orman Ave, Pueblo, CO - 81004-1499"
Red Rocks Community College,-105.150094,39.720277,"13300 W Sixth Ave, Lakewood, CO - 80228-1255"
Regis University,-105.030756,39.788175,"3333 Regis Blvd, Denver, CO - 80221-1099"
Rocky Mountain College of Art and Design,-105.069911,39.74332,"1600 Pierce St, Lakewood, CO - 80214"
Montessori Education Center of the Rockies,-104.943415,39.762942,"3975 Martin Luther King Blvd., Denver, CO - 80205"
Colorado State University Pueblo,-104.579033,38.30859,"2200 Bonforte Blvd, Pueblo, CO - 81001-4901"
Pickens Technical College,-104.789683,39.723705,"500 Airport Blvd, Aurora, CO - 80011-9307"
Intellitec College-Colorado Springs,-104.78721,38.832183,"2315 East Pikes Peak Avenue, Colorado Springs, CO - 80909-6096"
Intellitec College-Grand Junction,-108.53062,39.116346,"772 Horizon Dr., Grand Junction, CO - 81506"
Trinidad State College,-104.513451,37.172059,"600 Prospect Street, Trinidad, CO - 81082"
University of Colorado System Office,-104.983277,39.74521,"1800 Grant St, Denver, CO - 80203-1187"
United States Air Force Academy,-104.891358,39.010957,"2304 Cadet Drive, Suite 3800, USAF Academy, CO - 80840-5002"
Empire Beauty School-Thornton,-104.94357,39.915253,"3811 E 120th Ave, Thornton, CO - 80233"
Western Colorado University,-106.919132,38.549936,"1 Western Way, Gunnison, CO - 81231"
Albertus Magnus College,-72.923848,41.332519,"700 Prospect St, New Haven, CT - 06511-1189"
Asnuntuck Community College,-72.570177,41.998409,"170 Elm St, Enfield, CT - 06082"
Bais Binyomin Academy,-74.078802,41.123013,"51 Carlton Road, Monsey, NY - 10952"
University of Bridgeport,-73.190166,41.164741,"126 Park Avenue, Bridgeport, CT - 06604-5620"
Central Connecticut State University,-72.765991,41.692502,"1615 Stanley St, New Britain, CT - 06050"
Charter Oak State College,-72.781239,41.666848,"185 Main Street, New Britain, CT - 06051"
Cortiva Institute,-72.678562,41.604041,"45 Shunpike Road, Suite 10, Cromwell, CT - 06416"
Connecticut College,-72.107321,41.379833,"270 Mohegan Avenue, New London, CT - 06320-4196"
Porter & Chester Institute of Hamden,-72.931908,41.346568,"1245 Dixwell Avenue, Hamden, CT - 06514"
University of Connecticut,-72.249948,41.809098,"352 Mansfield Road, Storrs, CT - 06269"
Goodwin University,-72.64032,41.742977,"One Riverside Drive, East Hartford, CT - 06118"
Lincoln Technical Institute-East Windsor,-72.596915,41.924248,"97 Newberry Road, East Windsor, CT - 06088"
Eastern Connecticut State University,-72.218753,41.721673,"83 Windham St, Willimantic, CT - 06226"
Fairfield University,-73.255903,41.157673,"1073 N Benson Rd, Fairfield, CT - 06824-5195"
Paul Mitchell the School-North Haven,-72.85745,41.394495,"97 Washington Avenue, North Haven, CT - 06473"
Connecticut State Community College,-72.672734,41.768397,"950 Main Street, Hartford, CT - 06103"
Rensselaer at Hartford,-72.673916,41.773462,"275 Windsor St, Hartford, CT - 06120"
American Institute-West Hartford,-72.725762,41.727016,"99 South Street, West Hartford, CT - 06110-1922"
Hartford International University for Religion and Peace,-72.707766,41.769861,"77 Sherman Street, Hartford, CT - 06105-2260"
University of Hartford,-72.715213,41.798591,"200 Bloomfield Ave, West Hartford, CT - 06117-1599"
Holy Apostles College and Seminary,-72.647853,41.60682,"33 Prospect Hill Road, Cromwell, CT - 06416-2005"
Connecticut State Community College Housatonic,-73.191003,41.175228,"900 Lafayette Blvd, Bridgeport, CT - 06604-4704"
Manchester Community College,-72.561939,41.761625,"Great Path, Manchester, CT - 06040"
Naugatuck Valley Community College,-73.072963,41.549749,"750 Chase Parkway, Waterbury, CT - 06708-3089"
Middlesex Community College,-72.611838,41.539516,"100 Training Hill Rd, Middletown, CT - 06457-4829"
Mitchell College,-72.09523,41.328013,"437 Pequot Avenue, New London, CT - 06320"
Three Rivers Community College,-72.103039,41.509945,"574 New London Turnpike, Norwich, CT - 06360"
Lincoln Technical Institute-New Britain,-72.754498,41.659236,"200 John Downey Dr, New Britain, CT - 06051"
New England Tractor Trailer Training School of Connecticut,-72.450218,41.979699,"32 Field Rd, Somers, CT - 06071"
University of New Haven,-72.961472,41.291314,"300 Boston Post Road, West Haven, CT - 06516-1916"
Connecticut State Community College Norwalk,-73.450965,41.102574,"188 Richards Avenue, Norwalk, CT - 06854"
Northwestern Connecticut Community College,-73.058734,41.920668,"Park Pl E, Winsted, CT - 06098"
Paier College,-73.194727,41.163451,"84 iranistan Ave, Bridgeport, CT - 06606"
Porter & Chester Institute,-73.187731,41.200813,"156 Boston Avenue, Bridgeport, CT - 06610"
Post University,-73.081497,41.535549,"800 Country Club Rd, Waterbury, CT - 06723"
Quinebaug Valley Community College,-71.889673,41.82623,"742 Upper Maple St, Danielson, CT - 06239-1436"
Quinnipiac University,-72.894117,41.418915,"275 Mt Carmel Ave, Hamden, CT - 06518"
Sacred Heart University,-73.243332,41.220893,"5151 Park Ave, Fairfield, CT - 06825-1000"
University of Saint Joseph,-72.72965,41.781041,"1678 Asylum Avenue, West Hartford, CT - 06117"
Connecticut State Community College Gateway,-72.927682,41.303785,"20 Church Street, New Haven, CT - 06510"
Southern Connecticut State University,-72.947897,41.333225,"501 Crescent Street, New Haven, CT - 06515-1355"
Trinity College,-72.690882,41.747451,"300 Summit St, Hartford, CT - 06106-3100"
Connecticut State Community College Tunxis,-72.87754,41.705498,"271 Scott Swamp Road, Farmington, CT - 06032-3187"
United States Coast Guard Academy,-72.101583,41.375823,"15 Mohegan Avenue, New London, CT - 06320-4195"
Wesleyan University,-72.657146,41.554665,"45 Wyllys Avenue, Middletown, CT - 06459"
Western Connecticut State University,-73.444264,41.400365,"181 White Street, Danbury, CT - 06810-6826"
Yale University,-72.926688,41.311158,"Woodbridge Hall, New Haven, CT - 06520"
Margaret H Rollins School of Nursing at Beebe Medical Center,-75.142864,38.771565,"424 Savannah Rd, Lewes, DE - 19958"
Dawn Career Institute LLC,-75.677768,39.668605,"252 Chapman Road, Suite 100, Newark, DE - 19702"
Delaware Technical Community College-Central Office,-75.5582,39.20109,"1832 North Dupont Highway, Dover, DE - 19901"
Delaware Technical Community College-Terry,-75.56012,39.198371,"100 Campus Drive, Dover, DE - 19901"
Delaware State University,-75.54053,39.187173,"1200 N. Dupont Highway, Dover, DE - 19901"
University of Delaware,-75.752822,39.679577,"104 Hullihen Hall, Newark, DE - 19716"
Goldey-Beacom College,-75.689624,39.741501,"4701 Limestone Rd, Wilmington, DE - 19808"
Schilling-Douglas School of Hair Design,-75.74178,39.711442,"211 Louviers Drive, Newark, DE - 19711"
Wilmington University,-75.586998,39.682299,"320 Dupont Hwy, New Castle, DE - 19720"
American University,-77.088875,38.936005,"4400 Massachusetts Ave NW, Washington, DC - 20016-8001"
The Catholic University of America,-76.997909,38.933651,"620 Michigan Avenue, NE, Washington, DC - 20064"
University of the District of Columbia,-77.066247,38.943819,"4200 Connecticut Ave NW, Washington, DC - 20008"
Pontifical Faculty of the Immaculate Conception at the Dominican House of Studies,-76.998724,38.931652,"487 Michigan Ave, NE, Washington, DC - 20017-1585"
Gallaudet University,-76.993675,38.907371,"800 Florida Ave, NE, Washington, DC - 20002-3695"
George Washington University,-77.048363,38.89923,"1918 F Street, NW, Washington, DC - 20052"
Georgetown University,-77.073463,38.908809,"37th and O St NW, Washington, DC - 20057-0001"
Howard University,-77.018966,38.922392,"2400 Sixth St NW, Washington, DC - 20059"
Strayer University-District of Columbia,-77.034133,38.904881,"1133 15th St NW, Washington, DC - 20005"
National Conservatory of Dramatic Arts,-77.065095,38.910024,"1556 Wisconsin Ave NW, Washington, DC - 20007"
Trinity Washington University,-77.004261,38.927398,"125 Michigan Ave NE, Washington, DC - 20017-1094"
Wesley Theological Seminary,-77.08996,38.939606,"4500 Massachusetts Ave., NW, Washington, DC - 20016-5690"
Atlantic Technical College,-80.192271,26.24278,"4700 Coconut Creek Parkway, Coconut Creek, FL - 33063-3902"
Baptist University of Florida,-85.503931,30.962708,"5400 College Dr, Graceville, FL - 32440"
Barry University,-80.198925,25.878908,"11300 NE 2nd Ave, Miami, FL - 33161-6695"
Bethune-Cookman University,-81.032946,29.207195,"640 Dr Mary McLeod Bethune Blvd, Daytona Beach, FL - 32114-3099"
Lynn University,-80.122806,26.385985,"3601 N. Military Trail, Boca Raton, FL - 33431-5598"
North Florida Technical College,-82.117224,29.952308,"609 N Orange St, Starke, FL - 32091"
Eastern Florida State College,-80.670781,28.170002,"3865 North Wickham Rd, Melbourne, FL - 32935"
Broward College,-80.14183,26.119422,"111 East Las Olas Blvd, Fort Lauderdale, FL - 33301"
Albizu University-Miami,-80.354942,25.795181,"2173 N.W. 99th Avenue, Miami, FL - 33172-2209"
College of Central Florida,-82.175692,29.166079,"3001 SW College Rd, Ocala, FL - 34474"
Johnson University Florida,-81.363053,28.302547,"1011 Bill Beck Blvd, Kissimmee, FL - 34744"
University of Central Florida,-81.200889,28.602159,"4000 Central Florida Blvd, Orlando, FL - 32816"
Charlotte Technical College,-82.147238,27.005558,"18150 Murdock Circle, Port Charlotte, FL - 33948-3399"
Chipola College,-85.23139,30.789228,"3094 Indian Circle, Marianna, FL - 32446-2053"
Lorenzo Walker Technical College,-81.763568,26.141141,"3702 Estey Avenue, Naples, FL - 34104-4405"
Daytona State College,-81.049513,29.20278,"1200 W. International Speedway Blvd., Daytona Beach, FL - 32114"
South University-West Palm Beach,-80.200219,26.69215,"9801 Belvedere Road, Royal Palm Beach, FL - 33411"
Eckerd College,-82.687043,27.715798,"4200 54th Ave S, Saint Petersburg, FL - 33711-4700"
Florida SouthWestern State College,-81.887102,26.552403,"8099 College Parkway, Fort Myers, FL - 33919"
Edward Waters University,-81.684879,30.34479,"1658 Kings Rd, Jacksonville, FL - 32209"
Embry-Riddle Aeronautical University-Daytona Beach,-81.048367,29.189903,"1 Aerospace Blvd., Daytona Beach, FL - 32114-3900"
Florida Agricultural and Mechanical University,-84.290226,30.428504,"1500 S Martin Luther King Jr Blvd, Tallahassee, FL - 32307"
Florida Atlantic University,-80.102978,26.372421,"777 Glades Rd, Administration Bldg., Room 339, Boca Raton, FL - 33431-0991"
Florida State College at Jacksonville,-81.659901,30.334918,"501 W State St, Jacksonville, FL - 32202"
Flagler College,-81.314887,29.892733,"74 King Street, Saint Augustine, FL - 32084"
Florida College,-82.383289,28.034936,"119 N Glen Arven Ave, Temple Terrace, FL - 33617"
Concorde Career Institute-Jacksonville,-81.581748,30.23886,"7259 Salisbury Road, Jacksonville, FL - 32256-6905"
Concorde Career Institute-Miramar,-80.291516,25.977088,"10933 Marks Way, Miramar, FL - 33025"
Concorde Career Institute-Tampa,-82.514341,27.959148,"4202 W Spruce, Tampa, FL - 33607-4127"
AdventHealth University,-81.367687,28.576142,"671 Winyah Drive, Orlando, FL - 32803"
Florida Institute of Technology,-80.623123,28.065773,"150 West University Boulevard, Melbourne, FL - 32901-6975"
Florida International University,-80.373928,25.75732,"11200 S. W. 8 Street, Miami, FL - 33199"
The College of the Florida Keys,-81.74446,24.582748,"5901 College Rd, Key West, FL - 33040"
Florida Memorial University,-80.270753,25.918278,"15800 NW 42 Avenue, Miami Gardens, FL - 33054-6199"
Florida Career College-Miami,-80.36778,25.756567,"1321 SW 107 Avenue, Suite 201B, Miami, FL - 33174-2521"
Florida School of Massage,-82.338273,29.593428,"6421 SW 13th St, Gainesville, FL - 32608-5419"
Florida Southern College,-81.948203,28.032443,"111 Lake Hollingsworth Dr, Lakeland, FL - 33801-5698"
Florida State University,-84.295064,30.443147,"222 S. Copeland Street, Tallahassee, FL - 32306-1037"
University of Florida,-82.347911,29.64629,"Tigert Hall, Gainesville, FL - 32611"
Fort Pierce Beauty Academy,-80.325377,27.411962,"3028 S US 1, Fort Pierce, FL - 34982-6333"
Full Sail University,-81.301286,28.596546,"3300 University Blvd, Winter Park, FL - 32792-7429"
George Stone Technical College,-87.290659,30.487547,"2400 Longleaf Dr, Pensacola, FL - 32526-8922"
George T Baker Aviation Technical College,-80.263591,25.804092,"3275 NW 42nd Ave, Miami, FL - 33142"
Gulf Coast State College,-85.727918,30.185542,"5230 West U.S. Highway 98, Panama City, FL - 32401"
Key College,-80.108183,26.166983,"2810 East Oakland Park Blvd., #305, Fort Lauderdale, FL - 33306-1801"
Hillsborough Community College,-82.456253,27.934888,"39 Columbia Drive, Tampa, FL - 33606-3584"
Hobe Sound Bible College,-80.13184,27.066304,"11298 SE Gomez Ave, Hobe Sound, FL - 33455"
Hollywood Institute of Beauty Careers,-80.209125,26.007139,"420 S. State Rd. 7, Hollywood, FL - 33023"
Cortiva Institute,-82.680031,27.793547,"2370 34th Street North, St. Petersburg, FL - 33713"
Indian River State College,-80.358682,27.42416,"3209 Virginia Ave, Fort Pierce, FL - 34981-5596"
International Academy,-80.997811,29.162159,"2550 S Ridgewood Ave, South Daytona, FL - 32119"
AI Miami International University of Art and Design,-80.18839,25.790008,"1501 Biscayne Boulevard, Suite 100, Miami, FL - 33132-1418"
Jacksonville University,-81.60458,30.353227,"2800 University Blvd N, Jacksonville, FL - 32211-3394"
Keiser University-Ft Lauderdale,-80.163959,26.185869,"1500 NW 49th St., Fort Lauderdale, FL - 33309"
La Belle Beauty School,-80.312711,25.86695,"1495 West 49 Street, Hialeah, FL - 33012"
Florida Gateway College,-82.5679,30.175298,"Highway 90 East, Lake City, FL - 32025-2007"
Lake Technical College,-81.690874,28.833446,"2001 Kurt Street, Eustis, FL - 32726"
Lake-Sumter State College,-81.797193,28.828649,"9501 US Hwy 441, Leesburg, FL - 34788-8751"
Fort Myers Technical College,-81.836596,26.647517,"3800 Michigan Ave, Fort Myers, FL - 33916-2204"
Lively Technical College,-84.339057,30.448534,"500 N Appleyard Dr, Tallahassee, FL - 32304-2895"
Lindsey Hopkins Technical College,-80.208154,25.794676,"750 NW 20 Street, Miami, FL - 33127"
Loraines Academy & Spa,-82.713964,27.783077,"1012 58th St N, Saint Petersburg, FL - 33710"
Luther Rice College & Seminary,-84.123179,33.698126,"3038 Evans Mill Road, Lithonia, GA - 30038-9869"
State College of Florida-Manatee-Sarasota,-82.590887,27.43804,"5840 26th St W, Bradenton, FL - 34207"
Manatee Technical College,-82.481088,27.447894,"6305 State Rd 70 East, Bradenton, FL - 34203"
Traviss Technical College,-81.892381,27.995822,"3225 Winter Lake Rd, Lakeland, FL - 33803"
Merryfield Academy,-80.129991,26.19044,"5040 Northeast 13 Avenue, Oakland Park, FL - 33334-4925"
Trinity International University-Florida,-80.417646,25.68307,"9010 SW 137th Ave, Suite #101, Miami, FL - 33186"
Miami Lakes Educational Center and Technical College,-80.294424,25.915514,"5780 NW 158th Street, Miami Lakes, FL - 33014"
Miami Dade College,-80.190856,25.777717,"300 NE 2nd Avenue, Miami, FL - 33132-2204"
University of Miami,-80.278662,25.72126,"University of Miami, Coral Gables, FL - 33146"
Orange Technical College-South Campus,-81.415996,28.471695,"2900 West Oak Ridge Road, Orlando, FL - 32809"
Paul Mitchell the School-Jacksonville,-81.527515,30.259433,"4624 Town Crossing Drive, Suite 155, Jacksonville, FL - 32246"
North Florida College,-83.420732,30.473841,"325 NW Turner Davis Dr, Madison, FL - 32340"
University of North Florida,-81.509144,30.27194,"1 UNF Drive, Jacksonville, FL - 32224-7699"
Nova Southeastern University,-80.249891,26.082288,"3300 S. University Drive, Fort Lauderdale, FL - 33328-2004"
Northwest Florida State College,-86.47456,30.540017,"100 College Boulevard, Niceville, FL - 32578-1295"
Orange Technical College,-81.383783,28.550422,"301 W Amelia Street, Orlando, FL - 32801-1197"
Palm Beach Atlantic University,-80.05247,26.7044,"901 S. Flagler Drive, West Palm Beach, FL - 33401"
Palm Beach State College,-80.08653,26.61256,"4200 Congress Ave, Lake Worth, FL - 33461-4796"
Pasco-Hernando State College,-82.646727,28.2751,"10230 Ridge Road, New Port Richey, FL - 34654-5199"
Pensacola State College,-87.200265,30.479267,"1000 College Blvd, Pensacola, FL - 32504-8998"
Pinellas Technical College-Clearwater,-82.719064,27.911922,"6100 154th Avenue North, Clearwater, FL - 33760-2140"
Polk State College,-81.711873,28.032411,"999 Avenue H NE, Winter Haven, FL - 33881-4299"
Radford M Locklin Technical College,-87.09971,30.648077,"5330 Berryhill Rd, Milton, FL - 32570-8188"
Saint Vincent de Paul Regional Seminary,-80.125185,26.516538,"10701 South Military Trail, Boynton Beach, FL - 33436-4899"
Ridge Technical College,-81.654463,28.076632,"7700 State Rd 544, Winter Haven, FL - 33881-9518"
Ringling College of Art and Design,-82.547803,27.360931,"2700 North Tamiami Trail, Sarasota, FL - 34234-5895"
Robert Morgan Educational Center and Technical College,-80.390054,25.599247,"18180 SW 122nd Ave, Miami, FL - 33177-2427"
Rollins College,-81.349239,28.592787,"1000 Holt Avenue, Winter Park, FL - 32789-4499"
First Coast Technical College,-81.345829,29.924377,"2980 Collins Ave, Saint Augustine, FL - 32084-1919"
Saint Leo University,-82.257801,28.336776,"33701 County Road 52, Saint Leo, FL - 33574-6665"
St Petersburg College,-82.636587,27.773264,"244 Second Ave. N, St. Petersburg, FL - 33701"
Pinellas Technical College-St. Petersburg,-82.681534,27.761183,"901 34th St S, Saint Petersburg, FL - 33711-2209"
Santa Fe College,-82.433143,29.681037,"3000 Northwest 83rd Street, Gainesville, FL - 32606-6210"
Suncoast Technical College,-82.500827,27.285486,"4748 Beneva Rd, Sarasota, FL - 34233-1798"
Seminole State College of Florida,-81.308003,28.745482,"100 Weldon Blvd, Sanford, FL - 32773-6199"
Sheridan Technical College,-80.198024,26.031736,"5400 Sheridan St, Hollywood, FL - 33021"
St. John Vianney College Seminary,-80.337411,25.742579,"2900 SW 87th Ave, Miami, FL - 33165-3244"
Saint Johns River State College,-81.681387,29.647516,"5001 Saint Johns Ave, Palatka, FL - 32177"
South Florida State College,-81.508667,27.56974,"600 W College Dr, Avon Park, FL - 33825-9356"
University of South Florida,-82.413232,28.061458,"4202 East Fowler Ave, Tampa, FL - 33620-9951"
St. Thomas University,-80.253273,25.922071,"16401 NW 37th Ave, Miami Gardens, FL - 33054-6459"
Stetson University,-81.300746,29.035475,"421 N Woodland Blvd, DeLand, FL - 32723"
Southeastern University,-81.918382,28.029733,"1000 Longfellow Blvd, Lakeland, FL - 33801-6034"
Bene's Career Academy,-82.728584,28.259612,"7027 US Highway 19, New Port Richey, FL - 34652"
Riveroak Technical College,-82.992512,30.281999,"415 SW Pinewood Dr, Live Oak, FL - 32064"
Tallahassee Community College,-84.339,30.443866,"444 Appleyard Dr, Tallahassee, FL - 32304-2895"
Talmudic College of Florida,-80.136293,25.811996,"4000 Alton Rd, Miami Beach, FL - 33140-3854"
Altierus Career College-Tampa,-82.497616,27.996582,"3319 W Hillsborough Ave, Tampa, FL - 33614-5801"
The University of Tampa,-82.46483,27.948455,"401 W Kennedy Blvd, Tampa, FL - 33606-1490"
Big Bend Technical College,-83.565783,30.077954,"3233 South Byron Butler Parkway, Perry, FL - 32348"
Tom P. Haney Technical College,-85.646585,30.203363,"3016 Hwy 77 N, Panama City, FL - 32405"
Trinity Baptist College,-81.79626,30.311171,"800 Hammond Blvd, Jacksonville, FL - 32221"
Trinity College of Florida,-82.678318,28.194732,"2430 Welbilt Boulevard, Trinity, FL - 34655-4401"
Valencia College,-81.464275,28.520783,"1800 S Kirkman Road, Orlando, FL - 32811"
Warner University,-81.599972,27.825751,"13895 Hwy 27, Lake Wales, FL - 33859-8797"
Florida Panhandle Technical College,-85.553345,30.77449,"757 Hoyt Street, Chipley, FL - 32428-1618"
Webber International University,-81.532315,27.838778,"1201 N Scenic Hwy, Babson Park, FL - 33827-0096"
Rasmussen University-Florida,-82.197343,29.140099,"4755 Southwest 46th Court, Ocala, FL - 34474-6226"
University of West Florida,-87.218511,30.549076,"11000 University Parkway, Pensacola, FL - 32514-5750"
Orange Technical College-West Campus,-81.571532,28.559574,"955 E Story Rd, Winter Garden, FL - 34787-3733"
William T McFatter Technical College,-80.232201,26.085022,"6500 Nova Drive, Davie, FL - 33317"
Orange Technical College-East Campus,-81.36174,28.604386,"901 W. Webster Avenue, Winter Park, FL - 32789-3049"
Withlacoochee Technical College,-82.345563,28.834861,"1201 W Main St, Inverness, FL - 34450-4301"
Abraham Baldwin Agricultural College,-83.528281,31.481889,"2802 Moore Hwy, Tifton, GA - 31793-2601"
Agnes Scott College,-84.295459,33.769268,"141 E. College Ave., Decatur, GA - 30030-3770"
Interactive College of Technology-Chamblee,-84.304381,33.886966,"5303 New Peachtree Rd, Chamblee, GA - 30341"
Interactive College of Technology-Morrow,-84.336098,33.57233,"1580 Southlake Parkway  Suite C, Morrow, GA - 30260"
Albany Technical College,-84.174284,31.55434,"1704 South Slappey Boulevard, Albany, GA - 31701"
Albany State University,-84.141825,31.56928,"504 College Drive, Albany, GA - 31705"
Andrew College,-84.795021,31.772321,"501College St, Cuthbert, GA - 39840-5550"
The Art Institute of Atlanta,-84.355252,33.936024,"6600 Peachtree Dunwoody Rd., N.E., 100 Embassy Row, Atlanta, GA - 30328-1635"
Georgia Career Institute,-84.018321,33.64336,"900 Flat Shoals Road SE, Conyers, GA - 30094"
Atlanta Technical College,-84.404995,33.712009,"1560 Metropolitan Pkwy SW, Atlanta, GA - 30310-4446"
Point University,-85.184931,32.87912,"507 West 10th Street, West Point, GA - 31833"
Atlanta Metropolitan State College,-84.404659,33.70893,"1630 Metropolitan Parkway, SW, Atlanta, GA - 30310-4448"
Atlanta's John Marshall Law School,-84.385603,33.76128,"245 Peachtree Center Ave. NE, Suite 1900, Atlanta, GA - 30303"
Atlanta School of Massage,-84.311332,33.922131,"2 Dunwoody Park South, Atlanta, GA - 30338"
Clark Atlanta University,-84.412584,33.747628,"223 James P Brawley Drive, SW, Atlanta, GA - 30314-4391"
Augusta Technical College,-82.048439,33.418992,"3200 Augusta Tech Drive, Augusta, GA - 30906"
Berry College,-85.189202,34.290414,"2277 Martha Berry Hwy NW, Mount Berry, GA - 30149"
Beulah Heights University,-84.35768,33.736993,"892 Berne St SE, Atlanta, GA - 30316"
Brenau University,-83.821513,34.303117,"500 Washington Street SE, Gainesville, GA - 30501-3668"
Brewton-Parker College,-82.586136,32.185718,"201 David-Eliza Fountain Circle, Mount Vernon, GA - 30445"
College of Coastal Georgia,-81.486169,31.181983,"One College Drive, Brunswick, GA - 31520-3644"
West Georgia Technical College,-85.183666,33.691657,"176 Murphy Campus Blvd., Waco, GA - 30182"
Clayton  State University,-84.328174,33.594079,"2000 Clayton State Boulevard, Morrow, GA - 30260-0285"
Columbia Theological Seminary,-84.281695,33.764292,"701 S. Columbia Dr, Decatur, GA - 30030-4118"
Columbus Technical College,-84.978551,32.508076,"928 Manchester Expressway, Columbus, GA - 31904-6572"
Columbus State University,-84.94106,32.50096,"4225 University Ave, Columbus, GA - 31907-5645"
Georgia Northwestern Technical College,-85.171361,34.224673,"One Maurice Culberson Drive, Rome, GA - 30161"
Covenant College,-85.375066,34.965161,"14049 Scenic Highway, Lookout Mountain, GA - 30750-4164"
Dalton State College,-85.002775,34.774221,"650 College Drive, Dalton, GA - 30720-3797"
Pro Way Hair School,-84.205183,33.801802,"5684 Memorial Dr, Stone Mountain, GA - 30083-3254"
South University-Savannah,-81.105531,31.999481,"709 Mall Blvd, Savannah, GA - 31406"
East Georgia State College,-82.309021,32.594944,"131 College Circle, Swainsboro, GA - 30401"
Emmanuel University,-83.14822,34.283641,"181 Spring St, Franklin Springs, GA - 30639"
Emory University,-84.325512,33.790183,"201 Dowman Drive, Atlanta, GA - 30322"
Georgia Highlands College,-85.207356,34.169791,"3175 Cedartown Highway, S.E., Rome, GA - 30161-3897"
Fort Valley State University,-83.89537,32.537595,"1005 State University Dr, Fort Valley, GA - 31030-4313"
Grady Health System Professional Schools,-84.381561,33.751852,"80 Jesse Hill Jr Drive, SE, Atlanta, GA - 30303-3050"
Georgia Institute of Technology-Main Campus,-84.394832,33.77242,"225 North Ave, Atlanta, GA - 30332-0530"
Georgia Southwestern State University,-84.217738,32.054662,"800 Georgia Southwestern State University Dr., Americus, GA - 31709-4693"
Georgia College & State University,-83.231962,33.082787,"231 W Hancock Street, Milledgeville, GA - 31061"
Georgia Southern University,-81.784045,32.426153,"1332 Southern Drive, Statesboro, GA - 30460-8126"
Georgia State University,-84.38667,33.7527,"33 Gilmer St, Atlanta, GA - 30303-3083"
University of Georgia,-83.374039,33.956262,"Administration Building, Athens, GA - 30602"
Gordon State College,-84.154508,33.04571,"419 College Dr, Barnesville, GA - 30204"
Southern Crescent Technical College,-84.291662,33.255438,"501 Varsity Rd, Griffin, GA - 30223-2042"
Gupton Jones College of Funeral Service,-84.179775,33.710709,"5141 Snapfinger Woods Dr, Decatur, GA - 30035-4022"
Gwinnett College-Lilburn,-84.121874,33.901271,"4230 Hwy 29 Ste 11, Lilburn, GA - 30047-3447"
Gwinnett Technical College,-84.066224,33.962763,"5150 Sugarloaf Parkway, Lawrenceville, GA - 30043-5702"
Interdenominational Theological Center,-84.409207,33.752338,"700 Martin Luther King Jr Dr SW, Atlanta, GA - 30314-4143"
LaGrange College,-85.043113,33.038564,"601 Broad Street, Lagrange, GA - 30240-2999"
Lanier Technical College,-83.778107,34.330323,"2535 Lanier Tech Drive, Gainesville, GA - 30507"
Life University,-84.514729,33.932781,"1269 Barclay Circle, Marietta, GA - 30060"
Chattahoochee Technical College,-84.553722,33.929092,"980 S Cobb Drive Dr SE, Marietta, GA - 30060"
Herzing University-Atlanta,-84.387251,33.754218,"50 Hurt Plaza SE  Ste. 400, Atlanta, GA - 30303"
Mercer University,-83.649392,32.829134,"1501 Mercer University Drive, Macon, GA - 31207"
Morehouse College,-84.414917,33.745982,"830 Westview Dr SW, Atlanta, GA - 30314"
Morehouse School of Medicine,-84.41186,33.742888,"720 Westview Drive, S.W., Atlanta, GA - 30310"
Morris Brown College,-84.407668,33.753707,"643 Martin Luther King Jr Drive NW, Atlanta, GA - 30314-4140"
North Georgia Technical College,-83.530118,34.639721,"1500 Georgia Hwy 197 N, Clarkesville, GA - 30523"
Oglethorpe University,-84.333687,33.875441,"4484 Peachtree Road, NE, Atlanta, GA - 30319-2797"
Paine College,-81.993225,33.469545,"1235 15th St, Augusta, GA - 30901-3182"
Piedmont University,-83.542126,34.566042,"1021 Central Ave, Demorest, GA - 30535-0010"
Miami Ad School-Atlanta,-84.384562,33.790763,"1315 Peachtree Street, 3rd Floor, Atlanta, GA - 30309"
Reinhardt University,-84.554264,34.319756,"7300 Reinhardt Circle, Waleska, GA - 30183-2981"
Savannah Technical College,-81.114753,32.023211,"5717 White Bluff Rd, Savannah, GA - 31405-5594"
Savannah College of Art and Design,-81.09395,32.072964,"342 Bull St, Savannah, GA - 31402-3146"
Savannah State University,-81.063377,32.024781,"3219 College Street, Savannah, GA - 31404-5310"
Shorter University,-85.196529,34.257543,"315 Shorter Ave, Rome, GA - 30165"
South Georgia Technical College,-84.188321,32.116663,"900 South GA Tech Parkway, Americus, GA - 31709"
Spelman College,-84.411527,33.745279,"350 Spelman Lane SW, Atlanta, GA - 30314-4399"
Thomas University,-83.963587,30.815576,"1501 Millpond Rd, Thomasville, GA - 31792"
Toccoa Falls College,-83.357617,34.593414,"107 Kincaid Drive, Toccoa Falls, GA - 30598"
Truett McConnell University,-83.748911,34.596306,"100 Alumni Dr, Cleveland, GA - 30528"
Wiregrass Georgia Technical College,-83.35381,30.889221,"4089 Val Tech Rd, Valdosta, GA - 31602-0929"
Valdosta State University,-83.289282,30.847402,"1500 N Patterson St, Valdosta, GA - 31698"
Wesleyan College,-83.715417,32.876037,"4760 Forsyth Road, Macon, GA - 31210-4462"
University of West Georgia,-85.097762,33.573621,"1601 Maple St, Carrollton, GA - 30118-0001"
Young Harris College,-83.84587,34.933523,"1 College Street, Young Harris, GA - 30582"
Chaminade University of Honolulu,-157.807851,21.28995,"3140 Waialae Avenue, Honolulu, HI - 96816-1578"
University of Hawaii at Hilo,-155.080847,19.701189,"200 W Kawili St, Hilo, HI - 96720-4091"
University of Hawaii at Manoa,-157.818979,21.298598,"2500 Campus Road, Honolulu, HI - 96822-2217"
Hawaii Institute of Hair Design,-157.861609,21.31146,"1128 Nuuanu Avenue, Honolulu, HI - 96817-5195"
Hawaii Pacific University,-157.859645,21.310306,"1 Aloha Tower Drive, Honolulu, HI - 96813"
Honolulu Community College,-157.87,21.321785,"874 Dillingham Blvd, Honolulu, HI - 96817-4505"
Kapiolani Community College,-157.800213,21.27148,"4303 Diamond Head Road, Honolulu, HI - 96816-4421"
Kauai Community College,-159.395883,21.968887,"3-1901 Kaumualii Highway, Lihue, HI - 96766-9500"
Leeward Community College,-157.983771,21.39267,"96-045 Ala Ike, Pearl City, HI - 96782-3366"
University of Hawaii Maui College,-156.477252,20.88956,"310 W Kaahumanu Ave, Kahului, HI - 96732-1617"
University of Hawaii System Office,-157.816491,21.298933,"2520 Correa Road, 5th Floor, Honolulu, HI - 96822-2399"
University of Hawaii-West Oahu,-158.056403,21.35531,"91-1001 Farrington Highway, Kapolei, HI - 96707-4507"
Windward Community College,-157.813307,21.407051,"45-720 Keaahala Rd, Kaneohe, HI - 96744-3528"
Carrington College-Boise,-116.260675,43.615295,"1122 N. Liberty St., Boise, ID - 83704-8742"
Boise Bible College,-116.291321,43.658651,"8695 W Marigold St, Boise, ID - 83714-1220"
Boise State University,-116.203301,43.604284,"1910 University Dr, Boise, ID - 83725"
College of Eastern Idaho,-111.985519,43.486041,"1600 S 25th E, Idaho Falls, ID - 83404-5788"
Idaho State University,-112.432312,42.863832,"921 S 8th Ave, Pocatello, ID - 83209"
University of Idaho,-117.014167,46.727406,"875 Perimeter Drive MS 2282, Moscow, ID - 83844-2282"
The College of Idaho,-116.677992,43.652284,"2112 Cleveland Blvd, Caldwell, ID - 83605-4432"
Lewis-Clark State College,-117.024875,46.412199,"500 8th Ave, Lewiston, ID - 83501-2698"
Aveda Institute-Twin Falls,-114.461545,42.593567,"837 Pole Line Road Suite 103, Twin Falls, ID - 83301"
North Idaho College,-116.798905,47.67569,"1000 West Garden Avenue, Coeur d'Alene, ID - 83814-2199"
Northwest Nazarene University,-116.565783,43.562411,"623 S. University Blvd., Nampa, ID - 83686-5897"
Nathan Layne Institute of Cosmetology,-112.464554,42.919964,"141 East Chubbuck Road, Chubbuck, ID - 83202"
Brigham Young University-Idaho,-111.782431,43.818408,"525 S Center, Rexburg, ID - 83460-1690"
College of Southern Idaho,-114.473901,42.579837,"315 Falls Ave., Twin Falls, ID - 83301"
Adler University,-87.629156,41.882414,"17 North Dearborn Street, Chicago, IL - 60602"
American Academy of Art College,-87.624788,41.87742,"332 S Michigan Ave, Chicago, IL - 60604-4302"
American Islamic College,-87.646898,41.954969,"640 W Irving Park RD, Chicago, IL - 60613"
School of the Art Institute of Chicago,-87.625758,41.88105,"36 S Wabash, Chicago, IL - 60603"
Augustana College,-90.55057,41.502365,"639 38th St, Rock Island, IL - 61201-2296"
Aurora University,-88.349023,41.753631,"347 S Gladstone Ave, Aurora, IL - 60506-4892"
Southwestern Illinois College,-89.924466,38.516406,"2500 Carlyle Ave, Belleville, IL - 62221-5899"
Bethany Theological Seminary,-84.910689,39.826244,"615 National Rd W, Richmond, IN - 47374-4019"
Black Hawk College,-90.447799,41.477283,"6600-34th Avenue, Moline, IL - 61265-5899"
Blackburn College,-89.870241,39.287896,"700 College Ave, Carlinville, IL - 62626"
Blessing Rieman College of Nursing and Health Sciences,-91.357497,39.949641,"3609 North Marx Drive, Quincy, IL - 62305-7005"
Bradley University,-89.616786,40.696896,"1501 W BRADLEY AVE, Peoria, IL - 61625-0001"
Paul Mitchell the School-Tinley Park,-87.801816,41.556477,"18454 West Creek Drive, Tinley Park, IL - 60477-6273"
Cameo Beauty Academy,-87.740894,41.716051,"9714 S Cicero Ave., Oak Lawn, IL - 60453"
Cannella School of Hair Design-Villa Park,-87.994628,41.90417,"617 W. NORTH, Villa Park, IL - 60181"
Cannella School of Hair Design-Chicago,-87.551622,41.731381,"9012 S Commercial, Chicago, IL - 60617-4303"
Cannella School of Hair Design-Chicago,-87.701198,41.815763,"4269 S Archer Ave, Chicago, IL - 60632-2549"
Capri Beauty College,-87.771567,41.603863,"15815 Rob Roy Dr, Oak Forest, IL - 60452"
Carl Sandburg College,-90.408203,40.98128,"2400 Tom L. Wilson Boulevard, Galesburg, IL - 61401"
Catholic Theological Union at Chicago,-87.585989,41.797895,"5416 S Cornell Ave, Chicago, IL - 60615-5698"
Midwestern University-Downers Grove,-87.998342,41.828115,"555 31st Street, Downers Grove, IL - 60515-5514"
The Chicago School at Chicago,-87.63379,41.888293,"325 N Wells Street, Chicago, IL - 60654"
Chicago State University,-87.609384,41.718446,"9501 S. King Drive, Chicago, IL - 60628-1598"
Chicago Theological Seminary,-87.591178,41.785701,"1407 E. 60th Street, Chicago, IL - 60637"
University of Chicago,-87.599539,41.787994,"5801 S Ellis Ave, Chicago, IL - 60637"
City Colleges of Chicago-Kennedy-King College,-87.643425,41.780253,"6301 S Halsted St, Chicago, IL - 60621-2709"
City Colleges of Chicago-Malcolm X College,-87.675321,41.878092,"1900 W Jackson Blvd, Chicago, IL - 60612-3197"
City Colleges of Chicago-Olive-Harvey College,-87.589249,41.709997,"10001 S Woodlawn Ave, Chicago, IL - 60628-1696"
City Colleges of Chicago-Harry S Truman College,-87.659107,41.964502,"1145 W Wilson Ave., Chicago, IL - 60640-6063"
City Colleges of Chicago-Richard J Daley College,-87.723981,41.755955,"7500 S Pulaski Rd, Chicago, IL - 60652-1299"
City Colleges of Chicago-Harold Washington College,-87.626596,41.886067,"30 E Lake St, Chicago, IL - 60601-2449"
City Colleges of Chicago-Wilbur Wright College,-87.787868,41.958774,"4300 N Narragansett, Chicago, IL - 60634-1500"
Columbia College Chicago,-87.624667,41.874261,"600 South Michigan Ave, Chicago, IL - 60605-1996"
Concordia University-Chicago,-87.809482,41.898696,"7400 Augusta, River Forest, IL - 60305-1499"
City Colleges of Chicago-District Office,-87.62671,41.885452,"180 N. Wabash, Chicago, IL - 60601"
Danville Area Community College,-87.587884,40.127539,"2000 E Main St, Danville, IL - 61832-5118"
Tricoci University of Beauty Culture,-88.205972,40.117724,"202 East  University Avenue, Urbana, IL - 61801"
DePaul University,-87.62724,41.877618,"1 E Jackson Blvd, Chicago, IL - 60604"
DeVry University-Administrative Office,-88.116625,41.807204,"4225 Naperville Rd, Suite 400, Lisle, IL - 60532"
Cosmetology & Spa Academy,-88.294087,42.24918,"700 E. Terra Cotta, Crystal Lake, IL - 60014"
College of DuPage,-88.071635,41.841577,"425 Fawell Blvd., Glen Ellyn, IL - 60137-6599"
East-West University,-87.624793,41.871309,"816 S Michigan Ave, Chicago, IL - 60605"
Eastern Illinois University,-88.175658,39.479843,"600 Lincoln Avenue, Charleston, IL - 61920"
Elgin Community College,-88.32194,42.018066,"1700 Spartan Drive, Elgin, IL - 60123-7193"
Elmhurst University,-87.945369,41.897164,"190 Prospect Ave, Elmhurst, IL - 60126-3296"
Eureka College,-89.269624,40.71482,"300 E. College Avenue, Eureka, IL - 61530"
"First Institute of Travel, Inc.",-88.339468,42.21926,"790 McHenry Avenue, Crystal Lake, IL - 60014"
Fox College,-87.785169,41.563842,"18020 Oak Park Avenue, Tinley Park, IL - 60477"
Garrett-Evangelical Theological Seminary,-87.675497,42.056221,"2121 Sheridan Road, Evanston, IL - 60201-3298"
Gem City College,-91.404218,39.926394,"700 State St, Quincy, IL - 62301"
Governors State University,-87.716441,41.449103,"1 University Pky, University Park, IL - 60484"
Graham Hospital School of Nursing,-90.038776,40.552962,"210 W Walnut St, Canton, IL - 61520-2497"
Greenville University,-89.40824,38.894162,"315 E. College Ave., Greenville, IL - 62246"
G Skin & Beauty Institute,-88.083218,42.061983,"90 W Hillcrest Blvd Suite 302, Schaumburg, IL - 60195"
Hair Professionals Career College,-88.718145,41.962221,"2245 Gateway Drive, Sycamore, IL - 60178"
Hair Professionals School of Cosmetology,-88.364727,41.682591,"5460 U.S. Highway 34, Oswego, IL - 60543"
Hebrew Theological College,-87.760874,42.010103,"7135 N Carpenter Rd, Skokie, IL - 60077"
Highland Community College,-89.67342,42.283344,"2998 W Pearl City Rd, Freeport, IL - 61032-9341"
Rosalind Franklin University of Medicine and Science,-87.859632,42.300069,"3333 Green Bay Road, North Chicago, IL - 60064-3095"
University of Illinois Chicago,-87.650503,41.871837,"601 S Morgan, Chicago, IL - 60607"
Benedictine University,-88.097307,41.777569,"5700 College Rd, Lisle, IL - 60532-0900"
Illinois College of Optometry,-87.623016,41.835447,"3241 S Michigan Ave, Chicago, IL - 60616-3878"
University of Illinois Urbana-Champaign,-88.229114,40.104718,"601 E John Street, Champaign, IL - 61820-5711"
Illinois Wesleyan University,-88.992014,40.489901,"1312 N Park St, Bloomington, IL - 61702-2900"
Illinois Central College,-89.52485,40.707235,"1 College Drive, East Peoria, IL - 61635-0001"
Illinois College,-90.246171,39.7313,"1101 West College Ave, Jacksonville, IL - 62650-2299"
Olney Central College,-88.099589,38.735913,"305 N West Street, Olney, IL - 62450"
Illinois Institute of Technology,-87.627321,41.8313,"10 West 35th Street, Chicago, IL - 60616"
Illinois State University,-88.990058,40.509403,"North and School Streets, Normal, IL - 61790-1000"
Illinois Valley Community College,-89.100887,41.30744,"815 N Orlando Smith Road, Oglesby, IL - 61348-9692"
Institute for Clinical Social Work,-87.662806,41.972414,"1345 W Argyle Street, Chicago, IL - 60640-1229"
John A Logan College,-89.09021,37.747453,"700 Logan College Drive, Carterville, IL - 62918-2500"
John Wood Community College,-91.335828,39.913741,"1301 S 48th Street, Quincy, IL - 62305-8736"
Joliet Junior College,-88.180985,41.500535,"1215 Houbolt Rd, Joliet, IL - 60431-8938"
Judson University,-88.291336,42.061754,"1151 N State St, Elgin, IL - 60123-1498"
Kankakee Community College,-87.851047,41.098178,"100 College Drive, Kankakee, IL - 60901"
Kaskaskia College,-89.191974,38.562112,"27210 College Rd, Centralia, IL - 62801"
Kishwaukee College,-88.880524,41.938234,"21193 Malta Rd, Malta, IL - 60150-9699"
Knox College,-90.373165,40.943064,"2 E South St, Galesburg, IL - 61401"
Educators of Beauty College of Cosmetology-Peru,-89.118454,41.354338,"3602 MARQUETTE RD STE 2, PERU, IL - 61354-1450"
College of Lake County,-88.012291,42.354164,"19351 W Washington St., Grayslake, IL - 60030-1198"
Lake Forest College,-87.827454,42.249574,"555 N Sheridan Road, Lake Forest, IL - 60045-2338"
Lake Forest Graduate School of Management,-87.893204,42.243432,"1905 W. Field Court, Lake Forest, IL - 60045"
Lake Land College,-88.380835,39.416969,"5001 Lake Land Blvd, Mattoon, IL - 61938"
Lakeview College of Nursing,-87.644379,40.13855,"903 N Logan Ave, Danville, IL - 61832"
Lewis and Clark Community College,-90.194405,38.951624,"5800 Godfrey Rd, Godfrey, IL - 62035"
Lewis University,-88.079032,41.605432,"One University Parkway, Romeoville, IL - 60446-2200"
Lincoln Christian University,-89.346721,40.148924,"100 Campus View Drive, Lincoln, IL - 62656-2111"
Lincoln Land Community College,-89.611249,39.721211,"5250 Shepherd Rd, Springfield, IL - 62794-9256"
Lincoln College of Technology-Melrose Park,-87.832162,41.905577,"8317 W North Avenue, Melrose Park, IL - 60160-1605"
Loyola University Chicago,-87.656872,42.000765,"1032 W. Sheridan Rd, Chicago, IL - 60660"
Lutheran School of Theology at Chicago,-87.585989,41.797895,"5416 S. Cornell Avenue, Fourth Floor, Chicago, IL - 60615"
Trinity College of Nursing & Health Sciences,-90.568862,41.484924,"2122 25th Avenue, Rock Island, IL - 61201-5317"
Steven Papageorge Hair Academy,-87.713577,41.968291,"3401 w Lawrence, Chicago, IL - 60625"
Generations College,-87.626675,41.881773,"29 E. Madison, Chicago, IL - 60602-4405"
McCormick Theological Seminary,-87.585989,41.797895,"5416 South Cornell Avenue, 5th Floor, Chicago, IL - 60615"
McHenry County College,-88.368956,42.259111,"8900 US Hwy 14, Crystal Lake, IL - 60012-2761"
McKendree University,-89.816822,38.608154,"701 College Rd, Lebanon, IL - 62254-1291"
Meadville Theological School of Lombard College,-87.62671,41.885452,"180 N. Wabash Avenue, Chicago, IL - 60601"
Methodist College,-89.682864,40.7804,"7600 N. Academic Drive, Peoria, IL - 61615"
Millikin University,-88.976298,39.842612,"1184 W Main St, Decatur, IL - 62522-2084"
Monmouth College,-90.63731,40.914824,"700 E Broadway, Monmouth, IL - 61462-1998"
Moody Bible Institute,-87.633459,41.897822,"820 N LaSalle Blvd, Chicago, IL - 60610-3284"
Moraine Valley Community College,-87.836915,41.694613,"9000 W. College Parkway, Palos Hills, IL - 60465-0937"
Morrison Institute of Technology,-89.965963,41.7971,"701 Portland Ave, Morrison, IL - 61270-2959"
Morton College,-87.762306,41.824303,"3801 S Central Ave, Cicero, IL - 60804-4398"
National Louis University,-87.624699,41.880093,"122 S Michigan Ave, Chicago, IL - 60603"
National University of Health Sciences,-88.013171,41.861697,"200 E Roosevelt Rd, Lombard, IL - 60148-4583"
Cosmetology Concepts Niles,-87.815113,42.027601,"8057 N. Milwaukee Avenue, Niles, IL - 60714"
North Central College,-88.14279,41.77576,"30 N Brainard St, Naperville, IL - 60540"
North Park University,-87.709948,41.975268,"3225 W Foster Ave, Chicago, IL - 60625-4895"
Northern Baptist Theological Seminary,-88.056162,41.809104,"410 Warrenville Road, Suite 300, Lisle, IL - 60532-1348"
Northern Illinois University,-88.766428,41.933869,"1425 W. Lincoln Hwy., Dekalb, IL - 60115-2828"
Northwestern University,-87.679858,42.050356,"633 Clark St, Evanston, IL - 60208"
Northeastern Illinois University,-87.718983,41.980399,"5500 N Saint Louis Ave, Chicago, IL - 60625-4699"
Oakton College,-87.880644,42.061893,"1600 E Golf Rd., Des Plaines, IL - 60016-1268"
Oehrlein School of Cosmetology,-89.55712,40.665832,"100 Meadow Avenue, East Peoria, IL - 61611"
Olivet Nazarene University,-87.875165,41.155237,"One University Avenue, Bourbonnais, IL - 60914-2271"
Parkland College,-88.290359,40.131963,"2400 W Bradley Ave, Champaign, IL - 61821-1899"
Prairie State College,-87.638943,41.525316,"202 South Halsted Street, Chicago Heights, IL - 60411-8226"
Principia College,-90.350285,38.948835,"1 Maybeck Place, Elsah, IL - 62028-9799"
Professional's Choice Hair Design Academy,-88.148846,41.523122,"2719 W Jefferson St, Joliet, IL - 60435"
Quincy University,-91.385975,39.938898,"1800 College Ave, Quincy, IL - 62301-2699"
Rend Lake College,-88.918283,38.131481,"468 N Ken Gray Pkwy, Ina, IL - 62846"
Richland Community College,-88.894125,39.883887,"One College Park, Decatur, IL - 62521-8513"
Rock Valley College,-88.993544,42.306174,"3301 N Mulford Rd, Rockford, IL - 61114-5699"
Rockford University,-89.019536,42.270639,"5050 E State St, Rockford, IL - 61108-2311"
Roosevelt University,-87.624952,41.876055,"430 S Michigan Ave, Chicago, IL - 60605-1394"
Dominican University,-87.823003,41.902678,"7900 W Division Street, River Forest, IL - 60305"
Rush University,-87.668581,41.874742,"600 S. Paulina St. STE 440, Chicago, IL - 60612"
Saint Francis Medical Center College of Nursing,-89.590322,40.701241,"511 NE Greenleaf St, Peoria, IL - 61603-3783"
University of St Francis,-88.096057,41.532225,"500 N Wilcox St, Joliet, IL - 60435-6188"
St. John's College-Department of Nursing,-89.64532,39.807602,"729 E. Carpenter St, Springfield, IL - 62702"
Saint Xavier University,-87.714749,41.707199,"3700 W 103rd St, Chicago, IL - 60655"
University of Illinois Springfield,-89.616796,39.729524,"One University Plaza, Springfield, IL - 62703-5407"
Sauk Valley Community College,-89.596483,41.817659,"173 Illinois Rt 2, Dixon, IL - 61021-9112"
Shawnee Community College,-89.03352,37.270198,"8364 Shawnee College Rd, Ullin, IL - 62992"
St. Augustine College,-87.662806,41.972414,"1345 W. Argyle St., Chicago, IL - 60640-3501"
University of Saint Mary of the Lake,-88.000262,42.280702,"1000 E Maple Ave, Mundelein, IL - 60060-1174"
Southeastern Illinois College,-88.436631,37.75174,"3575 College Road, Harrisburg, IL - 62946"
National Latino Education Institute,-87.675917,41.822756,"2011 W Pershing Rd, Chicago, IL - 60609-2205"
Spertus College,-87.624785,41.873881,"610 S Michigan Ave, Chicago, IL - 60605"
Spoon River College,-90.07233,40.527991,"23235 North County 22, Canton, IL - 61520-8622"
Saint Anthony College of Nursing,-88.991968,42.310147,"3301 N. Mulford Road, Rockford, IL - 61114"
Educators of Beauty College of Cosmetology-Sterling,-89.692522,41.788581,"211 E Third St, Sterling, IL - 61081-3611"
Southern Illinois University-Carbondale,-89.217273,37.714193,"Lincoln Drive, Carbondale, IL - 62901-4512"
Southern Illinois University-Edwardsville,-89.997779,38.793949,"Il State Rte 157, Edwardsville, IL - 62026-1259"
Southern Illinois University-System Office,-89.232216,37.706473,"1400 Douglas Drive, Carbondale, IL - 62901-6801"
Taylor Business Institute,-87.62671,41.885452,"180 North Wabash Avenue, Fifth Floor, Chicago, IL - 60601"
Telshe Yeshiva-Chicago,-87.71755,41.975536,"3535 West Foster, Chicago, IL - 60625"
South Suburban College,-87.619123,41.606427,"15800 South State Street, South Holland, IL - 60473-1200"
Trinity Christian College,-87.783973,41.667687,"6601 W College Dr, Palos Heights, IL - 60463-0929"
Trinity International University-Illinois,-87.880851,42.197945,"2065 Half Day Rd, Deerfield, IL - 60015-1283"
Triton College,-87.841056,41.916082,"2000 5th Ave, River Grove, IL - 60171-1995"
University of Spa & Cosmetology Arts,-89.710839,39.76672,"2913 W White Oaks Dr, Springfield, IL - 62704"
University of Illinois System Offices,-88.228234,40.108253,"108 Henry Administration Building, 506 S Wright Street, Urbana, IL - 61801"
VanderCook College of Music,-87.629138,41.836833,"3140 South Federal Street, Chicago, IL - 60616-3731"
Waubonsee Community College,-88.459925,41.795955,"Rte 47 at Waubonsee Drive, Sugar Grove, IL - 60554-9454"
Oak Point University,-87.930551,41.848066,"2122 York Road, Oak Brook, IL - 60523"
Western Illinois University,-90.686899,40.468086,"1 University Circle, Macomb, IL - 61455"
Wheaton College,-88.099643,41.870176,"501 College Ave, Wheaton, IL - 60187-5593"
William Rainey Harper College,-88.072811,42.081829,"1200 W Algonquin Rd, Palatine, IL - 60067-7398"
Anderson University,-85.664315,40.112768,"1100 E 5th St, Anderson, IN - 46012-3495"
Ball State University,-85.409043,40.203431,"2000 W. University Ave, Muncie, IN - 47306"
Bethel University,-86.194686,41.678399,"1001 Bethel Circle, Mishawaka, IN - 46545-5591"
Butler University,-86.172167,39.8374,"4600 Sunset Ave, Indianapolis, IN - 46208"
Calumet College of Saint Joseph,-87.494123,41.671008,"2400 New York Ave, Whiting, IN - 46394"
Christian Theological Seminary,-86.178551,39.832673,"1000 W 42nd St, Indianapolis, IN - 46208-3301"
College of Court Reporting Inc,-87.066331,41.467574,"455 West Lincolnway, Suite A, Valparaiso, IN - 46385"
Concordia Theological Seminary,-85.10994,41.139321,"6600 N Clinton St, Fort Wayne, IN - 46825-4996"
Tricoci University of Beauty Culture-Highland,-87.467018,41.555885,"2549 Highway Ave, Highland, IN - 46322"
DePauw University,-86.860363,39.640904,"313 S Locust St, Greencastle, IN - 46135-1772"
Don Roberts School of Hair Design,-87.447089,41.485532,"152 East US Route 30, Schererville, IN - 46375"
Earlham College,-84.915037,39.823431,"801 National Rd West, Richmond, IN - 47374-4095"
University of Evansville,-87.531644,37.971549,"1800 Lincoln Avenue, Evansville, IN - 47722"
Franklin College,-86.047182,39.478298,"101 Branigin Blvd, Franklin, IN - 46131-2623"
Goshen College,-85.827795,41.563582,"1700 S Main St, Goshen, IN - 46526-4794"
Grace College and Theological Seminary,-85.814228,41.22595,"1 Lancer Way, Winona Lake, IN - 46590-1274"
Hanover College,-85.460051,38.715642,"517 Ball Drive, Hanover, IN - 47243"
J Michael Harrold Beauty Academy,-87.383391,39.470359,"2232 Wabash Ave, Terre Haute, IN - 47807"
Holy Cross College,-86.253822,41.698996,"54515 State Road 933 North, Notre Dame, IN - 46556-0308"
PJ's College of Cosmetology-Clarksville,-85.768914,38.3121,"1414 Blackiston Mill Rd, Clarksville, IN - 47129"
Huntington University,-85.497317,40.898152,"2303 College Ave, Huntington, IN - 46750"
Ivy Tech Community College,-86.158213,39.803753,"50 W. Fall Creek Parkway N. Drive, Indianapolis, IN - 46208-5752"
Purdue University Fort Wayne,-85.108962,41.117278,"2101 E Coliseum Blvd, Fort Wayne, IN - 46805-1499"
Indiana University-Indianapolis,-86.172217,39.772948,"420 University Blvd, Indianapolis, IN - 46202-5143"
University of Indianapolis,-86.133969,39.709571,"1400 E Hanna Ave, Indianapolis, IN - 46227-3697"
Indiana Institute of Technology,-85.116479,41.078365,"1600 E Washington Blvd, Fort Wayne, IN - 46803-1228"
University of Southern Indiana,-87.677214,37.962374,"8600 University Blvd, Evansville, IN - 47712"
Indiana State University,-87.407846,39.469073,"210 N 7th St, Terre Haute, IN - 47809"
Indiana University-Kokomo,-86.132048,40.460062,"2300 S Washington St, Kokomo, IN - 46902-9003"
Indiana University-South Bend,-86.221991,41.665324,"1700 Mishawaka Ave, South Bend, IN - 46615-7111"
Indiana University-Bloomington,-86.526559,39.16609,"107 South Indiana Ave., Bloomington, IN - 47405-7000"
Indiana University-Northwest,-87.337249,41.557324,"3400 Broadway, Gary, IN - 46408-1197"
Indiana University-Southeast,-85.819985,38.345191,"4201 Grant Line Rd, New Albany, IN - 47150"
Indiana University-East,-84.881923,39.868707,"2325 Chester Blvd, Richmond, IN - 47374-1289"
International Business College-Indianapolis,-86.041648,39.885628,"7205 Shadeland Station, Indianapolis, IN - 46256-3954"
Taylor Institute of Cosmetology II,-86.618158,41.287712,"320 E Culver Rd, Knox, IN - 46534"
Tricoci University of Beauty Culture-Lafayette,-86.887007,40.419818,"833 Ferry Street, Lafayette, IN - 47901"
Lincoln College of Technology-Indianapolis,-86.246276,39.884503,"7225 Winton Drive - Building 128, Indianapolis, IN - 46268"
Manchester University,-85.762249,41.01154,"604 E. College Ave, North Manchester, IN - 46962"
Marian University,-86.202643,39.813233,"3200 Cold Spring Rd, Indianapolis, IN - 46222-1997"
Indiana Wesleyan University-Marion,-85.667503,40.517937,"4201 South Washington Street, Marion, IN - 46953-4974"
Martin University,-86.103953,39.798144,"2186 North Sherman Drive, Indianapolis, IN - 46218-0567"
Anabaptist Mennonite Biblical Seminary,-85.972165,41.656013,"3003 Benham Ave, Elkhart, IN - 46517-1999"
Mid-America College of Funeral Service,-85.744696,38.31209,"3111 Hamburg Pke, Jeffersonville, IN - 47130"
West Michigan College of Barbering and Beauty,-85.590244,42.259329,"3200 South Westnedge Ave, Kalamazoo, MI - 49008"
University of Notre Dame,-86.238959,41.703058,"400 Main Building, Notre Dame, IN - 46556"
Oakland City University,-87.35144,38.340891,"138 N Lucretia St, Oakland City, IN - 47660-1099"
PJ's College of Cosmetology-Richmond,-84.842601,39.83227,"50 Hayes Arboretum Road, Richmond, IN - 47374"
Ravenscroft Beauty College,-85.046078,41.121802,"4530 Lahmeyer Road, Fort Wayne, IN - 46835"
Rogers Academy of Hair Design,-87.572366,37.970675,"221 Main Street, Evansville, IN - 47708"
Rose-Hulman Institute of Technology,-87.326749,39.483602,"5500 Wabash Avenue, Terre Haute, IN - 47803-3920"
University of Saint Francis-Fort Wayne,-85.177246,41.087205,"2701 Spring St, Fort Wayne, IN - 46808-3994"
Saint Mary-of-the-Woods College,-87.463791,39.508546,"1 St Mary of Woods Coll, Saint Mary of the Woods, IN - 47876-1099"
Saint Mary's College,-86.256947,41.707274,"133 Le Mans Hall, Notre Dame, IN - 46556"
Saint Meinrad School of Theology,-86.810388,38.165546,"200 Hill Drive, St. Meinrad, IN - 47577"
Saint Elizabeth School of Nursing,-86.88083,40.427401,"1501 Hartford Street, Lafayette, IN - 47904-9988"
Taylor University,-85.497034,40.456246,"1846 Main Street, Upland, IN - 46989-1001"
Trine University,-85.008009,41.632502,"1 University Ave, Angola, IN - 46703-1764"
Valparaiso University,-87.040172,41.462239,"US Highway 30 and Sturdy Road, Valparaiso, IN - 46383"
Vincennes Beauty College,-87.53241,38.679739,"12 S Second St, Vincennes, IN - 47591"
Vincennes University,-87.523407,38.686318,"1002 N First St, Vincennes, IN - 47591"
Wabash College,-86.906,40.037588,"301 West Wabash Avenue, Crawfordsville, IN - 47933-0352"
Allen College,-92.340148,42.530084,"1990 Heath St, Waterloo, IA - 50703-1999"
Briar Cliff University,-96.428444,42.526443,"3303 Rebecca Street, Sioux City, IA - 51104"
Buena Vista University,-95.208529,42.642255,"610 W 4th St, Storm Lake, IA - 50588"
Capri College-Dubuque,-90.665565,42.497357,"395 Main St, Dubuque, IA - 52004-0873"
Capri College-Cedar Rapids,-91.710201,41.960734,"2945 Williams Parkway S.W., Cedar Rapids, IA - 52404"
Central College,-92.922199,41.401539,"812 University, Pella, IA - 50219"
Clarke University,-90.690487,42.509475,"1550 Clarke Dr, Dubuque, IA - 52001-3198"
Coe College,-91.658192,41.988263,"1220 First Ave NE, Cedar Rapids, IA - 52402-5092"
Cornell College,-91.423741,41.924554,"600 First St. SW, Mount Vernon, IA - 52314-1098"
Des Moines Area Community College,-93.611597,41.707348,"2006 Ankeny Blvd, Ankeny, IA - 50023-3993"
Divine Word College,-90.934578,42.441721,"102 Jacoby Dr SW, Epworth, IA - 52045"
Dordt University,-96.166562,43.082527,"700 7th St SE, Sioux Center, IA - 51250-1606"
Drake University,-93.652163,41.60129,"2507 University Avenue, Des Moines, IA - 50311-4505"
University of Dubuque,-90.693428,42.49726,"2000 University Ave, Dubuque, IA - 52001"
Ellsworth Community College,-93.265853,42.527524,"1100 College Ave, Iowa Falls, IA - 50126"
Emmaus Bible College,-90.706011,42.508307,"2570 Asbury Rd, Dubuque, IA - 52001-3096"
Eastern Iowa Community College District,-90.574459,41.522179,"101 W Third Street, Davenport, IA - 52801-1221"
Faith Baptist Bible College and Theological Seminary,-93.624422,41.737082,"1900 NW 4th St, Ankeny, IA - 50023-2152"
Graceland University-Lamoni,-93.924893,40.615966,"1 University Place, Lamoni, IA - 50140"
Grand View University,-93.600954,41.620039,"1200 Grandview Ave, Des Moines, IA - 50316"
Grinnell College,-92.722094,41.747952,"1121 Park Street, Grinnell, IA - 50112-1690"
Orion Technical College,-90.528333,41.56056,"3940 Elmore Ave, Davenport, IA - 52807"
Hawkeye Community College,-92.330633,42.430003,"1501 E Orange Rd, Waterloo, IA - 50701"
American Hair Academy,-91.524949,40.962643,"304 South Iris, Mt. Pleasant, IA - 52641"
Indian Hills Community College,-92.394736,41.045105,"525 Grandview Ave, Ottumwa, IA - 52501"
Iowa Central Community College,-94.20299,42.490067,"One Triton Circle, Fort Dodge, IA - 50501"
Iowa Lakes Community College,-94.835661,43.401376,"19 S 7th St, Estherville, IA - 51334-2295"
UnityPoint Health-Des Moines School of Radiologic Technology,-93.635129,41.590094,"1200 Pleasant St, Des Moines, IA - 50309-1453"
Iowa School of Beauty-Des Moines,-93.711628,41.624684,"3305 70th St, Des Moines, IA - 50322-3203"
Iowa State University,-93.648504,42.026212,"1750 Beardshear Hall, Ames, IA - 50011-2103"
Iowa Wesleyan University,-91.552459,40.973791,"601 N Main Street, Mount Pleasant, IA - 52641"
Iowa Western Community College,-95.797975,41.272168,"2700 College Rd, Council Bluffs, IA - 51503-1057"
University of Iowa,-91.536425,41.661935,"101 Jessup Hall, Iowa City, IA - 52242-1316"
Kirkwood Community College,-91.651172,41.911268,"6301 Kirkwood Blvd SW, Cedar Rapids, IA - 52406-2068"
La James International College-Cedar Falls,-92.434496,42.515026,"6322 University Ave, Cedar Falls, IA - 50613"
La James International College-Johnston,-93.738577,41.661015,"8805 Chambery Blvd, Johnston, IA - 50131"
La James College of Hairstyling and Cosmetology,-93.199881,43.153786,"24 Second St NE, Mason City, IA - 50401-3308"
La James International College-Ft Dodge,-94.163856,42.5005,"2419 5th Avenue South, Fort Dodge, IA - 50501"
Loras College,-90.679023,42.503908,"1450 Alta Vista, Dubuque, IA - 52004-0178"
Luther College,-91.802809,43.312304,"700 College Drive, Decorah, IA - 52101-1045"
Maharishi International University,-91.967306,41.017781,"1000 North 4th Street, Fairfield, IA - 52557"
Marshalltown Community College,-92.909411,42.00065,"3700 S Center St, Marshalltown, IA - 50158"
Mercy College of Health Sciences,-93.626238,41.594559,"928 6th Ave, Des Moines, IA - 50309-1239"
Morningside University,-96.359464,42.473891,"1501 Morningside Ave, Sioux City, IA - 51106-1751"
Mount Mercy University,-91.650991,42.001931,"1330 Elmhurst Dr NE, Cedar Rapids, IA - 52402-4797"
Ashford University,-117.141961,32.8273,"8620 Spectrum Center Boulevard, San Diego, CA - 92123"
North Iowa Area Community College,-93.13126,43.157169,"500 College Dr, Mason City, IA - 50401"
University of Northern Iowa,-92.459703,42.514923,"1227 W 27th St, Cedar Falls, IA - 50614-0005"
Northwestern College,-96.058772,42.999007,"101 Seventh St SW, Orange City, IA - 51041"
Northeast Iowa Community College,-91.867105,43.17523,"1625 Hwy 150, Calmar, IA - 52132-0400"
Northwest Iowa Community College,-95.880639,43.184701,"603 W Park St, Sheldon, IA - 51201"
Des Moines University-Osteopathic Medical Center,-93.81733,41.54124,"8025 Grand Ave, West Des Moines, IA - 50266"
Palmer College of Chiropractic,-90.574607,41.529021,"1000 Brady St, Davenport, IA - 52803-5287"
PCI Academy-Ames,-93.613611,41.99767,"309 Kitty Hawk Dr., Ames, IA - 50010"
Saint Ambrose University,-90.579854,41.54065,"518 W Locust St, Davenport, IA - 52803-2898"
St Luke's College,-96.404724,42.520081,"2720 Stone Park Blvd, Sioux City, IA - 51104-0263"
La James International College-Davenport,-90.5682,41.572861,"5205 North Brady Street, Davenport, IA - 52806"
Simpson College,-93.563471,41.365503,"701 North C St, Indianola, IA - 50125"
Southeastern Community College,-91.171881,40.814496,"1500 West Agency Road, West Burlington, IA - 52655-0180"
Southwestern Community College,-94.380906,41.073437,"1501 West Townline Street, Creston, IA - 50801"
Capri College-Davenport,-90.538828,41.575211,"2540 E. 53rd Street, Davenport, IA - 52807-3003"
Iowa School of Beauty-Sioux City,-96.365842,42.441812,"3320 Line Drive, Sioux City, IA - 51106"
SOHO Hair Academy,-95.858073,41.235617,"2600 South 9th St, Council Bluffs, IA - 51501"
Upper Iowa University,-91.799543,42.838283,"605 Washington St, Fayette, IA - 52142-1857"
Waldorf University,-93.641714,43.262923,"106 S Sixth St, Forest City, IA - 50436-1713"
Wartburg College,-92.483387,42.7277,"100 Wartburg Blvd., Waverly, IA - 50677-0903"
Wartburg Theological Seminary,-90.691225,42.485761,"333 Wartburg Pl, Dubuque, IA - 52003-7769"
The Salon Professional Academy-Cedar Falls,-92.433262,42.511022,"1350 College Square Mall, Cedar Falls, IA - 50613"
Western Iowa Tech Community College,-96.348874,42.482953,"4647 Stone Ave, Sioux City, IA - 51102-5199"
William Penn University,-92.647095,41.310111,"201 Trueblood Ave, Oskaloosa, IA - 52577"
Allen County Community College,-95.396377,37.938038,"1801 N Cottonwood, Iola, KS - 66749"
Baker University,-95.187346,38.778712,"615 Dearborn Street, Baldwin City, KS - 66006-0065"
Barton County Community College,-98.731648,38.403529,"245 NE 30th Road, Great Bend, KS - 67530"
Benedictine College,-95.113858,39.573079,"1020 N 2nd St, Atchison, KS - 66002-1499"
Bethany College,-97.67367,38.580598,"335 E Swensson St, Lindsborg, KS - 67456-1897"
Bethel College-North Newton,-97.343256,38.075169,"300 E 27th St, North Newton, KS - 67117-1716"
Butler Community College,-96.882987,37.806699,"901 S Haverhill Rd, El Dorado, KS - 67042-3280"
Central Christian College of Kansas,-97.668597,38.357978,"1200 S Main, McPherson, KS - 67460-5740"
Cloud County Community College,-97.664147,39.554199,"2221 Campus Dr, Concordia, KS - 66901-1002"
Coffeyville Community College,-95.621374,37.033814,"400 W 11th St, Coffeyville, KS - 67337-5064"
Colby Community College,-101.052744,39.377601,"1255 S Range, Colby, KS - 67701"
Cowley County Community College,-97.043075,37.061668,"125 S 2nd St, Arkansas City, KS - 67005"
Dodge City Community College,-100.037481,37.776891,"2501 N 14th Ave, Dodge City, KS - 67801-2399"
Donnelly College,-94.649827,39.112346,"608 N 18th St, Kansas City, KS - 66102"
Emporia State University,-96.179021,38.414784,"1 Kellogg Circle, Emporia, KS - 66801-5415"
Flint Hills Technical College,-96.224141,38.41888,"3301 W 18th St, Emporia, KS - 66801-5957"
Fort Hays State University,-99.342503,38.872156,"600 Park St, Hays, KS - 67601-4099"
Barclay College,-99.105351,37.62012,"607 N Kingman, Haviland, KS - 67059-0288"
Friends University,-97.367048,37.678459,"2100 W. University Ave., Wichita, KS - 67213"
Fort Scott Community College,-94.715334,37.816206,"2108 S Horton, Fort Scott, KS - 66701"
Garden City Community College,-100.84916,37.970514,"801 Campus Dr, Garden City, KS - 67846-6333"
Haskell Indian Nations University,-95.232879,38.938834,"155 Indian Ave, Lawrence, KS - 66046-4800"
Hays Academy of Hair Design,-99.310623,38.884873,"1214 East 27th Street, Hays, KS - 67601"
Hesston College,-97.433883,38.134558,"301 South Main, Hesston, KS - 67062-2093"
Highland Community College,-95.271539,39.859987,"606 W Main, Highland, KS - 66035-4165"
Hutchinson Community College,-97.92135,38.068035,"1300 N Plum St, Hutchinson, KS - 67501"
Independence Community College,-95.720518,37.195614,"1057 West College Avenue, Independence, KS - 67301-0708"
Johnson County Community College,-94.727798,38.924125,"12345 College Blvd, Overland Park, KS - 66210-1299"
Concorde Career College-Kansas City,-94.602584,38.936103,"930 Carondelet Drive, Kansas City, MO - 64114"
Kansas City Kansas Community College,-94.748061,39.121911,"7250 State Ave, Kansas City, KS - 66112"
Kansas Christian College,-94.666878,38.994848,"7401 Metcalf, Overland Park, KS - 66204-1975"
University of Kansas,-95.247567,38.958549,"Strong Hall, 1450 Jayhawk Blvd, Room 230, Lawrence, KS - 66045"
Newman University,-97.37768,37.672643,"3100 McCormick Ave, Wichita, KS - 67213-2097"
Old Town Barber College-Wichita,-97.323179,37.68586,"1211 E Douglas, Wichita, KS - 67211-1605"
Kansas State University,-96.581077,39.188648,"919 Mid-Campus Drive, Anderson Hall, Manhattan, KS - 66506"
Kansas Wesleyan University,-97.607973,38.813795,"100 E. Claflin Ave., Salina, KS - 67401-6146"
Washburn Institute of Technology,-95.751158,39.04497,"5724 SW Huntoon, Topeka, KS - 66604"
Labette Community College,-95.255368,37.339062,"200 S 14th, Parsons, KS - 67357-4201"
Manhattan Area Technical College,-96.615672,39.197774,"3136 Dickens Ave, Manhattan, KS - 66503-2499"
Manhattan Christian College,-96.579383,39.184806,"1415 Anderson Ave, Manhattan, KS - 66502-4801"
McPherson College,-97.642996,38.371422,"1600 E. Euclid, McPherson, KS - 67460-1402"
MidAmerica Nazarene University,-94.781526,38.875244,"2030 E College Way, Olathe, KS - 66062-1899"
Neosho County Community College,-95.464976,37.670672,"800 W 14th St, Chanute, KS - 66720"
North Central Kansas Technical College,-98.110826,39.482419,"3033 US Highway 24, Beloit, KS - 67420"
Northwest Kansas Technical College,-101.70022,39.346424,"1209 Harrison Ave, Goodland, KS - 67735"
Ottawa University-Ottawa,-95.264187,38.603173,"1001 South Cedar, Ottawa, KS - 66067-3399"
Ottawa University-Kansas City,-94.635461,38.932055,"4370 W. 109th Street Suite 200, Overland Park, KS - 66211"
Pittsburg State University,-94.702473,37.392071,"1701 S Broadway, Pittsburg, KS - 66762"
Pratt Community College,-98.714538,37.654451,"348 NE SR 61, Pratt, KS - 67124"
University of Saint Mary,-94.906743,39.279396,"4100 S 4th St, Leavenworth, KS - 66048-5082"
Salina Area Technical College,-97.636892,38.793582,"2562 Centennial Road, Salina, KS - 67401"
Seward County Community College,-100.917695,37.059807,"1801 N. Kansas Ave., Liberal, KS - 67901"
Southwestern College,-96.975405,37.248608,"100 College Street, Winfield, KS - 67156-2499"
Sterling College,-98.208644,38.219937,"125 W. Cooper, Sterling, KS - 67579"
Tabor College,-97.199773,38.34858,"400 S Jefferson, Hillsboro, KS - 67063-1799"
Washburn University,-95.702222,39.033778,"1700 SW College Avenue, Topeka, KS - 66621"
Wichita State University-Campus of Applied Sciences and Technology,-97.224151,37.75764,"4004 N Webb Rd. Bldg 100, Wichita, KS - 67226"
Wichita State University,-97.292361,37.718882,"1845 N. Fairmount, Wichita, KS - 67260-0124"
Wichita Technical Institute,-97.371819,37.656976,"2051 South Meridian, Wichita, KS - 67213-1927"
Alice Lloyd College,-82.875068,37.335087,"100 Purpose Rd, Pippa Passes, KY - 41844"
Asbury University,-84.662606,37.862029,"1 Macklem Dr, Wilmore, KY - 40390-1198"
Asbury Theological Seminary,-84.660127,37.861561,"204 N Lexington Ave, Wilmore, KY - 40390-1199"
Ashland Community and Technical College,-82.650664,38.469201,"1400 College Drive, Ashland, KY - 41101-3683"
Bellarmine University,-85.704997,38.219279,"2001 Newburg Rd, Louisville, KY - 40205-0671"
Berea College,-84.292893,37.57202,"101 Chestnut Street, Berea, KY - 40404-2182"
PJ's College of Cosmetology-Bowling Green,-86.469756,36.979195,"1901 Russellville Road, Bowling Green, KY - 42101"
Southcentral Kentucky Community and Technical College,-86.476717,36.984827,"1845 Loop Dr, Bowling Green, KY - 42101-3601"
Brescia University,-87.111639,37.769041,"717 Frederica St, Owensboro, KY - 42301-3023"
Campbellsville University,-85.348943,37.343342,"1 University Dr, Campbellsville, KY - 42718-2799"
Bluegrass Community and Technical College,-84.503665,38.024808,"470 Cooper Drive, Lexington, KY - 40506"
Centre College,-84.779392,37.645709,"625 W Walnut St, Danville, KY - 40422-1394"
Clear Creek Baptist Bible College,-83.727702,36.725236,"300 Clear Creek Rd, Pineville, KY - 40977-9752"
Paul Mitchell the School-Lexington,-84.548281,37.980361,"3644 Boston Road, Lexington, KY - 40514"
Galen College of Nursing-Louisville,-85.499039,38.281333,"3050 Terra Crossing Blvd., Louisville, KY - 40245"
University of the Cumberlands,-84.161646,36.737048,"6191 College Station Drive, Williamsburg, KY - 40769"
Eastern Kentucky University,-84.300796,37.740845,"521 Lancaster Ave, Richmond, KY - 40475-3102"
Elizabethtown Community and Technical College,-85.879927,37.692858,"600 College Street Rd, Elizabethtown, KY - 42701-3081"
Frontier Nursing University,-84.692791,38.051018,"2050 Lexington Road, Versailles, KY - 40383"
Georgetown College,-84.553767,38.207615,"400 East College Street, Georgetown, KY - 40324-1696"
PJ's College of Cosmetology-Glasgow,-85.922275,37.012713,"920 Happy Valley Road, Glasgow, KY - 42141"
Hazard Community and Technical College,-83.175644,37.234897,"One Community College Drive, Hazard, KY - 41701-2402"
Paul Mitchell the School-Louisville,-85.578849,38.24897,"156 North Hurstbourne Parkway, Louisville, KY - 40222"
Henderson Community College,-87.650091,37.797687,"2660 S Green St, Henderson, KY - 42420-4699"
Hopkinsville Community College,-87.488297,36.882654,"720 North Dr., Hopkinsville, KY - 42240"
Jefferson Community and Technical College,-85.753615,38.246027,"109 East Broadway, Louisville, KY - 40202"
Summit Salon Academy-Lexington,-84.453521,38.028451,"1300 E New Circle Rd Ste 110, Lexington, KY - 40505"
American National University-Pikeville,-82.528212,37.472423,"130 South Mayo Trail, Pikeville, KY - 41501-1520"
Kentucky Mountain Bible College,-83.438765,37.603443,"855 Highway 541, Jackson, KY - 41339"
Kentucky State University,-84.855402,38.201427,"400 East Main Street, Frankfort, KY - 40601-2355"
Kentucky Wesleyan College,-87.119658,37.744489,"3000 Frederica Street, Owensboro, KY - 42301"
University of Kentucky,-84.504747,38.038911,"South Limestone, Lexington, KY - 40506-0032"
Kentucky Christian University,-82.945561,38.338805,"100 Academic Pkwy, Grayson, KY - 41143-1199"
Lexington Theological Seminary,-84.526079,37.996332,"230 Lexington Green Circle, Suite 300, Lexington, KY - 40503"
Lindsey Wilson College,-85.299997,37.101502,"210 Lindsey Wilson St, Columbia, KY - 42728-1223"
University of Louisville,-85.760412,38.216862,"2301 S 3rd St, Louisville, KY - 40292-0001"
Louisville Presbyterian Theological Seminary,-85.686411,38.237056,"1044 Alta Vista Rd, Louisville, KY - 40205-1798"
Madisonville Community College,-87.512137,37.362661,"2000 College Drive, Madisonville, KY - 42431"
Maysville Community and Technical College,-83.806786,38.626607,"1755 U.S. Hwy 68, Maysville, KY - 41056"
Midway University,-84.678142,38.146126,"512 E. Stephens St, Midway, KY - 40347-1120"
Morehead State University,-83.434021,38.186768,"University Blvd, Morehead, KY - 40351"
Murray State University,-88.323629,36.612419,"218 Wells Hall, Murray, KY - 42071-3318"
Gateway Community and Technical College,-84.633478,38.960638,"500 Technology Way, Florence, KY - 41042"
Northern Kentucky University,-84.463483,39.029714,"Nunn Drive, Highland Heights, KY - 41099"
West Kentucky Community and Technical College,-88.658762,37.054081,"4810 Alben Barkley Drive, Paducah, KY - 42001"
University of Pikeville,-82.521063,37.479232,"147 Sycamore St, Pikeville, KY - 41501"
Big Sandy Community and Technical College,-82.778847,37.688248,"1 Bert Combs Dr, Prestonsburg, KY - 41653"
Empire Beauty School-Chenoweth,-85.65752,38.255764,"151 Chenoweth Ln, Louisville, KY - 40207"
Empire Beauty School-Elizabethtown,-85.878557,37.697453,"554 Westport Road, Elizabethtown, KY - 42701"
Empire Beauty School-Dixie,-85.830866,38.167059,"5120 Dixie Highway, Louisville, KY - 40216"
Empire Beauty School-Florence,-84.628998,39.009553,"7285 Turfway Rd, Florence, KY - 41042"
Somerset Community College,-84.617546,37.059599,"808 Monticello Street, Somerset, KY - 42501-2973"
Southeast Kentucky Community & Technical College,-82.997661,36.966051,"700 College Rd, Cumberland, KY - 40823"
The Southern Baptist Theological Seminary,-85.687649,38.248216,"2825 Lexington Rd, Louisville, KY - 40280-0001"
Spalding University,-85.757725,38.242407,"901 S Fourth Street, Louisville, KY - 40203-2188"
Sullivan University,-85.670489,38.212824,"3101 Bardstown Rd, Louisville, KY - 40205"
Thomas More University,-84.568923,39.022963,"333 Thomas More Parkway, Crestview Hills, KY - 41017-3495"
Transylvania University,-84.493202,38.052983,"300 N Broadway, Lexington, KY - 40508-1797"
Kentucky Community and Technical College System,-84.72788,38.058771,"300 North Main Street, Versailles, KY - 40383-1245"
Union College,-83.888477,36.870875,"310 College St, Barbourville, KY - 40906-1499"
Western Kentucky University,-86.456828,36.985035,"1906 College Heights Blvd, Bowling Green, KY - 42101-1000"
Central Louisiana Technical Community College,-92.446693,31.310461,"516 Murray Street, Alexandria, LA - 71301"
Ayers Career College,-93.798229,32.418291,"8820 Jewella Ave, Shreveport, LA - 71118"
Baton Rouge General Medical Center School of Nursing & School of Radiologic Technology,-91.152502,30.447919,"3616 North Blvd, Baton Rouge, LA - 70806"
Bossier Parish Community College,-93.646881,32.539551,"6220 East Texas, Bossier City, LA - 71111-6922"
Centenary College of Louisiana,-93.730834,32.483335,"2911 Centenary Boulevard, Shreveport, LA - 71104"
Cloyd's Beauty School 1 Inc,-92.126506,32.499976,"603 Natchitoches St, West Monroe, LA - 71291-0603"
Crescent City Bartending School,-90.086679,29.966842,"209 N. Broad, New Orleans, LA - 70119"
Delgado Community College,-90.103962,29.985149,"615 City Park Avenue, New Orleans, LA - 70119"
Avery James College,-93.219712,30.202601,"2948 Ryan Street, Lake Charles, LA - 70601"
Denham Springs Beauty School,-90.944774,30.484636,"923 Florida Blvd SE, Denham Springs, LA - 70726"
Dillard University,-90.06464,29.996587,"2601 Gentilly Blvd, New Orleans, LA - 70122"
Nunez Community College,-89.95888,29.95419,"3710 Paris Rd, Chalmette, LA - 70043"
Grambling State University,-92.713245,32.523797,"403 Main Street, Grambling, LA - 71245"
Belbo Beauty Institute,-93.706628,32.485759,"1141 Shreveport Barksdale Highway, Shreveport, LA - 71105"
ITI Technical College,-91.030485,30.369764,"13944 Airline Hwy, Baton Rouge, LA - 70817"
John Jay Beauty College,-90.230259,30.007684,"2844 Tennessee Ave, Kenner, LA - 70062"
Louisiana State University Health Sciences Center-New Orleans,-90.083145,29.957272,"433 Bolivar St, New Orleans, LA - 70112-2223"
Louisiana State University-Alexandria,-92.414409,31.178616,"8100 Hwy 71 South, Alexandria, LA - 71302-9121"
Louisiana State University and Agricultural & Mechanical College,-91.178921,30.414986,"156 Thomas Boyd Hall, Baton Rouge, LA - 70803-2750"
Louisiana State University-Eunice,-92.434523,30.473292,"2048 Johnson Hwy, Eunice, LA - 70535"
Louisiana State University-Shreveport,-93.70561,32.428465,"One University Place, Shreveport, LA - 71115-2399"
Aveda Arts & Sciences Institute-Baton Rouge,-91.054583,30.425932,"2834 S Sherwood Forest Blvd Ste A, Baton Rouge, LA - 70816-2246"
Aveda Arts & Sciences Institute-Lafayette,-92.042092,30.206168,"2922 Johnston St, Lafayette, LA - 70503-3246"
Louisiana Academy of Beauty,-92.408948,30.495111,"550 East Laurel Street, Eunice, LA - 70535"
Louisiana Christian University,-92.425973,31.324528,"1140 College Dr, Pineville, LA - 71359"
Opelousas School of Cosmetology,-92.077854,30.53165,"529 E Vine St, Opelousas, LA - 70570"
Louisiana Tech University,-92.649963,32.528297,"1310 West Railroad Avenue, Ruston, LA - 71272"
Loyola University New Orleans,-90.120417,29.936141,"6363 Saint Charles Ave, New Orleans, LA - 70118-6143"
McNeese State University,-93.217222,30.178187,"4205 Ryan St, Lake Charles, LA - 70605"
University of New Orleans,-90.067142,30.027704,"2000 Lakeshore Drive, New Orleans, LA - 70148"
New Orleans Baptist Theological Seminary,-90.043439,30.004336,"3939 Gentilly Blvd, New Orleans, LA - 70126"
Nicholls State University,-90.801571,29.794486,"University Station  La Hwy 1, Thibodaux, LA - 70310"
University of Louisiana at Monroe,-92.07374,32.527748,"700 University Avenue, Monroe, LA - 71209-0000"
Northwest Louisiana Technical Community College,-93.26302,32.586037,"9500 Industrial Drive, Minden, LA - 71055-0000"
Northwestern State University of Louisiana,-93.097797,31.750666,"175 Sam Sibley Drive, Natchitoches, LA - 71497-0002"
University of Holy Cross,-89.99445,29.912003,"4123 Woodland Drive, New Orleans, LA - 70131-7399"
Franciscan Missionaries of Our Lady University,-91.110587,30.401379,"5414 Brittany Dr, Baton Rouge, LA - 70808"
Pat Goins Beauty Schools formerly Paul Mitchell the School-Shreveport,-93.716987,32.436926,"7460 Youree Dr Ste. 130, Shreveport, LA - 71105"
Celebrity Stylist Beauty School,-92.085347,32.52121,"3138 Louisville Ave, Monroe, LA - 71201-5135"
Pineville Beauty School,-92.430903,31.325717,"1008 Main Street, Pineville, LA - 71360-0000"
Aveda Arts & Sciences Institute-Covington,-90.104008,30.494049,"1355 Polders Lane, Covington, LA - 70433"
Saint Joseph Seminary College,-90.113621,30.526778,"75376 River Road, St. Benedict, LA - 70457"
LaSalle Tech,-90.696772,29.592656,"300 Howard Ave, Houma, LA - 70363"
Fletcher Technical Community College,-90.811707,29.690884,"1407 Highway 311, Schriever, LA - 70395"
Remington College-Lafayette Campus,-92.059734,30.166882,"4021-A Ambassador Caffery Parkway, Suite 100A, Lafayette, LA - 70503"
Southern University-Board and System,-91.196629,30.521517,"JS Clark Admin Bldg 4th Floor, Baton Rouge, LA - 70813"
SOWELA Technical Community College,-93.16252,30.217331,"3820 Senator J. Bennett Johnston Ave, Lake Charles, LA - 70615"
Stevensons Academy of Hair Design,-90.052219,29.948438,"401 Opelousas Avenue, New Orleans, LA - 70114"
Southeastern Louisiana University,-90.468676,30.514652,"548 Ned McGehee Ave., Hammond, LA - 70402"
Southern University and A & M College,-91.190105,30.524558,"P.O. Box 9374, Harding Blvd, Baton Rouge, LA - 70813"
Southern University at New Orleans,-90.044912,30.026162,"6400 Press Drive, New Orleans, LA - 70126"
Southern University at Shreveport,-93.834559,32.545632,"3050 Martin Luther King Dr, Shreveport, LA - 71107"
University of Louisiana at Lafayette,-92.020165,30.212191,"104 University Circle, Lafayette, LA - 70503"
Northshore Technical Community College,-89.899196,30.379147,"65556 Centerpoint Blvd., Lacombe, LA - 70445"
Tulane University of Louisiana,-90.122144,29.940069,"6823 St. Charles Avenue, New Orleans, LA - 70118-5698"
Xavier University of Louisiana,-90.107307,29.964162,"1 Drexel Drive, New Orleans, LA - 70125-1098"
College of the Atlantic,-68.221517,44.395258,"105 Eden Street, Bar Harbor, ME - 04609"
Bates College,-70.203333,44.105299,"2 Andrews Road, Lewiston, ME - 04240"
Beal University,-68.785428,44.786465,"99 Farm Road, Bangor, ME - 04401"
Bowdoin College,-69.963942,43.907134,"255 Maine Street, Brunswick, ME - 04011"
Maine College of Health Professions,-70.21732,44.100458,"70 Middle Street, Lewiston, ME - 04240"
Central Maine Community College,-70.235498,44.134346,"1250 Turner Street, Auburn, ME - 04210-6498"
Colby College,-69.66337,44.564211,"4000 Mayflower Hill Drive, Waterville, ME - 04901-8840"
Eastern Maine Community College,-68.74445,44.826048,"354 Hogan Rd, Bangor, ME - 04401"
Kennebec Valley Community College,-69.61157,44.594149,"92 Western Ave, Fairfield, ME - 04937-1367"
The Landing School,-70.503619,43.380492,"286 River Rd, Arundel, ME - 04046"
University of Maine at Augusta,-69.796396,44.337746,"46 University Dr, Augusta, ME - 04330-9410"
University of Maine at Farmington,-70.147121,44.666911,"224 Main St., Farmington, ME - 04938-9978"
University of Maine at Fort Kent,-68.589319,47.250389,"23 University Drive, Fort Kent, ME - 04743-1292"
University of Maine,-68.669332,44.899257,"168 College Avenue, Orono, ME - 04469"
University of Maine-System Central Office,-68.66988,44.896388,"15 Estabrooke Drive, Orono, ME - 04469"
Maine Maritime Academy,-68.804347,44.389654,"1 Pleasant Street, Castine, ME - 04420-0001"
University of Maine at Presque Isle,-68.016343,46.672285,"181 Main St, Presque Isle, ME - 04769-2888"
University of New England,-70.38535,43.458591,"11 Hills Beach Rd, Biddeford, ME - 04005-9599"
Northern Maine Community College,-68.034796,46.694668,"33 Edgemont Dr, Presque Isle, ME - 04769-2016"
Empire Beauty School-Maine,-70.258154,43.667885,"319 Marginal Way, Portland, ME - 04101"
Maine College of Art & Design,-70.261015,43.655743,"522 Congress St., Portland, ME - 04101-3494"
Saint Joseph's College of Maine,-70.483373,43.826314,"278 Whites Bridge Rd, Standish, ME - 04084-5263"
Spa Tech Institute-Westbrook,-70.335331,43.67659,"100 Larrabee Road, Westbrook, ME - 04092"
Southern Maine Community College,-70.229182,43.646649,"2 Fort Road, South Portland, ME - 04106-1698"
University of Southern Maine,-70.274247,43.662863,"96 Falmouth St, Portland, ME - 04103"
Thomas College,-69.664734,44.524909,"180 W River Rd, Waterville, ME - 04901-5097"
Unity Environmental University,-70.257277,43.905745,"70 Farm View Drive, Suite 200, New Gloucester, ME - 04260"
Washington County Community College,-67.243306,45.165537,"One College Drive, Calais, ME - 04619"
Allegany College of Maryland,-78.730398,39.652152,"12401 Willowbrook Rd SE, Cumberland, MD - 21502-2596"
Anne Arundel Community College,-76.512223,39.049813,"101 College Pky, Arnold, MD - 21012-1895"
Award Beauty School,-77.720283,39.640443,"26 E Antietam St, Hagerstown, MD - 21740-5610"
Baltimore Studio of Hair Design,-76.620008,39.293371,"318 N Howard St, Baltimore, MD - 21201-3444"
Baltimore City Community College,-76.662878,39.319978,"2901 Liberty Heights Avenue, Baltimore, MD - 21215-7893"
University of Baltimore,-76.616591,39.305834,"Charles at Mount Royal, Baltimore, MD - 21201-5720"
Bowie State University,-76.759721,39.018185,"14000 Jericho Park Rd, Bowie, MD - 20715-9465"
Capitol Technology University,-76.850231,39.046673,"11301 Springfield Rd, Laurel, MD - 20708"
Cecil College,-75.955949,39.642225,"One Seahawk Drive, North East, MD - 21901-1900"
College of Southern Maryland,-77.009245,38.55895,"8730 Mitchell Rd, La Plata, MD - 20646-0910"
Chesapeake College,-76.083668,38.952193,"1000 College Circle, Wye Mills, MD - 21679-0008"
Washington Adventist University,-77.000608,38.986349,"7600 Flower Ave, Takoma Park, MD - 20912"
Coppin State University,-76.658687,39.311258,"2500 West North Avenue, Baltimore, MD - 21216-3698"
Del-Mar-Va Beauty Academy,-75.601701,38.339006,"111 Milford St, Salisbury, MD - 21804-6952"
North American Trade Schools,-76.751371,39.308719,"6901 Security Blvd, Suite 16, Baltimore, MD - 21244"
Frederick Community College,-77.417849,39.452241,"7932 Opossumtown Pike, Frederick, MD - 21702-2964"
Frostburg State University,-78.934293,39.650918,"101 Braddock Road, Frostburg, MD - 21532-1099"
Garrett College,-79.342923,39.560493,"687 Mosser Road, McHenry, MD - 21541"
Goucher College,-76.594843,39.410175,"1021 Dulaney Valley Rd, Baltimore, MD - 21204-2794"
Hagerstown Community College,-77.667379,39.631009,"11400 Robinwood Dr, Hagerstown, MD - 21742-6514"
Harford Community College,-76.282845,39.56131,"401 Thomas Run Rd, Bel Air, MD - 21015-1698"
Hood College,-77.419049,39.420631,"401 Rosemont Ave, Frederick, MD - 21701"
Howard Community College,-76.877964,39.213636,"10901 Little Patuxent Pkwy, Columbia, MD - 21044-3197"
Aveda Institute-Maryland,-76.349927,39.531933,"227 Archer St, Bel Air, MD - 21014-3639"
Johns Hopkins University,-76.621595,39.328977,"3400 N Charles St, Baltimore, MD - 21218-2688"
Lincoln College of Technology-Columbia,-76.836463,39.174673,"9325 Snowden River Pky, Columbia, MD - 21046"
Loyola University Maryland,-76.621872,39.346358,"4501 N Charles St, Baltimore, MD - 21210-2699"
University of Maryland Global Campus,-76.847584,38.912706,"3501 University Blvd East, Adelphi, MD - 20783-8010"
"University of Maryland, Baltimore",-76.623983,39.286864,"620 West Lexington St, Baltimore, MD - 21201-1627"
University of Maryland-Baltimore County,-76.711607,39.256686,"1000 Hilltop Circle, Baltimore, MD - 21250"
University of Maryland-College Park,-76.944721,38.988178," , College Park, MD - 20742"
Maryland Institute College of Art,-76.621033,39.308792,"1300 Mount Royal Avenue, Baltimore, MD - 21217-4134"
University of Maryland Eastern Shore,-75.686852,38.207386,"J.T. Williams Hall, Princess Anne, MD - 21853-1299"
Fortis Institute-Towson,-76.604593,39.403271,"700 York Road, Towson, MD - 21204-9840"
Montgomery Beauty School,-77.001966,38.999622,"8736 Arliss St, Silver Spring, MD - 20901"
Montgomery College,-77.15929,39.098656,"51 Mannakee Street, Rockville, MD - 20850"
Morgan State University,-76.585565,39.344161,"1700 East Cold Spring Lane, Baltimore, MD - 21251-0001"
Mount St. Mary's University,-77.351887,39.681705,"16300 Old Emmitsburg Road, Emmitsburg, MD - 21727-7799"
Ner Israel Rabbinical College,-76.753526,39.388021,"400 Mount Wilson Ln, Baltimore, MD - 21208"
Hair Academy,-76.869467,38.956205,"8435 Old Annapolis Rd, New Carrollton, MD - 20784"
Notre Dame of Maryland University,-76.619739,39.350612,"4701 N Charles St, Baltimore, MD - 21210-2476"
Prince George's Community College,-76.824623,38.888689,"301 Largo Rd, Largo, MD - 20774-2199"
Maryland Beauty Academy of Essex,-76.509213,39.29844,"7930 Eastern Ave, Suite 5, Baltimore, MD - 21224"
Salisbury University,-75.604815,38.34648,"1101 Camden Ave, Salisbury, MD - 21801-6862"
St. Mary's College of Maryland,-76.430994,38.188047,"47645 College Drive, St. Mary's City, MD - 20686"
St. John's College,-76.491359,38.981598,"60 College Ave, Annapolis, MD - 21401"
Towson University,-76.611164,39.393622,"8000 York Rd, Towson, MD - 21252-0001"
Maryland University of Integrative Health,-76.888025,39.165872,"7750 Montpelier Road, Laurel, MD - 20723"
University System of Maryland,-76.605479,39.286077,"701 E. Pratt St., Baltimore, MD - 21201"
United States Naval Academy,-76.481692,38.980507,"121 Blake Road, Annapolis, MD - 21402-1300"
Stevenson University,-76.775809,39.426413,"100 Campus Circle, Owings Mills, MD - 21117"
Washington College,-76.06878,39.217329,"300 Washington Ave, Chestertown, MD - 21620-1438"
McDaniel College,-77.001992,39.584231,"2 College Hill, Westminster, MD - 21157"
Wor-Wic Community College,-75.499659,38.373723,"32000 Campus Drive, Salisbury, MD - 21804-7131"
Hult International Business School,-71.070645,42.369968,"1 Education Street, Cambridge, MA - 02141"
American International College,-72.558338,42.112346,"1000 State Street, Springfield, MA - 01109"
Amherst College,-72.518493,42.372459,"Boltwood Avenue, Amherst, MA - 01002-5000"
Anna Maria College,-71.91896,42.330542,"50 Sunset Lane, Paxton, MA - 01612-1198"
Assabet Valley Regional Technical School,-71.567281,42.36775,"215 Fitchburg St, Marlborough, MA - 01752"
Assumption University,-71.828991,42.294226,"500 Salisbury St, Worcester, MA - 01609-1296"
Babson College,-71.264057,42.297017,"231 Forest Street, Wellesley, MA - 02457-0310"
Bancroft School of Massage Therapy,-71.778113,42.268973,"333 Shrewsbury St, Worcester, MA - 01604"
Boston Baptist College,-71.1103,42.254037,"950 Metropolitan Ave, Boston, MA - 02136-4030"
Bay Path University,-72.583382,42.055088,"588 Longmeadow Street, Longmeadow, MA - 01106"
Bay State College,-71.071615,42.350966,"31 St. James Avenue, Boston, MA - 02116"
Bentley University,-71.222839,42.385995,"175 Forest St, Waltham, MA - 02452-4705"
Berklee College of Music,-71.089405,42.346646,"1140 Boylston St, Boston, MA - 02215"
Berkshire Community College,-73.314704,42.45975,"1350 West Street, Pittsfield, MA - 01201-5786"
Empire Beauty School-Boston,-71.062722,42.354683,"30 West Street, Boston, MA - 02111"
Boston Architectural College,-71.085786,42.348467,"320 Newbury Street, Boston, MA - 02115-2703"
Boston Graduate School of Psychoanalysis Inc,-71.133151,42.33912,"1581 Beacon Street, Brookline, MA - 02446"
Boston College,-71.169242,42.336213,"140 Commonwealth Avenue, Chestnut Hill, MA - 02467"
Boston University,-71.107942,42.351118,"One Silber Way, Boston, MA - 02215"
Brandeis University,-71.260155,42.365727,"415 South St, Waltham, MA - 02454-9110"
Bridgewater State University,-70.974553,41.98749,"131 Summer Street, Bridgewater, MA - 02325"
Bristol Community College,-71.119133,41.721994,"777 Elsbree St, Fall River, MA - 02720-7395"
Signature Healthcare Brockton Hospital School of Nursing,-70.992764,42.088032,"53 Adams Street, Brockton, MA - 02302-1905"
Bunker Hill Community College,-71.069263,42.374806,"250 New Rutherford Ave, Boston, MA - 02129-2925"
Cambridge College,-71.072646,42.381091,"500 Rutherford Avenue, Boston, MA - 02129"
Cape Cod Community College,-70.337334,41.691911,"2240 Iyannough Rd, West Barnstable, MA - 02668-1599"
Catherine Hinds Institute of Esthetics,-71.13715,42.493212,"300 Wildwood Avenue, Woburn, MA - 01801-6819"
Laboure College of Healthcare,-71.058279,42.260866,"303 Adams Street, Milton, MA - 02186"
Clark University,-71.823356,42.249987,"950 Main St, Worcester, MA - 01610-1477"
Conway School of Landscape Design,-72.64875,42.313857,"88 Village Hill Road, Northampton, MA - 01060"
Curry College,-71.116539,42.238061,"1071 Blue Hill Ave, Milton, MA - 02186-2395"
Lincoln Technical Institute-Somerville,-71.082082,42.390826,"5 Middlesex Ave, Somerville, MA - 02145"
Dean College,-71.397813,42.085634,"99 Main Street, Franklin, MA - 02038-1941"
Diman Regional Technical Institute,-71.155011,41.718422,"1082 Davol St. 2nd floor, Fall River, MA - 02720"
National Aviation Academy of New England,-71.387244,42.462164,"130 Baker Ave Extension, Concord, MA - 01742"
Eastern Nazarene College,-71.011079,42.271228,"23 E Elm Ave, Quincy, MA - 02170-2999"
Emerson College,-71.065384,42.352202,"120 Boylston Street, Boston, MA - 02116-4624"
Emmanuel College,-71.103634,42.340602,"400 The Fenway, Boston, MA - 02115"
Endicott College,-70.840847,42.553296,"376 Hale Street, Beverly, MA - 01915"
Rob Roy Academy-Fall River,-71.157664,41.698905,"260 S Main St, Fall River, MA - 02721-5330"
Fisher College,-71.074125,42.355253,"118 Beacon Street, Boston, MA - 02116"
Fitchburg State University,-71.789666,42.588298,"160 Pearl St, Fitchburg, MA - 01420-2697"
Framingham State University,-71.437565,42.297116,"100 State Street, Framingham, MA - 01701-9101"
Benjamin Franklin Cummings Institute of Technology,-71.070231,42.346023,"41 Berkeley St, Boston, MA - 02116"
Gordon College,-70.82151,42.590567,"255 Grapevine Rd, Wenham, MA - 01984"
Gordon-Conwell Theological Seminary,-70.846387,42.613475,"130 Essex St, South Hamilton, MA - 01982"
Greenfield Community College,-72.630977,42.599512,"One College Dr, Greenfield, MA - 01301-9739"
Hampshire College,-72.531469,42.325852,"893 West St, Amherst, MA - 01002-5001"
Harvard University,-71.118313,42.374471,"Massachusetts Hall, Cambridge, MA - 02138"
Hebrew College,-71.241226,42.335716,"1860 Washington Street, Newton, MA - 02466-3008"
Hellenic College-Holy Cross Greek Orthodox School of Theology,-71.129418,42.317018,"50 Goddard Ave, Brookline, MA - 02445-7415"
College of the Holy Cross,-71.808214,42.23752,"One College Street, Worcester, MA - 01610-2395"
Holyoke Community College,-72.651252,42.194781,"303 Homestead Ave, Holyoke, MA - 01040"
Lasell University,-71.24347,42.342148,"1844 Commonwealth Avenue, Newton, MA - 02466"
Lawrence Memorial Hospital School of Nursing,-71.110958,42.42581,"170 Governors Ave, Medford, MA - 02155"
Lesley University,-71.117303,42.38012,"29 Everett St, Cambridge, MA - 02138-2790"
Longy School of Music of Bard College,-71.123479,42.378657,"27 Garden Street, Cambridge, MA - 02138"
Lowell Academy Hairstyling Institute,-71.308309,42.643609,"136 Central St, Lowell, MA - 01852-1909"
University of Massachusetts-Lowell,-71.326809,42.652864,"1 University Ave, Lowell, MA - 01854"
University of Massachusetts-Amherst,-72.526728,42.385999,"374 Whitmore Building 181 Presidents Drive, Amherst, MA - 01003"
University of Massachusetts-Boston,-71.036865,42.312881,"100 Morrissey Boulevard, Boston, MA - 02125-3393"
Massachusetts Bay Community College,-71.263458,42.31212,"50 Oakland St, Wellesley Hills, MA - 02481-5399"
MCPHS University,-71.101244,42.336825,"179 Longwood Ave, Boston, MA - 02115-5896"
University of Massachusetts-Central Office,-71.060761,42.35849,"1 Beacon Street, Boston, MA - 02108"
Massachusetts College of Art and Design,-71.099275,42.336862,"621 Huntington Ave, Boston, MA - 02115-5882"
Massachusetts Institute of Technology,-71.093226,42.359243,"77 Massachusetts Avenue, Cambridge, MA - 02139-4307"
Massachusetts Maritime Academy,-70.624084,41.739072,"101 Academy Dr, Buzzards Bay, MA - 02532-1803"
University of Massachusetts Chan Medical School,-71.762144,42.278002,"55 Lake Ave North, Worcester, MA - 01655"
William James College,-71.203256,42.294995,"One Wells Avenue, Newton, MA - 02459"
Massachusetts School of Barbering,-71.001891,42.247457,"58 General James C. McConville Way, Quincy, MA - 02169"
Massasoit Community College,-70.989799,42.07507,"One Massasoit Boulevard, Brockton, MA - 02302-3996"
Merrimack College,-71.124216,42.668344,"315 Turnpike St, North Andover, MA - 01845"
MGH Institute of Health Professions,-71.054002,42.375018,"36 1st Avenue, Boston, MA - 02129-4557"
Middlesex Community College,-71.274931,42.524328,"591 Springs Rd, Bedford, MA - 01730-9124"
Montserrat College of Art,-70.876131,42.550212,"23 Essex Street, Beverly, MA - 01915-4508"
Mount Holyoke College,-72.573916,42.25489,"50 College Street, South Hadley, MA - 01075-1489"
Mount Wachusett Community College,-71.984148,42.593142,"444 Green St, Gardner, MA - 01440-1000"
Rob Roy Academy-New Bedford,-70.925187,41.671921,"1872 Acushnet Ave, New Bedford, MA - 02746-2114"
The New England Conservatory of Music,-71.08629,42.340946,"290 Huntington Ave, Boston, MA - 02115-5018"
New England College of Optometry,-71.086829,42.351853,"424 Beacon St, Boston, MA - 02115"
New England Law-Boston,-71.0665,42.350833,"154 Stuart Street, Boston, MA - 02116"
Nichols College,-71.930283,42.044033,"Center Rd, Dudley, MA - 01571-5000"
Massachusetts College of Liberal Arts,-73.102817,42.691361,"375 Church Street, North Adams, MA - 01247-4100"
North Bennet Street School,-71.05452,42.36279,"150 North Street, Boston, MA - 02109"
North Shore Community College,-70.968044,42.590103,"1 Ferncroft Rd, Danvers, MA - 01923-0840"
Northeastern University,-71.088782,42.339992,"360 Huntington Ave, Boston, MA - 02115-5005"
Northern Essex Community College,-71.04904,42.796634,"100 Elliott Street, Haverhill, MA - 01830-2399"
College of Our Lady of the Elms,-72.60154,42.141781,"291 Springfield St, Chicopee, MA - 01013"
Pope St John XXIII National Seminary,-71.311059,42.339408,"558 South Ave, Weston, MA - 02493-2699"
Quincy College,-71.003476,42.252416,"1250 Hancock Street, Quincy, MA - 02169"
Quinsigamond Community College,-71.79503,42.31379,"670 West Boylston Street, Worcester, MA - 01606-2092"
Regis College,-71.310561,42.351291,"235 Wellesley St, Weston, MA - 02493-1571"
Roxbury Community College,-71.09549,42.329249,"1234 Columbus Ave, Roxbury Crossing, MA - 02120-3400"
Saint John's Seminary,-71.161998,42.344146,"127 Lake Street, Brighton, MA - 02135-3846"
Salem State University,-70.890234,42.503575,"352 Lafayette St, Salem, MA - 01970"
Simmons University,-71.099967,42.3393,"300 The Fenway, Boston, MA - 02115-5898"
Bard College at Simon's Rock,-73.379201,42.208803,"84 Alford Road, Great Barrington, MA - 01230-9702"
Smith College,-72.638097,42.318111,"Elm St, Northampton, MA - 01063"
Southeastern Technical Institute,-71.081227,42.010312,"250 Foundry St, South Easton, MA - 02375"
Springfield College,-72.556647,42.1022,"263 Alden St, Springfield, MA - 01109-3797"
Springfield Technical Community College,-72.578514,42.108827,"1 Armory Sq, Springfield, MA - 01105-1296"
University of Massachusetts-Dartmouth,-71.004552,41.62869,"285 Old Westport Rd, North Dartmouth, MA - 02747-2300"
Stonehill College,-71.080632,42.05905,"320 Washington Street, Easton, MA - 02357-6110"
Suffolk University,-71.060917,42.357945,"73 Tremont St., Boston, MA - 02108-3901"
Rob Roy Academy-Taunton,-71.091966,41.901945,"1 School St, Taunton, MA - 02780-3212"
Tufts University,-71.118293,42.40855," , Medford, MA - 02155-5555"
Wellesley College,-71.306605,42.291554,"106 Central St, Wellesley, MA - 02481-8203"
Wentworth Institute of Technology,-71.094983,42.336632,"550 Huntington Ave, Boston, MA - 02115"
Western New England University,-72.520466,42.115017,"1215 Wilbraham Rd, Springfield, MA - 01119-2684"
Westfield State University,-72.796503,42.132698,"577 Western Ave, Westfield, MA - 01086-1630"
Wheaton College (Massachusetts),-71.183979,41.966637,"26 E Main St, Norton, MA - 02766-2322"
Williams College,-73.203132,42.712725,"880 Main St, Williamstown, MA - 01267"
Worcester Polytechnic Institute,-71.808339,42.274853,"100 Institute Road, Worcester, MA - 01609-2280"
Worcester State University,-71.844018,42.267526,"486 Chandler St, Worcester, MA - 01602-2597"
Adrian College,-84.061481,41.898591,"110 S Madison St, Adrian, MI - 49221-2575"
Albion College,-84.745639,42.245049,"611 E Porter St, Albion, MI - 49224"
Hillsdale Beauty College,-84.631429,41.918718,"64 Waldron St, Hillsdale, MI - 49242"
Northwestern Technological Institute,-83.238868,42.4721,"24800 Northwestern Highway, Southfield, MI - 48075"
Alma College,-84.672053,43.38004,"614 W Superior, Alma, MI - 48801-1599"
Alpena Community College,-83.445069,45.081647,"665 Johnson St, Alpena, MI - 49707"
Andrews University,-86.355815,41.963859,"4150 Administration Drive, Room 136, Berrien Springs, MI - 49104"
Aquinas College,-85.628785,42.96019,"1700 Fulton St. E, Grand Rapids, MI - 49506-1801"
Baker College,-84.172404,42.984804,"1020 S Washington St, Owosso, MI - 48867"
Bay de Noc Community College,-87.085228,45.772586,"2001 N Lincoln Road, Escanaba, MI - 49829-2511"
Bayshire Academy of Beauty Craft Inc,-83.88895,43.599758,"917 Saginaw St, Bay City, MI - 48708-5614"
Calvin University,-85.587548,42.929916,"3201 Burton Street SE, Grand Rapids, MI - 49546"
Calvin Theological Seminary,-85.586439,42.927951,"3233 Burton St SE, Grand Rapids, MI - 49546-4387"
Carnegie Institute,-83.118801,42.53889,"550 Stephenson Hwy Suite 100, Troy, MI - 48083"
Michigan School of Psychology,-83.359575,42.491427,"26811 Orchard Lake Rd., Farmington Hills, MI - 48334-4512"
Central Michigan University,-84.77525,43.591203,"106 Warriner Hall, Mount Pleasant, MI - 48859"
Mott Community College,-83.67243,43.019941,"1401 E Court St, Flint, MI - 48503-2089"
Empire Beauty School-Michigan,-85.691067,43.028642,"3583 Alpine Ave NW, Grand Rapids, MI - 49544"
Cleary University,-83.879987,42.586638,"3750 Cleary Drive, Howell, MI - 48843"
Concordia University Ann Arbor,-83.68268,42.273157,"4090 Geddes Rd, Ann Arbor, MI - 48105"
Cranbrook Academy of Art,-83.250681,42.568904,"39221  Woodward Avenue, Bloomfield Hills, MI - 48304"
College for Creative Studies,-83.062352,42.361839,"201 E Kirby, Detroit, MI - 48202"
Davenport University,-85.533519,42.850013,"6191 Kraft Avenue S.E., Grand Rapids, MI - 49512-9396"
David Pressley School of Cosmetology,-83.146008,42.479729,"1127 S Washington St, Royal Oak, MI - 48067-3219"
Delta College,-83.985943,43.559491,"1961 Delta Road, University Center, MI - 48710"
Detroit Business Institute-Downriver,-83.191212,42.168682,"19100 Fort St, Riverview, MI - 48193"
MIAT College of Technology,-83.445507,42.286324,"2955 S Haggerty, Canton, MI - 48188"
University of Detroit Mercy,-83.139158,42.414222,"4001 W McNichols Rd, Detroit, MI - 48221-3038"
Dorsey College,-83.107631,42.525318,"31739 John R Road, Madison Heights, MI - 48071"
Eastern Michigan University,-83.627443,42.251675,"900 Oakwood St., Ypsilanti, MI - 48197"
Creative Hair School of Cosmetology,-83.757927,42.980416,"4205 Miller Rd Suite 4-7, Flint, MI - 48507"
Ferris State University,-85.481925,43.687724,"1201 S State St, Big Rapids, MI - 49307-2251"
Glen Oaks Community College,-85.496929,41.892504,"62249 Shimmel Rd, Centreville, MI - 49032-9719"
Kettering University,-83.71282,43.012468,"1700 University Avenue, Flint, MI - 48504-6214"
Gogebic Community College,-90.165592,46.471893,"E4946 Jackson Rd, Ironwood, MI - 49938"
Grace Christian University,-85.692077,42.919541,"1011 Aldon SW, Wyoming, MI - 49509"
Cornerstone University,-85.595328,42.979966,"1001 E Beltline Ave NE, Grand Rapids, MI - 49525-5897"
Grand Rapids Community College,-85.665625,42.967076,"143 Bostwick Ave NE, Grand Rapids, MI - 49503-3295"
Grand Valley State University,-85.889826,42.963001,"1 Campus Dr, Allendale, MI - 49401-9403"
Great Lakes Christian College,-84.638714,42.754249,"6211 W Willow Hwy, Lansing, MI - 48917-1299"
Henry Ford College,-83.236056,42.324639,"5101 Evergreen Rd, Dearborn, MI - 48128-1495"
Hillsdale College,-84.633195,41.933682,"33 E College St, Hillsdale, MI - 49242"
Hope College,-86.100971,42.787247,"President's Office, 141 East 12th Street, Holland, MI - 49423-9000"
Jackson College,-84.403942,42.16483,"2111 Emmons Rd, Jackson, MI - 49201-8399"
Kalamazoo College,-85.601857,42.290789,"1200 Academy St, Kalamazoo, MI - 49006-3295"
Kalamazoo Valley Community College,-85.682144,42.225948,"6767 West O Ave, Kalamazoo, MI - 49003-4070"
Kellogg Community College,-85.177329,42.335638,"450 North Ave, Battle Creek, MI - 49017-3397"
Kirtland Community College,-84.706254,44.601785,"4800 W 4 Mile Road, Grayling, MI - 49738"
Michigan College of Beauty-Monroe,-83.407005,41.907014,"1020 S. Monroe St., Monroe, MI - 48161"
Lake Michigan College,-86.393445,42.097276,"2755 East Napier Avenue, Benton Harbor, MI - 49022-1899"
Lake Superior State University,-84.365573,46.492849,"650 W Easterday Ave, Sault Ste Marie, MI - 49783"
Lansing Community College,-84.55157,42.738435,"610 N Capitol Ave, Lansing, MI - 48933"
Lawrence Technological University,-83.25003,42.474072,"21000 West Ten Mile Road, Southfield, MI - 48075-1058"
M J Murphy Beauty College of Mount Pleasant,-84.777927,43.60429,"201 W Broadway, Mount Pleasant, MI - 48858"
Macomb Community College,-82.972377,42.50599,"14500 E Twelve Mile Rd, Warren, MI - 48088-3896"
Madonna University,-83.404722,42.384323,"36600 Schoolcraft Rd, Livonia, MI - 48150-1176"
Rochester University,-83.144959,42.667521,"800 West Avon Road, Rochester Hills, MI - 48307"
University of Michigan-Ann Arbor,-83.73481,42.278374,"1109 Geddes Avenue, Ann Arbor, MI - 48109"
The Michigan Barber School,-83.128883,42.365023,"8988-90 Grand River Avenue, Detroit, MI - 48204-2244"
Michigan State University,-84.476111,42.73212," , East Lansing, MI - 48824-1046"
Michigan Technological University,-88.548092,47.11866,"1400 Townsend Drive, Houghton, MI - 49931-1295"
University of Michigan-Dearborn,-83.231417,42.317287,"4901 Evergreen Rd, Dearborn, MI - 48128-1491"
University of Michigan-Flint,-83.690276,43.01875,"303 E. Kearsley Street, Flint, MI - 48502-1950"
Mid Michigan College,-84.763715,43.969586,"1375 S Clare Ave, Harrison, MI - 48625-9447"
Monroe County Community College,-83.470274,41.91617,"1555 South Raisinville Road, Monroe, MI - 48161-9746"
Montcalm Community College,-85.100181,43.253191,"2800 College Dr., Sidney, MI - 48885-9723"
Muskegon Community College,-86.196384,43.250329,"221 S Quarterline Rd, Muskegon, MI - 49442-1432"
North Central Michigan College,-84.954183,45.361727,"1515 Howard St, Petoskey, MI - 49770"
Northern Michigan University,-87.406568,46.559751,"1401 Presque Isle Avenue, Marquette, MI - 49855-5301"
Northwestern Michigan College,-85.585517,44.765436,"1701 E Front St, Traverse City, MI - 49686"
Northwood University,-84.27682,43.628717,"4000 Whiting Dr, Midland, MI - 48640-2398"
Oakland Community College,-83.224283,42.646226,"2900 Featherstone Road, Auburn Hills, MI - 48326"
Oakland University,-83.216418,42.674573,"2200 North Squirrel Road, Rochester Hills, MI - 48309-4401"
The University of Olivet,-84.923891,42.442891,"320 South Main Street, Olivet, MI - 49076"
Port Huron Cosmetology College,-83.398624,42.700677,"5620 Dixie Hwy, Waterford, MI - 48329"
Kuyper College,-85.592657,43.02195,"3333 East Beltline Ave NE, Grand Rapids, MI - 49525-9781"
Ross Medical Education Center-Lansing,-84.605807,42.741855,"4106 W Saginaw Hwy, Lansing, MI - 48917-2108"
Ross Medical Education Center-Warren,-83.065785,42.506481,"4237 E. 12 Mile Road, Warren, MI - 48092-4141"
Ross Medical Education Center-Flint,-83.751751,42.986442,"G3630 Miller Road, Suite D, Flint, MI - 48507-1234"
Sacred Heart Major Seminary,-83.111682,42.375248,"2701 Chicago Blvd, Detroit, MI - 48206-1799"
Saginaw Valley State University,-83.964273,43.51176,"7400 Bay Rd, University Center, MI - 48710"
Schoolcraft Community College District,-83.430958,42.419279,"18600 Haggerty Road, Livonia, MI - 48152-2696"
Siena Heights University,-84.018841,41.905624,"1247 E. Siena Heights Dr., Adrian, MI - 49221"
St Clair County Community College,-82.428717,42.979494,"323 Erie Street, Port Huron, MI - 48061-5015"
Southwestern Michigan College,-86.082715,41.965095,"58900 Cherry Grove Rd, Dowagiac, MI - 49047-9793"
Spring Arbor University,-84.556074,42.206568,"106 E. Main St, Spring Arbor, MI - 49283-9799"
Michigan Career and Technical Institute,-85.517049,42.504599,"11611 West Pine Lake Road, Plainwell, MI - 49080-9254"
Finlandia University,-88.588756,47.127868,"601 Quincy St, Hancock, MI - 49930-1832"
Thomas M Cooley Law School,-84.554429,42.731,"300 S Capitol Ave, Lansing, MI - 48933"
Twin City Beauty College,-86.47655,42.071099,"2600 Lincoln  Avenue, Saint Joseph, MI - 49085"
Walsh College,-83.147197,42.573888,"3838 Livernois, Troy, MI - 48083-5066"
Washtenaw Community College,-83.66559,42.26361,"4800 E Huron River Dr, Ann Arbor, MI - 48105-4800"
Wayne County Community College District,-83.054497,42.327299,"801 W. Fort Street, Detroit, MI - 48226"
Wayne State University,-83.068998,42.358994,"42 W. Warren Ave., Detroit, MI - 48202"
West Shore Community College,-86.336122,44.008512,"3000 N Stiles Rd, Scottville, MI - 49454-0277"
Paul Mitchell the School-Grand Rapids,-85.596605,42.910707,"2855 29th Street SE Suite B, Kentwood, MI - 49512-1781"
Western Michigan University,-85.613759,42.282194,"1903 W Michigan Ave, Kalamazoo, MI - 49008-5200"
Western Theological Seminary,-86.10324,42.786246,"101 E 13th St, Holland, MI - 49423-3622"
Academy College,-93.299809,44.855722,"1600 W. 82nd Street, Suite 100, Bloomington, MN - 55431-1411"
Alexandria Technical & Community College,-95.372369,45.873107,"1601 Jefferson Streeet, Alexandria, MN - 56308"
Anoka Technical College,-93.416087,45.216709,"1355 Highway 10 West, Anoka, MN - 55303"
Anoka-Ramsey Community College,-93.351697,45.172978,"11200 Mississippi Blvd NW, Coon Rapids, MN - 55433-3470"
Augsburg University,-93.240436,44.966307,"2211 Riverside Ave, Minneapolis, MN - 55454"
Riverland Community College,-92.995626,43.676271,"1900 8th Ave NW, Austin, MN - 55912-1473"
Northwest Technical College,-94.853974,47.452652,"905 Grant Avenue SE, Bemidji, MN - 56601-4907"
Bemidji State University,-94.874119,47.482341,"1500 Birchmont Dr NE, Bemidji, MN - 56601"
Bethany Lutheran College,-93.990805,44.166649,"700 Luther Dr, Mankato, MN - 56001"
Bethel University,-93.161663,45.057655,"3900 Bethel Dr, Saint Paul, MN - 55112"
Central Lakes College-Brainerd,-94.216495,46.345969,"501 West College Drive, Brainerd, MN - 56401-3900"
Carleton College,-93.154666,44.462318,"One North College Street, Northfield, MN - 55057"
Concordia College at Moorhead,-96.76749,46.862482,"901 S 8th St, Moorhead, MN - 56562"
Concordia University-Saint Paul,-93.154861,44.949759,"1282 Concordia Ave, Saint Paul, MN - 55104-5494"
Dakota County Technical College,-93.07805,44.737255,"1300  145th Street East, Rosemount, MN - 55068-2999"
Martin Luther College,-94.472326,44.30526,"1995 Luther Ct, New Ulm, MN - 56073-3965"
Lake Superior College,-92.145151,46.78455,"2101 Trinity Rd, Duluth, MN - 55811-3399"
Minnesota State Community and Technical College,-96.097321,46.289194,"1414 College Way, Fergus Falls, MN - 56537-1000"
Minnesota West Community and Technical College,-95.56172,44.80755,"1593 11th Ave, Granite Falls, MN - 56241"
Gustavus Adolphus College,-93.972196,44.323626,"800 West College Avenue, Saint Peter, MN - 56082-1498"
Hamline University,-93.164479,44.966246,"1536 Hewitt Avenue, Saint Paul, MN - 55104-1284"
Hazelden Betty Ford Graduate School,-92.805285,45.375319,"15251 Pleasant Valley Rd, Center City, MN - 55012-0011"
Hennepin Technical College,-93.397759,45.096534,"9000 Brooklyn Blvd, Brooklyn Park, MN - 55445"
Minnesota North College,-92.921698,47.422361,"1515 East 25th Street, Hibbing, MN - 55746"
Aveda Arts & Sciences Institute Minneapolis,-93.253555,44.987972,"400 Central Ave SE, Minneapolis, MN - 55414"
Inver Hills Community College,-93.055255,44.828599,"2500 80th St E, Inver Grove Heights, MN - 55076-3224"
Luther Seminary,-93.196422,44.984629,"2481 Como Ave, Saint Paul, MN - 55108-1496"
Macalester College,-93.168053,44.938565,"1600 Grand Ave, Saint Paul, MN - 55105-1899"
South Central College,-94.047428,44.174319,"1920 Lee Blvd, North Mankato, MN - 56003-1920"
Minnesota State University-Mankato,-93.99945,44.146712,"South Rd and Ellis Ave, Mankato, MN - 56001"
Mayo Clinic College of Medicine and Science,-92.466428,44.02215,"200 1st St SW, Rochester, MN - 55905"
Metropolitan State University,-93.074361,44.957256,"700 East Seventh Street, Saint Paul, MN - 55106-5000"
University of Minnesota-Twin Cities,-93.235464,44.972851,"100 Church Street SE, Minneapolis, MN - 55455-0213"
University of Minnesota-Crookston,-96.606188,47.802536,"2900 University Ave, Crookston, MN - 56716-5001"
Minneapolis College of Art and Design,-93.274705,44.956988,"2501 Stevens Ave, Minneapolis, MN - 55404"
Minneapolis Community and Technical College,-93.284507,44.972679,"1501 Hennepin Ave, Minneapolis, MN - 55403-1779"
Herzing University-Minneapolis,-93.404863,44.975225,"435 Ford Road, St. Louis Park, MN - 55426"
Nova Academy of Cosmetology Woodbury,-92.973998,44.924692,"1750 WEIR DRIVE, WOODBURY, MN - 55125"
University of Minnesota-Duluth,-92.084385,46.817126,"515 Darland Administration Bldg, Duluth, MN - 55812"
University of Minnesota-Morris,-95.899729,45.589775,"309 Behmler Hall, Morris, MN - 56267"
Model College of Hair Design,-94.159447,45.55773,"201 Eighth Ave S, Saint Cloud, MN - 56301-4332"
Minnesota State University Moorhead,-96.759532,46.867153,"1104 Seventh Avenue South, Moorhead, MN - 56563"
North Hennepin Community College,-93.374536,45.106937,"7411 85th Ave N, Brooklyn Park, MN - 55445"
Normandale Community College,-93.331673,44.829706,"9700 France Ave S, Bloomington, MN - 55431-4399"
North Central University,-93.261511,44.968625,"910 Elliot Ave, Minneapolis, MN - 55404-1391"
Northland Community and Technical College,-96.162366,48.124969,"1101 Hwy One East, Thief River Falls, MN - 56701"
University of Northwestern-St Paul,-93.167822,45.033703,"3003 Snelling Ave N, Saint Paul, MN - 55113-1598"
Northwestern Health Sciences University,-93.311222,44.850963,"2501 W 84th St, Bloomington, MN - 55431"
Oak Hills Christian College,-94.901503,47.425836,"1600 Oak Hills Rd SW, Bemidji, MN - 56601-8834"
Pine Technical & Community College,-92.968283,45.818667,"900 4th St SE, Pine City, MN - 55063"
Rochester Community and Technical College,-92.42321,44.014488,"851 30th Ave SE, Rochester, MN - 55904-4999"
College of Saint Benedict,-94.319888,45.561792,"37 S. College Ave., Saint Joseph, MN - 56374"
St Cloud Technical and Community College,-94.175841,45.579065,"1540 Northway Drive, Saint Cloud, MN - 56303-1240"
Saint Cloud State University,-94.152657,45.553227,"720 Fourth Ave. South, Saint Cloud, MN - 56301-4498"
Saint Johns University,-94.393621,45.580075,"2850 Abbey Plaza, Collegeville, MN - 56321"
Saint Mary's University of Minnesota,-91.695449,44.044736,"700 Terrace Heights, Winona, MN - 55987-1399"
St Olaf College,-93.182039,44.461529,"1520 St Olaf Ave, Northfield, MN - 55057-1098"
Crown College,-93.743019,44.885393,"8700 College View Drive, Saint Bonifacius, MN - 55375-9001"
The College of Saint Scholastica,-92.106134,46.816082,"1200 Kenwood Ave, Duluth, MN - 55811-4199"
University of St Thomas,-93.188986,44.943439,"2115 Summit Ave, Saint Paul, MN - 55105-1078"
Empire Beauty School-Bloomington,-93.287367,44.82746,"9749 Lyndale Ave S, Bloomington, MN - 55420-4232"
St Catherine University,-93.183761,44.924926,"2004 Randolph Ave, Saint Paul, MN - 55105"
Rasmussen University-Minnesota,-94.206254,45.548117,"226 Park Avenue South, St. Cloud, MN - 56301-3713"
Saint Paul College,-93.109646,44.949186,"235 Marshall Ave, Saint Paul, MN - 55102-9808"
Southwest Minnesota State University,-95.759548,44.45373,"1501 State St, Marshall, MN - 56258-5468"
Summit Academy Opportunities Industrialization Center,-93.292776,44.983569,"935 Olson Memorial Hwy, Minneapolis, MN - 55405"
United Theological Seminary of the Twin Cities,-93.203624,44.962913,"767 Eustis St. Suite 140, St. Paul, MN - 55114"
Dunwoody College of Technology,-93.290608,44.97281,"818 Dunwoody Blvd, Minneapolis, MN - 55403-1192"
Ridgewater College,-95.07305,45.138313,"2101 15th Ave NW, Willmar, MN - 56201"
Minnesota State College Southeast,-91.618318,44.024554,"1250 Homer Rd, Winona, MN - 55987"
Winona State University,-91.643723,44.046159,"175 West Mark Street, Winona, MN - 55987-5838"
Mitchell Hamline School of Law,-93.138224,44.94202,"875 Summit Ave, Saint Paul, MN - 55105-3076"
Century College,-92.982105,45.041823,"3300 Century Ave N, White Bear Lake, MN - 55110"
Alcorn State University,-91.142854,31.877216,"1000 ASU Dr Ste 359, Alcorn State, MS - 39096-7500"
Belhaven University,-90.169228,32.318415,"1500 Peachtree St, Jackson, MS - 39202"
Blue Mountain Christian University,-89.02924,34.67209,"201 W Main St, Blue Mountain, MS - 38610"
Chris Beauty College,-89.077391,30.382294,"1265 Pass Rd, Gulfport, MS - 39501"
Coahoma Community College,-90.568469,34.254417,"3240 Friars Point Rd, Clarksdale, MS - 38614"
Copiah-Lincoln Community College,-90.400234,31.69272,"1001 Co-Lin Lane, Wesson, MS - 39191"
Delta State University,-90.735365,33.744745,"1003 W Sunflower Road, Cleveland, MS - 38733"
East Central Community College,-89.113706,32.441164,"15738 Highway 15, Decatur, MS - 39327-0129"
East Mississippi Community College,-88.483516,32.830246,"1512 Kemper Street, Scooba, MS - 39358-0158"
Fosters Cosmetology College,-88.942133,34.755677,"1813 Hwy 15 N, Ripley, MS - 38663-0066"
Academy of Hair Design-Grenada,-89.825313,33.775198,"1301 Sunset Dr #JK, Grenada, MS - 38901"
Hinds Community College,-90.416118,32.256109,"608 Hinds Boulevard, Raymond, MS - 39154"
Holmes Community College,-89.915803,32.969985,"#1 Hill St, Goodman, MS - 39079"
Itawamba Community College,-88.412073,34.276519,"602 W Hill Street, Fulton, MS - 38843-1099"
Jackson State University,-90.207405,32.296105,"1400 John R. Lynch Street, Jackson, MS - 39217"
Jones County Junior College,-89.200895,31.596936,"900 South Court Street, Ellisville, MS - 39437"
Meridian Community College,-88.732823,32.367355,"910 Hwy 19 N, Meridian, MS - 39307-5801"
Millsaps College,-90.179957,32.322746,"1701 N State St, Jackson, MS - 39210-0001"
Board of Trustees-Mississippi State Institutions of Higher Learning,-90.144689,32.338859,"3825 Ridgewood Rd, Jackson, MS - 39211"
Mississippi Delta Community College,-90.502053,33.444906,"Hwy 3 and Cherry St, Moorhead, MS - 38761"
University of Mississippi,-89.537434,34.365529,"Oxford, Mississippi, University, MS - 38677-1848"
Mississippi University for Women,-88.418601,33.493305,"1100 College Street, Columbus, MS - 39701"
Mississippi Valley State University,-90.341274,33.514142,"14000 Highway 82 West, Itta Bena, MS - 38941-1400"
Mississippi College,-90.329821,32.335515,"200 South Capitol Street, Clinton, MS - 39058"
Hatfield's Mississippi College of Beauty Culture,-89.135405,31.693316,"732 Sawmill Rd, Laurel, MS - 39440"
Mississippi Gulf Coast Community College,-89.142952,30.780784,"51 Main Street, Perkinston, MS - 39573"
Mississippi State University,-88.790139,33.454852,"Lee Boulevard, Mississippi State, MS - 39762"
Northeast Mississippi Community College,-88.562609,34.668339,"101 Cunningham Blvd, Booneville, MS - 38829"
Northwest Mississippi Community College,-89.969525,34.625532,"4975 Hwy 51 N, Senatobia, MS - 38668-1714"
Pearl River Community College,-89.543052,30.844322,"101 Hwy 11 N, Poplarville, MS - 39470"
Rust College,-89.446999,34.776862,"150 Rust Avenue, Holly Springs, MS - 38635"
Southeastern Baptist College,-89.149373,31.748512,"4229 Hwy 15 N, Laurel, MS - 39440-9989"
Southwest Mississippi Community College,-90.443295,31.295121,"1156 College Dr, Summit, MS - 39666-0000"
University of Southern Mississippi,-89.331236,31.32661,"118 College Drive # 0001, Hattiesburg, MS - 39406-0001"
Tougaloo College,-90.16076,32.403014,"500 W County Line Rd, Tougaloo, MS - 39174"
Vaughn Beauty College,-88.541839,33.82442,"108 South Maple Street, Aberdeen, MS - 39730-3238"
Wesley Biblical Seminary,-90.111379,32.400142,"1880 E County Line Road, Ridgeland, MS - 39157-1920"
William Carey University,-89.291815,31.305264,"710 William Carey Parkway, Hattiesburg, MS - 39401"
Aquinas Institute of Theology,-90.237795,38.634329,"23 South Spring Avenue, Saint Louis, MO - 63108-3323"
Avila University,-94.591758,38.91339,"11901 Wornall Rd, Kansas City, MO - 64145-1698"
Mission University,-93.284286,37.239696,"628 E Kearney, Springfield, MO - 65803-3498"
House of Heavilin Beauty College-Blue Springs,-94.272412,38.997932,"2000 SW State Route 7, Blue Springs, MO - 64014"
Cox College,-93.290233,37.225116,"1423 N Jefferson, Springfield, MO - 65802-1917"
Calvary University,-94.547927,38.839578,"15800 Calvary Road, Kansas City, MO - 64147-1341"
Cape Girardeau Career and Technology Center,-89.565366,37.274001,"1080 S. Silver Springs Rd., Cape Girardeau, MO - 63703-7511"
Central Christian College of the Bible,-92.427259,39.395963,"911 E Urbandale Dr, Moberly, MO - 65270-1997"
Central Methodist University-College of Liberal Arts and Sciences,-92.685253,39.150497,"411 Central Methodist Square, Fayette, MO - 65248-1198"
University of Central Missouri,-93.737428,38.759111,"108 W South Street, Warrensburg, MO - 64093"
Grand River Technical School,-93.559669,39.798864,"1200 Fair St, Chillicothe, MO - 64601"
Cleveland University-Kansas City,-94.679076,38.932019,"10850 Lowell Avenue, Overland Park, KS - 66210"
Columbia College,-92.326354,38.957388,"1001 Rogers Street, Columbia, MO - 65216"
Conception Seminary College,-94.682831,40.24044,"37174 State Hwy V V, Conception, MO - 64433-0502"
Concordia Seminary,-90.311324,38.637181,"801 Seminary Place, Saint Louis, MO - 63105-3196"
Cottey College,-94.371311,37.836127,"1000 W Austin, Nevada, MO - 64772"
Covenant Theological Seminary,-90.451323,38.643066,"12330 Conway Road, Saint Louis, MO - 63141-8609"
Crowder College,-94.368315,36.814906,"601 Laclede Ave, Neosho, MO - 64850"
Culver-Stockton College,-91.529374,40.128993,"One College Hill, Canton, MO - 63435-1299"
Drury University,-93.286192,37.219681,"900 N. Benton Ave, Springfield, MO - 65802-3791"
East Central College,-90.97809,38.431845,"1964 Prairie Dell Rd, Union, MO - 63084"
Eden Theological Seminary,-90.345605,38.592307,"475 E Lockwood Ave, Webster Groves, MO - 63119-3192"
Pinnacle Career Institute,-94.684653,39.301096,"11500 N.W. Ambassador, Suite 221, Kansas City, MO - 64153-1151"
Evangel University,-93.262614,37.220956,"1111 N Glenstone, Springfield, MO - 65802-2125"
Fontbonne University,-90.315712,38.642697,"6800 Wydown Blvd, Saint Louis, MO - 63105-3098"
Four Rivers Career Center,-91.020914,38.547707,"1978 Image Drive, Washington, MO - 63090-4235"
Ozarks Technical Community College,-93.279985,37.216479,"1001 E. Chestnut Expressway, Springfield, MO - 65802"
Hannibal-LaGrange University,-91.39094,39.729015,"2800 Palmyra Rd, Hannibal, MO - 63401"
Harris-Stowe State University,-90.224288,38.631744,"3026 Laclede Ave, Saint Louis, MO - 63103-2136"
House of Heavilin Beauty College-Kansas City,-94.574262,39.022905,"5720 Troost, Kansas City, MO - 64110-2826"
Summit Salon Academy Kansas City,-94.426462,39.079093,"815 W 23rd St S, Independence, MO - 64055"
Jefferson College,-90.558954,38.259889,"1000 Viking Drive, Hillsboro, MO - 63050-2440"
Paul Mitchell the School-Missouri Columbia,-92.375761,38.967204,"1101 Hutchens Drive, Columbia, MO - 65203"
Barnes-Jewish College Goldfarb School of Nursing,-90.258772,38.637165,"4483 Duncan Avenue, Mailstop 90-36-697, Saint Louis, MO - 63110"
Kansas City Art Institute,-94.583594,39.046353,"4415 Warwick Blvd, Kansas City, MO - 64111-1874"
Kenrick Glennon Seminary,-90.324024,38.584608,"5200 Glennon Dr, Saint Louis, MO - 63119-4399"
A T Still University of Health Sciences,-92.589183,40.193648,"800 W Jefferson, Kirksville, MO - 63501"
Lex La-Ray Technical Center,-93.865563,39.173683,"2323 High School Dr, Lexington, MO - 64067-1525"
Lincoln University,-92.166724,38.564431,"820 Chestnut Street, Jefferson City, MO - 65101"
Lindenwood University,-90.501286,38.785425,"209 S Kingshighway St, Saint Charles, MO - 63301-1695"
State Technical College of Missouri,-91.814259,38.467699,"One Technology Drive, Linn, MO - 65051-9607"
Logan University,-90.542333,38.63133,"1851 Schoettler Rd, Chesterfield, MO - 63017"
Metropolitan Community College-Kansas City,-94.58966,39.068668,"3200 Broadway, Kansas City, MO - 64111-2429"
Maryville University of Saint Louis,-90.505998,38.644774,"650 Maryville University Drive, Saint Louis, MO - 63141-7299"
Missouri College of Cosmetology and Esthetics,-92.198801,38.571057,"1753 Woodclift Dr., Jefferson City, MO - 65109"
Midwest Institute,-90.465613,38.769983,"4260 Shoreline Drive, Earth City, MO - 63045"
Midwestern Baptist Theological Seminary,-94.573185,39.185691,"5001 N. Oak Trafficway, Kansas City, MO - 64118-4697"
Mineral Area College,-90.481847,37.845199,"5270 Flat River Road, Park Hills, MO - 63601-1000"
Missouri Baptist University,-90.462586,38.641526,"One College Park Dr, Saint Louis, MO - 63141-8698"
Missouri Southern State University,-94.461689,37.095155,"3950 E. Newman Road, Joplin, MO - 64801-1595"
Missouri Valley College,-93.190654,39.108522,"500 E College St, Marshall, MO - 65340"
Missouri Western State University,-94.785643,39.7575,"4525 Downs Dr, Saint Joseph, MO - 64507"
University of Missouri-Columbia,-92.328843,38.94531,"105 Jesse Hall, Columbia, MO - 65211"
University of Missouri-Kansas City,-94.582141,39.034179,"5000 Holmes St., Kansas City, MO - 64110"
Missouri University of Science and Technology,-91.775583,37.953426,"300 W.13th Street, Rolla, MO - 65409"
University of Missouri-St Louis,-90.311091,38.710312,"One University Boulevard, Saint Louis, MO - 63121-4400"
University of Missouri-System Office,-92.328843,38.94531,"105 Jesse Hall, Columbia, MO - 65211"
Moberly Area Community College,-92.455064,39.418607,"101 College Ave, Moberly, MO - 65270-1304"
Nazarene Theological Seminary,-94.565781,39.009265,"1700 E Meyer Blvd, Kansas City, MO - 64131-1246"
Neosho Beauty College,-94.368636,36.870562,"116 N Wood St, Neosho, MO - 64850-1525"
Truman State University,-92.581658,40.188267,"100 E Normal Avenue, Kirksville, MO - 63501-4221"
Northwest Missouri State University,-94.883339,40.351692,"800 University Drive, Maryville, MO - 64468-6001"
Ozark Christian College,-94.510622,37.103172,"1111 N Main St, Joplin, MO - 64801"
College of the Ozarks,-93.238174,36.616019,"100 Opportunity Avenue, Point Lookout, MO - 65726-0017"
Park University,-94.679041,39.189256,"8700 NW River Park Dr, Parkville, MO - 64152-3795"
Stevens-The Institute of Business & Arts,-90.201157,38.632917,"1521 Washington Avenue, Saint Louis, MO - 63103"
Poplar Bluff Technical Career Center,-90.450477,36.793776,"3203 Oak Grove Rd, Poplar Bluff, MO - 63901-8960"
Ranken Technical College,-90.248465,38.653303,"4431 Finney Ave, Saint Louis, MO - 63113-2811"
Research College of Nursing,-94.556762,39.006611,"2525 E. Meyer Boulevard, Kansas City, MO - 64132"
Rockhurst University,-94.573003,39.032318,"1100 Rockhurst Rd, Kansas City, MO - 64110-2561"
Saint Louis University,-90.2351,38.636801,"One North Grand Blvd, Saint Louis, MO - 63103-2097"
Salem College of Hairstyling,-91.785219,37.944067,"1051 Kings Hwy, Suite #1, Rolla, MO - 65401"
University of Health Sciences and Pharmacy in St. Louis,-90.260617,38.636904,"1 Pharmacy Place, Saint Louis, MO - 63110-1088"
Saint Louis Community College,-90.437078,38.745678,"3221 McKelvey Road, Bridgeton, MO - 63044"
Saint Paul School of Theology,-94.641277,38.880458,"13720 Roe Avenue, Leawood, KS - 66224"
Southwest Baptist University,-93.407056,37.602425,"1600 University Ave, Bolivar, MO - 65613-2596"
Missouri State University-West Plains,-91.857838,36.729574,"128 Garfield Avenue, West Plains, MO - 65775-2715"
St Louis College of Health Careers-St Louis,-90.26194,38.63155,"909 South Taylor Avenue, Saint Louis, MO - 63110"
State Fair Community College,-93.268028,38.696423,"3201 W 16th Street, Sedalia, MO - 65301-2199"
Stephens College,-92.319204,38.95204,"1200 E Broadway, Columbia, MO - 65215"
Southeast Missouri State University,-89.531187,37.311107,"One University Plaza, MS2025, Cape Girardeau, MO - 63701"
Missouri State University-Springfield,-93.281281,37.199258,"901 S National Avenue, Springfield, MO - 65897"
Three Rivers College,-90.429769,36.776571,"2080 Three Rivers Blvd, Poplar Bluff, MO - 63901"
North Central Missouri College,-93.617353,40.078096,"1301 Main St, Trenton, MO - 64683"
Kansas City University,-94.561374,39.107553,"1750 Independence Ave, Kansas City, MO - 64106-1453"
Washington University in St Louis,-90.310604,38.647929,"One Brookings Drive, Saint Louis, MO - 63130-4899"
Webster University,-90.345151,38.588875,"470 E Lockwood Ave., Saint Louis, MO - 63119-3194"
Westminster College,-91.955273,38.849354,"501 Westminster Ave, Fulton, MO - 65251-1299"
William Jewell College,-94.413126,39.247844,"500 College Hill, Liberty, MO - 64068-1896"
William Woods University,-91.950416,38.860287,"One University Avenue, Fulton, MO - 65251-2388"
Academy of Cosmetology Inc,-111.039848,45.680544,"133 W Mendenhall, Bozeman, MT - 59715-3544"
Blackfeet Community College,-113.009387,48.551927,"504 S.E. East Boundary, Browning, MT - 59417-0819"
Butte Academy of Beauty Culture,-112.540982,46.01274,"303 W Park St, Butte, MT - 59701"
Highlands College of Montana Tech,-112.509365,45.938145,"25 Basin Creek Rd, Butte, MT - 59701"
Crevier's Academy of Cosmetology Arts,-114.319109,48.201201,"240 West Idaho, Kalispell, MT - 59901"
Carroll College,-112.040285,46.600771,"1601 N Benton Ave, Helena, MT - 59625-0002"
Dawson Community College,-104.725485,47.085396,"300 College Dr, Glendive, MT - 59330"
Chief Dull Knife College,-106.664593,45.625568,"1 College Drive, Lame Deer, MT - 59043"
Montana State University Billings,-108.523009,45.796896,"1500 University Drive, Billings, MT - 59101-0298"
Flathead Valley Community College,-114.327258,48.227389,"777 Grandview Dr, Kalispell, MT - 59901"
Aaniiih Nakoda College,-108.757816,48.484196,"269 Blackfeet Avenue, Harlem, MT - 59526"
Fort Peck Community College,-105.193021,48.113569,"605 Indian Street, Poplar, MT - 59255-0398"
Great Falls College Montana State University,-111.269558,47.485581,"2100 16th Ave S, Great Falls, MT - 59405"
University of Providence,-111.270604,47.490713,"1301 20th St S, Great Falls, MT - 59405-4996"
Helena College University of Montana,-112.016035,46.595384,"1115 N Roberts Street, Helena, MT - 59601"
Little Big Horn College,-107.455421,45.603781,"8645 South Weaver Drive, Crow Agency, MT - 59022"
Miles Community College,-105.826524,46.40526,"2715 Dickinson Street, Miles City, MT - 59301-4774"
Montana Technological University,-112.559511,46.012868,"1300 W Park St, Butte, MT - 59701-8997"
Montana State University,-111.048812,45.666726,"Montana State University, Bozeman, MT - 59717"
The University of Montana,-113.982912,46.859312,"Missoula, Montana, Missoula, MT - 59812"
Montana State University-Northern,-109.687806,48.54149,"300 W 11th St, Havre, MT - 59501"
Rocky Mountain College,-108.554075,45.796522,"1511 Poly Drive, Billings, MT - 59102-1796"
Salish Kootenai College,-114.111635,47.598592,"58138 US  Highway 93, Pablo, MT - 59855"
The University of Montana-Western,-112.639264,45.208306,"710 S Atlantic, Dillon, MT - 59725-3598"
Bellevue University,-95.91764,41.150225,"1000 Galvin Rd S, Bellevue, NE - 68005-3098"
Clarkson College,-95.974847,41.259165,"101 S 42nd St, Omaha, NE - 68131-2739"
Bryan College of Health Sciences,-96.651532,40.796768,"1535 S 52nd St, Lincoln, NE - 68506"
Central Community College,-98.372549,40.889582,"3134 West Hwy 34, Grand Island, NE - 68802-4903"
Chadron State College,-103.001615,42.8199,"1000 Main St, Chadron, NE - 69337-2690"
College of Hair Design-Downtown,-96.705169,40.811084,"304 S Eleventh St, Lincoln, NE - 68508-2199"
Concordia University-Nebraska,-97.089054,40.914853,"800 N Columbia Ave, Seward, NE - 68434-1556"
Creighton University,-95.947811,41.265361,"2500 California Plaza, Omaha, NE - 68178"
Doane University,-96.950932,40.622952,"1014 Boswell Avenue, Crete, NE - 68333"
Hastings College,-98.374403,40.59025,"710 N Turner Ave, Hastings, NE - 68901"
CHI Health School of Radiologic Technology,-96.020431,41.32206,"6901 North 72nd St, Omaha, NE - 68122"
Joseph's College Cosmetology,-96.626464,40.815284,"6810 P Street #200, Lincoln, NE - 68505"
University of Nebraska at Kearney,-99.098699,40.701452,"2504 9th Avenue, Kearney, NE - 68849-1212"
Nebraska Methodist College of Nursing & Allied Health,-96.048511,41.265973,"720 North 87th Street, Omaha, NE - 68114-2852"
Metropolitan Community College Area,-95.957829,41.310451,"30th & Fort Street, Omaha, NE - 68111-1610"
Mid-Plains Community College,-100.7715,41.092717,"601 West State Farm Road, North Platte, NE - 69101"
Midland University,-96.488008,41.43674,"900 N. Clarkson St., Fremont, NE - 68025"
University of Nebraska at Omaha,-96.008516,41.258769,"6001 Dodge St, Omaha, NE - 68182-0225"
Nebraska Indian Community College,-96.35176,42.11677,"1111 Hwy 75, Macy, NE - 68039-0428"
University of Nebraska Medical Center,-95.973966,41.256312,"42nd & Dewey Ave, Omaha, NE - 68198-7815"
Nebraska Wesleyan University,-96.64831,40.839098,"5000 St Paul Ave, Lincoln, NE - 68504-2794"
University of Nebraska-Lincoln,-96.700508,40.817598,"1400 R Street, Lincoln, NE - 68588-0419"
Northeast Community College,-97.396578,42.048647,"801 E Benjamin, Norfolk, NE - 68702-0469"
Peru State College,-95.732731,40.474689,"600 Hoyt Street, Peru, NE - 68421-0010"
Summit Christian College,-103.675715,41.829274,"2025 21st Street, Gering, NE - 69341"
College of Saint Mary,-96.021425,41.240028,"7000 Mercy Rd., Omaha, NE - 68106"
Southeast Community College Area,-96.62818,40.81079,"301 South 68th Street Place, Lincoln, NE - 68510-2449"
Union Adventist University,-96.651095,40.774778,"3800 S 48th Street, Lincoln, NE - 68506"
University of Nebraska-Central Administration System Office,-96.665203,40.827494,"3835 Holdrege St, Lincoln, NE - 68583-0743"
Nebraska College of Technical Agriculture,-100.510409,40.635454,"404 East 7th, Curtis, NE - 69025-9552"
Wayne State College,-97.015122,42.241556,"1111 Main St, Wayne, NE - 68787"
Western Nebraska Community College,-103.64249,41.875705,"1601 East 27th Street, Scottsbluff, NE - 69361-1899"
York University,-97.579352,40.869526,"1125 E 8th St, York, NE - 68467-2699"
Academy of Hair Design-Las Vegas,-115.210473,36.15846,"5191 W. Charleston Blvd. #150, Las Vegas, NV - 89146"
Career College of Northern Nevada,-119.719415,39.540865,"1421 Pullman Dr., Sparks, NV - 89434-7905"
College of Southern Nevada,-115.233099,36.158114,"6375 W. Charleston Blvd., Las Vegas, NV - 89146-1164"
Las Vegas College,-115.275386,36.067688,"8410 Rafael Rivera Way, Las Vegas, NV - 89113"
University of Nevada-Las Vegas,-115.138462,36.106047,"4505 S Maryland Pky, Las Vegas, NV - 89154"
University of Nevada-Reno,-119.815377,39.543642,"1664 North Virginia Street, Reno, NV - 89557"
Great Basin College,-115.767274,40.84343,"1500 College Parkway, Elko, NV - 89801"
Truckee Meadows Community College,-119.796975,39.571402,"7000 Dandini Blvd, Reno, NV - 89512-3999"
Nevada System of Higher Education-System Office,-119.812301,39.551272,"2601 Enterprise Rd, Reno, NV - 89512"
Western Nevada College,-119.79036,39.186158,"2201 West College Parkway, Carson City, NV - 89703-7399"
Colby-Sawyer College,-71.975805,43.411663,"541 Main Street, New London, NH - 03257-7835"
Dartmouth College,-72.289949,43.704115,"207 Parkhurst Hall, Hanover, NH - 03755-3529"
Empire Beauty School-Laconia,-71.469612,43.527157,"556 Main St, Laconia, NH - 03246"
Empire Beauty School-Somersworth,-70.881563,43.23004,"456 High Street, Somersworth, NH - 03878"
Franklin Pierce University,-72.058011,42.78014,"40 University Drive, Rindge, NH - 03461-0060"
University of New Hampshire-Franklin Pierce School of Law,-71.545152,43.207371,"2 White St, Concord, NH - 03301-4197"
Keene Beauty Academy,-72.321097,42.948977,"800 Park Ave, Keene, NH - 03431"
Magdalen College,-71.834444,43.314908,"511 Kearsarge Mountain Road, Warner, NH - 03278-4012"
New England College,-71.822282,43.176403,"98 Bridge St, Henniker, NH - 03242"
New England School of Hair Design,-72.321429,43.627356,"12 Interchange Dr, West Lebanon, NH - 03784"
Southern New Hampshire University,-71.451842,43.038922,"2500 North River Road, Manchester, NH - 03106-1045"
New Hampshire Institute for Therapeutic Arts,-71.448163,42.764338,"48 Bridge Street #6, Nashua, NH - 03060"
University of New Hampshire-Main Campus,-70.932465,43.135934,"105 Main St., Thompson Hall, Durham, NH - 03824-3547"
Keene State College,-72.279276,42.926452,"229 Main Street, Keene, NH - 03435-1506"
University of New Hampshire at Manchester,-71.468755,42.987209,"88 Commercial Street, Manchester, NH - 03101-1113"
Plymouth State University,-71.690164,43.759573,"17 High Street, Plymouth, NH - 03264-1595"
NHTI-Concord's Community College,-71.531979,43.223621,"31 College Drive, Concord, NH - 03301-7412"
White Mountains Community College,-71.158535,44.503494,"2020 Riverside Drive, Berlin, NH - 03570"
River Valley Community College,-72.333114,43.399046,"1 College Place, Claremont, NH - 03743-9707"
Lakes Region Community College,-71.462602,43.507568,"379 Belmont Road, Laconia, NH - 03246"
Manchester Community College,-71.483534,43.019823,"1066 Front St, Manchester, NH - 03102-8518"
Nashua Community College,-71.523462,42.794576,"505 Amherst St, Nashua, NH - 03063-1026"
Great Bay Community College,-70.798969,43.072093,"320 Corporate Drive, Portsmouth, NH - 03801-2879"
Paul Mitchell the School-Portsmouth,-70.760159,43.075732,"140 Congress Street, Portsmouth, NH - 03801-4084"
Rivier University,-71.45626,42.738676,"420 South Main St, Nashua, NH - 03060"
Saint Anselm College,-71.503622,42.986889,"100 Saint Anselm Drive, Manchester, NH - 03102-1310"
St Joseph School of Nursing,-71.478401,42.750142,"5 Woodward Ave, Nashua, NH - 03060"
University of New Hampshire College of Professional Studies Online,-71.468755,42.987209,"88 Commercial Street, Manchester, NH - 03101"
Thomas More College of Liberal Arts,-71.48437,42.80683,"6 Manchester St, Merrimack, NH - 03054"
University System of New Hampshire System Office,-71.494937,43.212833,"5 Chenell Drive, Suite 301, Concord, NH - 03301-8503"
Eastwick College-Hackensack,-74.040491,40.885847,"250 Moore Street, Hackensack, NJ - 07601"
Assumption College for Sisters,-74.490693,40.905857,"200 A Morris Avenue, Denville, NJ - 07834"
Atlantic Cape Community College,-74.680019,39.462081,"5100 Black Horse Pike, Mays Landing, NJ - 08330-2699"
Fortis Institute-Wayne,-74.255794,40.885499,"201 Willowbrook Blvd., Wayne, NJ - 07470"
Bergen Community College,-74.088804,40.951782,"400 Paramus Rd, Paramus, NJ - 07652-1595"
Berkeley College-Woodland Park,-74.189483,40.898587,"44 Rifle Camp Rd, Woodland Park, NJ - 07424"
Beth Medrash Govoha,-74.221328,40.095672,"617 6th St, Lakewood, NJ - 08701-2754"
Bloomfield College,-74.194309,40.795105,"467 Franklin St, Bloomfield, NJ - 07003"
Brookdale Community College,-74.132746,40.324906,"765 Newman Springs Rd, Lincroft, NJ - 07738-1597"
Rowan College at Burlington County,-74.894464,39.972205,"900 College Circle, Mount Laurel, NJ - 08054-1599"
Caldwell University,-74.272571,40.832753,"120 Bloomfield Avenue, Caldwell, NJ - 07006-6195"
Camden County College,-75.038381,39.784874,"200 College Drive, Blackwood, NJ - 08012"
Centenary University,-74.833644,40.84764,"400 Jefferson St, Hackettstown, NJ - 07840"
Adult and Continuing Education-BCTS,-74.035045,40.900877,"190 Hackensack Avenue, Hackensack, NJ - 07601-6637"
Lincoln Technical Institute-Iselin,-74.309058,40.55934,"675 US Route 1 South, 2nd Floor, Iselin, NJ - 08830"
American Institute-Clifton,-74.130158,40.873516,"346 LEXINGTON AVE, CLIFTON, NJ - 07011"
County College of Morris,-74.579873,40.859141,"214 Center Grove Rd, Randolph, NJ - 07869-2086"
Rowan College of South Jersey-Cumberland Campus,-75.057829,39.440537,"3322 College Drive, Vineland, NJ - 08362-1500"
Drew University,-74.424584,40.761829,"36 Madison Ave, Madison, NJ - 07940"
Lincoln Technical Institute-South Plainfield,-74.420989,40.551078,"901 Hadley Road, South Plainfield, NJ - 07080-2424"
Essex County College,-74.178234,40.738444,"303 University Ave, Newark, NJ - 07102"
Empire Beauty School-Union,-74.238364,40.684576,"1126 Morris Ave, Union, NJ - 07083"
Fairleigh Dickinson University-Metropolitan Campus,-74.028986,40.897209,"1000 River Rd, Teaneck, NJ - 07666"
Felician University,-74.096452,40.867272,"262 S Main St, Lodi, NJ - 07644"
Fairleigh Dickinson University-Florham Campus,-74.432121,40.774498,"285 Madison Ave, Madison, NJ - 07940"
Hohokus School of Trade and Technical Sciences,-74.152581,40.909377,"634 Market Street, Paterson, NJ - 07513"
Georgian Court University,-74.228186,40.099617,"900 Lakewood Ave, Lakewood, NJ - 08701-2697"
Rowan University,-75.119119,39.709108,"201 Mullica Hill Road, Glassboro, NJ - 08028"
Rowan College of South Jersey-Gloucester Campus,-75.121269,39.781339,"1400 Tanyard Road, Sewell, NJ - 08080"
Empire Beauty School-Cherry Hill,-75.017823,39.941469,"2100 State Highway #38 Plaza Cherry Hill, Cherry Hill, NJ - 08002"
Eastwick College-Ramsey,-74.131486,41.057866,"10 South Franklin Turnpike, Ramsey, NJ - 07446-2551"
Holy Name Medical Center-Sister Claire Tynan School of Nursing,-73.948887,40.874956,"333 Hudson Terrace, Englewood Cliffs, NJ - 07632"
Hudson County Community College,-74.062903,40.7303,"70 Sip Avenue, Jersey City, NJ - 07306"
New Jersey City University,-74.08727,40.709937,"2039 Kennedy Blvd, Jersey City, NJ - 07305"
Joe Kubert School of Cartoon and Graphic Art,-74.552663,40.887315,"37 Myrtle Ave, Dover, NJ - 07801"
Kean University,-74.233503,40.677981,"1000 Morris Avenue, Union, NJ - 07083"
Lincoln Technical Institute-Union,-74.274929,40.706359,"2299 Vauxhall Rd, Union, NJ - 07083"
Rizzieri Aveda School for Beauty and Wellness,-74.999788,39.851767,"8200 Town Center Blvd, Voorhees, NJ - 08043-1800"
Mercer County Community College,-74.650719,40.254398,"1200 Old Trenton Rd, West Windsor, NJ - 08550-3407"
Middlesex College,-74.366544,40.504728,"2600 Woodbridge Avenue, Edison, NJ - 08837"
Monmouth University,-74.006447,40.280066,"400 Cedar Ave, West Long Branch, NJ - 07764-1898"
Montclair State University,-74.198141,40.860414,"1 Normal Avenue, Montclair, NJ - 07043-1624"
JFK Muhlenberg Harold B. and Dorothy A. Snyder Schools,-74.404293,40.605982,"1200 Randolph Rd, Plainfield, NJ - 07060"
Eastwick College-Nutley,-74.144192,40.810742,"103 Park Ave, Nutley, NJ - 07110"
New Brunswick Theological Seminary,-74.449368,40.501314,"35 Seminary Place, New Brunswick, NJ - 08901-1107"
Robert Fiance Beauty Schools-West New York,-74.018286,40.786079,"5518 Bergenline Ave, West New York, NJ - 07093-4623"
New Jersey Institute of Technology,-74.177113,40.741997,"University Heights, Newark, NJ - 07102"
Ocean County College,-74.16549,40.007809,"College Drive, Toms River, NJ - 08754-2001"
P B Cosmetology Education Center,-75.126308,39.898805,"110 Monmouth St, Gloucester, NJ - 08030"
Parisian Beauty School,-74.041163,40.889745,"362 State St, Hackensack, NJ - 07601-5509"
Passaic County Community College,-74.168778,40.918449,"One College Blvd, Paterson, NJ - 07505-1179"
Pennco Tech-Blackwood,-75.061659,39.807941,"99 Erial Road, Blackwood, NJ - 08012"
Princeton Theological Seminary,-74.66645,40.345849,"64 Mercer St, Princeton, NJ - 08542-0803"
Princeton University,-74.659365,40.348732,"1 Nassau Hall, Princeton, NJ - 08544-0070"
Rabbinical College of America,-74.49878,40.805705,"226 Sussex Ave, Morristown, NJ - 07960-3600"
Ramapo College of New Jersey,-74.174086,41.080942,"505 Ramapo Valley Rd, Mahwah, NJ - 07430-1680"
Robert Fiance Beauty Schools,-80.060233,26.513629,"552 E Woolbright Rd, Boynton Beach, FL - 33435"
Rider University,-74.737833,40.278796,"2083 Lawrenceville Road, Lawrenceville, NJ - 08648-3099"
Rutgers University-Camden,-75.12224,39.948064,"406 Penn Street, Camden, NJ - 08102"
Rutgers University-New Brunswick,-74.446251,40.498769,"83 Somerset St, New Brunswick, NJ - 08901-1281"
Rutgers University-Newark,-74.175809,40.739122,"249 University Avenue, Blumenthal Hall, Newark, NJ - 07102"
Capital Health School of Radiologic Technology,-74.741869,40.216592,"601 Hamilton Ave, Trenton, NJ - 08629-1986"
Capital Health School of Nursing,-74.74186,40.216523,"601 Hamilton Ave, Trenton, NJ - 08629-1986"
Saint Peter's University,-74.071541,40.727105,"2641 Kennedy Blvd, Jersey City, NJ - 07306-5997"
Salem Community College,-75.47013,39.698756,"460 Hollywood Avenue, Carneys Point, NJ - 08069-2799"
Seton Hall University,-74.246027,40.742336,"400 S Orange Ave, South Orange, NJ - 07079-2697"
Shore Beauty School,-74.613498,39.433238,"3003 English Creek Avenue, Egg Harbor Township, NJ - 08234"
Saint Elizabeth University,-74.438221,40.78182,"2 Convent Road, Morristown, NJ - 07960"
Raritan Valley Community College,-74.688127,40.609681,"118 Lamington Road, Branchburg, NJ - 08876"
Stevens Institute of Technology,-74.025334,40.744776,"Castle Point On Hudson, Hoboken, NJ - 07030-5991"
Stockton University,-74.531087,39.492036,"101 Vera King Farris Drive, Galloway, NJ - 08205-9441"
Talmudical Academy-New Jersey,-74.250167,40.217456,"868 Route 524, Adelphia, NJ - 07710"
Aviation Institute of Maintenance-Teterboro,-74.065599,40.864741,"459 State Route 17, Hasbrouck Heights, NJ - 07604"
Thomas Edison State University,-74.768562,40.220487,"111 W State St, Trenton, NJ - 08608"
The College of New Jersey,-74.778791,40.268651,"2000 Pennington Road, Ewing, NJ - 08628-7718"
"UCNJ Union College of Union County, NJ",-74.319138,40.668595,"1033 Springfield Avenue, Cranford, NJ - 07016-1528"
William Paterson University of New Jersey,-74.200248,40.945255,"300 Pompton Rd, Wayne, NJ - 07470"
Olympian Academy of Cosmetology,-106.757515,32.294823,"1440 MISSOURI AVE  STE 7, LAS CRUCES, NM - 88001-5330"
Central New Mexico Community College,-106.628861,35.071878,"525 Buena Vista Dr SE, Albuquerque, NM - 87106"
Navajo Technical University,-108.149392,35.687431,"Lower Point Road, State Road 371, Crownpoint, NM - 87313-0849"
New Mexico State University-Dona Ana,-106.737172,32.354486,"2800 N. Sonoma Ranch Blvd., Las Cruces, NM - 88011"
Clovis Community College,-103.165886,34.402483,"417 Schepps Blvd, Clovis, NM - 88101-8381"
Eastern New Mexico University-Main Campus,-103.34819,34.175592,"ENMU Station 2, 1500 S Ave K, Portales, NM - 88130"
Eastern New Mexico University-Roswell Campus,-104.525718,33.313167,"52 University Blvd, Roswell, NM - 88203-6000"
Institute of American Indian and Alaska Native Culture and Arts Development,-106.010015,35.586563,"83 Avan Nu Po Road, Santa Fe, NM - 87508-1300"
New Mexico Highlands University,-105.219197,35.596233,"803 University Ave, Las Vegas, NM - 87701"
New Mexico Junior College,-103.182896,32.757808,"5317 Lovington Hwy, Hobbs, NM - 88240"
New Mexico Military Institute,-104.524448,33.409617,"101 W.  College Blvd., Roswell, NM - 88201-5173"
University of New Mexico-Gallup Campus,-108.727252,35.502662,"705 Gurley Ave., Gallup, NM - 87301"
New Mexico Institute of Mining and Technology,-106.905211,34.067041,"801 Leroy Place, Socorro, NM - 87801"
University of New Mexico-Los Alamos Campus,-106.319557,35.886153,"4000 University Dr, Los Alamos, NM - 87544"
University of New Mexico-Main Campus,-106.620155,35.083868,"1700 Lomas Blvd NE, Albuquerque, NM - 87131"
New Mexico State University-Alamogordo,-105.926241,32.92033,"2400 North Scenic Drive, Alamogordo, NM - 88310"
Southeast New Mexico College,-104.265536,32.442028,"1500 University Drive, Carlsbad, NM - 88220"
New Mexico State University-Grants,-107.843638,35.165965,"1500 Third Street, Grants, NM - 87020-2025"
New Mexico State University-Main Campus,-106.752069,32.281568,"2850 Weddell Street, Las Cruces, NM - 88003-8001"
University of New Mexico-Valencia County Campus,-106.705371,34.728683,"280 La Entrada, Los Lunas, NM - 87031-7633"
Northern New Mexico College,-106.084395,36.004073,"921 Paseo de Onate, Espanola, NM - 87532"
San Juan College,-108.169468,36.770446,"4601 College Blvd, Farmington, NM - 87402-4699"
Santa Fe Community College,-105.998054,35.605871,"6401 Richards Ave, Santa Fe, NM - 87508-4887"
University of the Southwest,-103.186948,32.775496,"6610 North Lovington Hwy, Hobbs, NM - 88240"
Southwestern College,-106.052585,35.636241,"3960  San Felipe Road, Santa Fe, NM - 87507-9196"
Southwestern Indian Polytechnic Institute,-106.664475,35.176084,"9169 Coors Blvd NW, Albuquerque, NM - 87120-3101"
University of New Mexico-Taos Campus,-105.651709,36.348861,"1157 County Road 110, Ranchos de Taos, NM - 87557"
Mesalands Community College,-103.736303,35.170332,"911 S Tenth Street, Tucumcari, NM - 88401-3352"
Vogue College of Cosmetology-Santa Fe,-105.981816,35.659082,"2434 Cerillos Road, Santa Fe, NM - 87505"
Western New Mexico University,-108.283284,32.7767,"1000 W. College Ave, Silver City, NM - 88061"
Vaughn College of Aeronautics and Technology,-73.881721,40.768348,"86-01 23rd Avenue, Flushing, NY - 11369"
Adelphi University,-73.653321,40.721439,"1 South Ave, Garden City, NY - 11530-0701"
SUNY Adirondack,-73.654813,43.351839,"640 Bay Rd, Queensbury, NY - 12804"
Bryant & Stratton College-Albany,-73.809977,42.698125,"1259 Central Ave, Albany, NY - 12205"
Albany College of Pharmacy and Health Sciences,-73.779063,42.650371,"106 New Scotland Avenue, Albany, NY - 12208-3492"
Albany Law School,-73.777495,42.651818,"80 New Scotland Avenue, Albany, NY - 12208"
Albany Medical College,-73.777289,42.65382,"47 New Scotland Ave, Albany, NY - 12208-3479"
Alfred University,-77.788106,42.254476,"One Saxon Drive, Alfred, NY - 14802-1205"
Allen School-Brooklyn,-73.991546,40.693797,"188 Montague Street, Brooklyn, NY - 11201"
The Ailey School,-73.986891,40.766921,"405 W 55th Street, New York, NY - 10019-4402"
American Academy of Dramatic Arts-New York,-73.984843,40.745545,"120 Madison Ave, New York, NY - 10016"
American Academy McAllister Institute of Funeral Service,-73.986466,40.757105,"1501 Broadway, 11th Floor, Suite 1102, New York, NY - 10036"
Joffrey Ballet School,-73.998566,40.734545,"434 Ave of the Americas, New York, NY - 10011"
American Musical and Dramatic Academy,-73.987549,40.772275,"211 West 61st Street, New York, NY - 10023"
Apex Technical School,-73.949306,40.748807,"11-05 44th Drive, Long Island City, NY - 11101"
Arnot Ogden Medical Center,-76.828062,42.101171,"600 Roe Avenue, Elmira, NY - 14905-1676"
Associated Beth Rivkah Schools,-73.950704,40.665544,"310 Crown Street, Brooklyn, NY - 11225-0000"
Bank Street College of Education,-73.966643,40.805604,"610 W 112 St, New York, NY - 10025"
Bard College,-73.909927,42.020386,"Annandale Road, Annandale-On-Hudson, NY - 12504-5000"
Barnard College,-73.963346,40.810098,"3009 Broadway, New York, NY - 10027-6598"
Berk Trade and Business School,-73.930982,40.745021,"33-09 Queens Boulevard, Long Island City, NY - 11101-8120"
Berkeley College-New York,-73.979458,40.753986,"3 East 43 Street, New York, NY - 10017"
Berkowits School of Electrolysis,-73.845213,40.709736,"107-25 Metropolitan Avenue, Forest Hills, NY - 11375-6820"
Beth Hamedrash Shaarei Yosher Institute,-73.981202,40.635444,"4102 16th Ave, Brooklyn, NY - 11204"
Mount Sinai Phillips School of Nursing,-73.936639,40.804778,"148 East 126th Street, New York, NY - 10035-6354"
Brittany Beauty Academy,-74.028581,40.62318,"375 86th Street, Brooklyn, NY - 11209"
Boricua College,-73.9458,40.833434,"3755 Broadway, New York, NY - 10032-1560"
Brittany Beauty Academy,-73.516164,40.72479,"3274 Hempstead Turnpike, Levittown, NY - 11756-1345"
American Beauty School,-73.860639,40.835331,"1380 Metropolitan Avenue, Bronx, NY - 10462"
Brooklyn Law School,-73.989623,40.691836,"250 Joralemon St, Brooklyn, NY - 11201"
SUNY Broome Community College,-75.908065,42.135872,"907 Upper Front Street, Binghamton, NY - 13901-1001"
Bryant & Stratton College-Syracuse North,-76.230807,43.149337,"7805 Oswego Rd, Liverpool, NY - 13090"
Bryant & Stratton College-Buffalo,-78.869108,42.887197,"110 Broadway, 2nd Floor, Buffalo, NY - 14203"
Bryant & Stratton College-Greece,-77.69559,43.240547,"854 Long Pond Road, Rochester, NY - 14612"
Canisius University,-78.852577,42.925206,"2001 Main Street, Buffalo, NY - 14208-1098"
Capri Cosmetology Learning Centers,-74.022421,41.09909,"251 West Route 59, Nanuet, NY - 10954"
St Paul's School of Nursing-Queens,-73.858441,40.72921,"97-77 Queens Blvd, Rego Park, NY - 11374"
Cayuga County Community College,-76.542867,42.943726,"197 Franklin Street, Auburn, NY - 13021-3099"
Cazenovia College,-75.854882,42.932489,"22 Sullivan St, Cazenovia, NY - 13035"
Central Yeshiva Tomchei Tmimim Lubavitz,-73.938778,40.669694,"885 Eastern Parkway, Brooklyn, NY - 11213-2798"
"Christine Valmy International School for Esthetics, Skin Care & Makeup",-73.986466,40.757105,"1501 Broadway Suite 700, New York, NY - 10036"
Circle in the Square Theatre School,-73.984607,40.762059,"1633 Broadway, New York, NY - 10019-6795"
CUNY System Office,-73.973639,40.750845,"205 East 42nd Street, New York, NY - 10017"
Clarkson University,-74.999359,44.662716,"8 Clarkson Ave, Potsdam, NY - 13699"
Clinton Community College,-73.439739,44.64841,"136 Clinton Point Dr., Plattsburgh, NY - 12901"
Cochran School of Nursing,-73.885705,40.969116,"967 North Broadway-Andrus Pavillion-Saint John's Riverside,  HOSP, Yonkers, NY - 10701"
Colgate Rochester Crozer Divinity School,-77.584292,43.159775,"320 North Goodman St, Suite 207, Rochester, NY - 14607"
Colgate University,-75.536346,42.819475,"13 Oak Drive, Hamilton, NY - 13346-1398"
Metropolitan College of New York,-74.014702,40.708706,"60 West Street, New York, NY - 10006-1742"
Columbia University in the City of New York,-73.961885,40.808286,"West 116 St and Broadway, New York, NY - 10027"
Columbia-Greene Community College,-73.818113,42.217613,"4400 Route 23, Hudson, NY - 12534"
Empire Beauty School-Queens,-73.919033,40.759259,"38-15 Broadway, Astoria, NY - 11103"
Continental School of Beauty Culture-Rochester,-77.626383,43.086397,"633 Jefferson Rd, Rochester, NY - 14623"
The Cooper Union for the Advancement of Science and Art,-73.991609,40.728148,"7 East 7th Street, New York, NY - 10003-7120"
Cornell University,-76.483084,42.4472,"300 Day Hall, Ithaca, NY - 14853"
Weill Medical College of Cornell University,-73.954839,40.764738,"1300 York Avenue, New York, NY - 10065"
SUNY Corning Community College,-77.072138,42.116736,"1 Academic Dr, Corning, NY - 14830"
Pomeroy College of Nursing at Crouse Hospital,-76.056002,43.101054,"5000 Brittonfield Parkway, East Syracuse, NY - 13057-1687"
Culinary Institute of America,-73.933231,41.745806,"1946 Campus Drive, Hyde Park, NY - 12538-1499"
CUNY Bernard M Baruch College,-73.983417,40.740238,"One Bernard Baruch Way (55 Lexington Ave at 24th St), New York, NY - 10010"
CUNY Borough of Manhattan Community College,-74.011826,40.71879,"199 Chambers St, New York, NY - 10007"
CUNY Bronx Community College,-73.912043,40.858112,"2155 University Avenue, Bronx, NY - 10453"
CUNY Brooklyn College,-73.949898,40.631517,"2900 Bedford Ave, Brooklyn, NY - 11210"
College of Staten Island CUNY,-74.14849,40.601831,"2800 Victory Blvd, Staten Island, NY - 10314"
CUNY City College,-73.948542,40.819846,"160 Convent Ave, New York, NY - 10031"
CUNY Graduate School and University Center,-73.983822,40.748612,"365 Fifth Ave, New York, NY - 10016"
CUNY Hostos Community College,-73.926759,40.81812,"500 Grand Concourse, Bronx, NY - 10451"
CUNY Hunter College,-73.964795,40.768669,"695 Park Ave, New York, NY - 10065"
CUNY John Jay College of Criminal Justice,-73.98841,40.770351,"524 W 59th St, New York, NY - 10019"
CUNY Kingsborough Community College,-73.935812,40.577222,"2001 Oriental Blvd, Brooklyn, NY - 11235"
CUNY LaGuardia Community College,-73.935057,40.7445,"31-10 Thomson Ave, Long Island City, NY - 11101"
CUNY Lehman College,-73.895379,40.872962,"250 Bedford Park Blvd West, Bronx, NY - 10468"
CUNY Medgar Evers College,-73.957076,40.666256,"1650 Bedford Ave, Brooklyn, NY - 11225"
CUNY New York City College of Technology,-73.987856,40.695483,"300 Jay St, Brooklyn, NY - 11201"
CUNY Queens College,-73.820053,40.736416,"65-30 Kissena Blvd, Queens, NY - 11367"
CUNY Queensborough Community College,-73.756656,40.755481,"222-05 56th Ave, Bayside, NY - 11364-1497"
CUNY School of Law,-73.943621,40.747797,"2 Court Square, Long Island City, NY - 11101"
CUNY York College,-73.796313,40.701576,"94-20 Guy R. Brewer Blvd, Jamaica, NY - 11451"
CVPH Medical Center School of Radiologic Technology,-73.469597,44.699929,"75 Beekman St, Plattsburgh, NY - 12901-1438"
D'Youville  University,-78.890868,42.902636,"320 Porter Ave, Buffalo, NY - 14201-1084"
Daemen University,-78.788111,42.965605,"4380 Main St, Amherst, NY - 14226-3592"
Yeshiva of Far Rockaway Derech Ayson Rabbinical Seminary,-73.743901,40.60049,"802 Hicksville Rd, Far Rockaway, NY - 11691-5219"
Dominican University New York,-73.950555,41.047419,"470 Western Highway, Orangeburg, NY - 10962-1210"
Dutchess Community College,-73.904652,41.724245,"53 Pendell Rd, Poughkeepsie, NY - 12601-1595"
Belanger School of Nursing,-73.915884,42.802979,"650 McClellan St, Schenectady, NY - 12304"
Elmira College,-76.813459,42.0961,"One Park Place, Elmira, NY - 14901"
Erie Community College,-78.872679,42.881771,"121 Ellicott St, Buffalo, NY - 14203-2698"
Fashion Institute of Technology,-73.994781,40.74731,"227 W 27th St, New York, NY - 10001-5992"
Finger Lakes Community College,-77.241801,42.867556,"3325 Marvin Sands Drive, Canandaigua, NY - 14424-8395"
Five Towns College,-73.369348,40.794506,"305 North Service Road, Dix Hills, NY - 11746-5871"
Fordham University,-73.882705,40.859354,"441 E Fordham Rd, Bronx, NY - 10458"
Fulton-Montgomery Community College,-74.297492,42.983805,"2805 State Hwy 67, Johnstown, NY - 12095-3790"
Gemological Institute of America-New York,-73.980813,40.757267,"50 West 47th Street, 8th Floor, New York, NY - 10036"
Genesee Community College,-78.138079,43.017016,"One College Rd, Batavia, NY - 14020-9704"
Hamilton College,-75.408195,43.050245,"198 College Hill Rd, Clinton, NY - 13323"
Hartwick College,-75.071994,42.457599,"One Hartwick Drive, Oneonta, NY - 13820-4020"
Helene Fuld College of Nursing,-73.943356,40.802495,"24 East 120th Street, New York, NY - 10035-2737"
Herkimer County Community College,-75.007206,43.032738,"100 Reservoir Rd, Herkimer, NY - 13350-1598"
Hilbert College,-78.820257,42.75464,"5200 S Park Ave, Hamburg, NY - 14075-1597"
Hobart William Smith Colleges,-76.985516,42.858131,"337 Pulteney Street, Geneva, NY - 14456"
Hofstra University,-73.60078,40.715959,"100 Hofstra University, Hempstead, NY - 11549"
Houghton University,-78.155426,42.426137,"1 Willard Ave, Houghton, NY - 14744"
Hudson Valley Community College,-73.683734,42.696509,"80 Vandenburgh Ave, Troy, NY - 12180"
Hunter Business School,-73.501125,40.728029,"3601 Hempstead Tpk Unit19, Levittown, NY - 11756-1375"
Iona University,-73.788046,40.925725,"715 North Ave, New Rochelle, NY - 10801-1890"
Isabella Graham Hart School of Practical Nursing,-77.572061,43.198008,"470 Skyview Centre Pkwy, Rochester, NY - 14622"
Island Drafting and Technical Institute,-73.416761,40.6756,"128 Broadway Rte 110, Amityville, NY - 11701-2704"
Ithaca College,-76.494136,42.422154,"953 Danby Road, Ithaca, NY - 14850-7002"
Jamestown Community College,-79.218967,42.1146,"525 Falconer St, Jamestown, NY - 14701"
Jamestown Business College,-79.249601,42.095452,"7 Fairmount Ave, Jamestown, NY - 14701-4756"
Jefferson Community College,-75.935051,43.992827,"1220 Coffeen St, Watertown, NY - 13601-1897"
Jewish Theological Seminary of America,-73.960582,40.811892,"3080 Broadway, New York, NY - 10027-4649"
The Juilliard School,-73.982913,40.773725,"60 Lincoln Center Plaza, New York, NY - 10023-6588"
Kehilath Yakov Rabbinical Seminary,-73.814887,41.220521,"340  Illington Road, Ossining, NY - 10562"
Keuka College,-77.090562,42.615253,"141 Central Avenue, Keuka Park, NY - 14478"
LIM College,-73.979413,40.754991,"545 Fifth Avenue, New York, NY - 10017-0000"
Le Moyne College,-76.090435,43.049192,"1419 Salt Springs Rd, Syracuse, NY - 13214-1301"
Long Island University,-73.593678,40.820714,"720 Northern Blvd, Brookville, NY - 11548-1327"
Long Island Beauty School-Hempstead,-73.629666,40.707701,"173-A  Fulton Ave, Hempstead, NY - 11550"
Long Island Business Institute,-73.829457,40.760109,"136-18 39th Avenue, Fifth Floor, Flushing, NY - 11354-5577"
Machzikei Hadath Rabbinical College,-73.988378,40.627937,"5407 16th Ave, Brooklyn, NY - 11204-1805"
Mandl School-The College of Allied Health,-73.983786,40.764404,"254 W 54th St, New York, NY - 10019-5516"
Manhattan College,-73.901893,40.889756,"4513 Manhattan College Parkway, Riverdale, NY - 10471-4098"
Manhattan School of Music,-73.961334,40.812312,"130 Claremont Avenue, New York, NY - 10027"
Manhattanville College,-73.715645,41.032187,"2900 Purchase St, Purchase, NY - 10577"
Maria College of Albany,-73.806287,42.657789,"700 New Scotland Ave, Albany, NY - 12208"
Marion S Whelan School of Nursing of Geneva General Hospital,-76.987844,42.876429,"196 North St, Geneva, NY - 14456-1651"
Marist College,-73.935484,41.720937,"3399 North Rd, Poughkeepsie, NY - 12601"
Marymount Manhattan College,-73.959767,40.768787,"221 E 71st St, New York, NY - 10021-4597"
Medaille University,-78.855941,42.92856,"18 Agassiz Circle, Buffalo, NY - 14214-2695"
St. Peter's Hospital College of Nursing,-73.807616,42.658346,"714 New Scotland Ave, Albany, NY - 12208"
Memorial Hospital School of Radiation Therapy Technology,-73.956143,40.764128,"1275 York Ave, New York, NY - 10065-6007"
Mercy University,-73.874447,41.021626,"555 Broadway, Dobbs Ferry, NY - 10522"
Mesivta Torah Vodaath Rabbinical Seminary,-73.969395,40.6382,"425 E 9th St, Brooklyn, NY - 11218"
Mesivta of Eastern Parkway-Yeshiva Zichron Meilech,-73.979327,40.635236,"510 Dahill Rd, Brooklyn, NY - 11218-5559"
Mesivtha Tifereth Jerusalem of America,-73.991271,40.713812,"145 E Broadway, New York, NY - 10002-6301"
Mildred Elley School-Albany Campus,-73.788615,42.680833,"855 Central Ave, Albany, NY - 12206-1513"
Mirrer Yeshiva Cent Institute,-73.966049,40.605043,"1791-5 Ocean Parkway, Brooklyn, NY - 11223-2010"
Modern Welding School,-73.903157,42.779193,"1842 State St, Schenectady, NY - 12304"
Mohawk Valley Community College,-75.219367,43.076765,"1101 Sherman Dr, Utica, NY - 13501-5394"
Molloy College,-73.626183,40.685941,"1000 Hempstead Ave, Rockville Centre, NY - 11571-5002"
Monroe College,-73.900215,40.864459,"2501 Jerome Avenue, Bronx, NY - 10468"
Monroe Community College,-77.610136,43.101036,"1000 E Henrietta Rd, Rochester, NY - 14623"
Mount Saint Mary College,-74.012655,41.513872,"330 Powell Avenue, Newburgh, NY - 12550"
Montefiore School of Nursing,-73.840582,40.912133,"53 Valentine Street, Mount Vernon, NY - 10550-2009"
University of Mount Saint Vincent,-73.908887,40.913657,"6301 Riverdale Avenue, Bronx, NY - 10471-1093"
Icahn School of Medicine at Mount Sinai,-73.952414,40.790359,"One Gustave L Levy Place, Box 1217, New York, NY - 10029-6574"
Nassau Community College,-73.595286,40.728872,"One Education Dr, Garden City, NY - 11530-6793"
Nazareth University,-77.518579,43.101576,"4245 East Ave, Rochester, NY - 14618-3790"
Neighborhood Playhouse School of the Theater,-73.965332,40.756613,"340 E 54th Street, New York City, NY - 10022-5017"
The New School,-73.997114,40.735508," , New York, NY - 10011"
Northeast College of Health Sciences,-76.756232,42.91173,"2360 State Route 89, Seneca Falls, NY - 13148-0800"
New York Law School,-74.006969,40.717998,"185 West Broadway, New York, NY - 10013-2921"
New York Medical College,-73.810042,41.085031,"Administration Building, Valhalla, NY - 10595"
New York School for Medical and Dental Assistants,-73.931391,40.744291,"33-10 Queens Blvd, Long Island City, NY - 11101"
New York Theological Seminary,-73.961549,40.811823,"3041 Broadway, New York, NY - 10027"
New York University,-73.997264,40.729452,"70 Washington Sq South, New York, NY - 10012-1091"
Niagara County Community College,-78.87579,43.147701,"3111 Saunders Settlement Rd, Sanborn, NY - 14132"
Niagara University,-79.036689,43.137279,"Lewiston Road, Niagara University, NY - 14109"
Empire Beauty School-Peekskill,-73.918806,41.291484,"19 Bank St, Peekskill, NY - 10566"
North Country Community College,-74.119981,44.318645,"23 Santanoni Avenue, Saranac Lake, NY - 12983-0089"
New York College of Podiatric Medicine,-73.940496,40.805037,"53 East 124 Street, New York, NY - 10035-1940"
New York Institute of Technology,-73.6078,40.812447,"Northern Blvd, Old Westbury, NY - 11568-8000"
New York School of Interior Design,-73.962404,40.768615,"170 East 70th Street, New York, NY - 10021"
Alliance University,-74.015605,40.705798,"2 Washington Street, New York, NY - 10004"
Ohr Hameir Theological Seminary,-73.889793,41.268725,"141 Furnace Woods Rd, Peekskill, NY - 10566"
Onondaga Community College,-76.197878,43.006329,"4585 West Seneca Turnpike, Syracuse, NY - 13215-4585"
Orange County Community College,-74.426028,41.438629,"115 South St, Middletown, NY - 10940"
Otsego Area BOCES-Practical Nursing Program,-75.064864,42.459471,"31 Center Street 3rd floor, Oneonta, NY - 13820-1142"
Pace University,-74.004719,40.711014,"1 Pace Plaza, New York, NY - 10038-1598"
Paul Smiths College of Arts and Science,-74.252675,44.433965,"7777 State Route 30, Paul Smiths, NY - 12970-0265"
Continental School of Beauty Culture-West Seneca,-78.754584,42.828416,"1050 Union Rd, West Seneca, NY - 14224"
Plaza College,-73.831156,40.714894,"118-33 Queens Boulevard, Forest Hills, NY - 11375"
Davis College,-73.812057,43.730713,"4230 Glendale Road, Pottersville, NY - 12860-2300"
Pratt Institute-Main,-73.96431,40.691297,"200 Willoughby Ave, Brooklyn, NY - 11205"
Rabbinical Academy Mesivta Rabbi Chaim Berlin,-73.963615,40.618347,"1593 Coney Island Ave, Brooklyn, NY - 11230"
Rabbinical College Bobover Yeshiva Bnei Zion,-73.985026,40.631954,"1577 48th St, Brooklyn, NY - 11219"
Rabbinical College Beth Shraga,-74.07258,41.114116,"28 Saddle River Rd, Monsey, NY - 10952-3033"
Rabbinical Seminary Mkor Chaim,-74.214817,40.046838,"160 Locust Street, Lakewood, NJ - 08701-5827"
Rabbinical College of Long Island,-73.670238,40.586427,"205 W Beech Street, Long Beach, NY - 11561"
Rabbinical Seminary of America,-73.817161,40.72308,"76-01 147th St, Flushing, NY - 11367"
Rensselaer Polytechnic Institute,-73.676646,42.729978,"110 8th St, Troy, NY - 12180-3590"
Roberts Wesleyan University,-77.798498,43.125755,"2301 Westside Dr, Rochester, NY - 14624"
Rochester Institute of Technology,-77.67386,43.084188,"1 Lomb Memorial Dr, Rochester, NY - 14623-5603"
University of Rochester,-77.631202,43.126397,"Wilson Blvd. - Wallis Hall, Rochester, NY - 14627-0011"
The Rockefeller University,-73.955198,40.762489,"1230 York Avenue, New York, NY - 10065-6399"
Rockland Community College,-74.085969,41.133929,"145 College Rd, Suffern, NY - 10901-3699"
Empire Beauty School-Manhattan,-73.986453,40.748938,"22 W 34th St, New York, NY - 10001"
Russell Sage College,-73.693711,42.72822,"65 1st Street, Troy, NY - 12180"
St Bernard's School of Theology and Ministry,-77.526326,43.102185,"120 French Road, Rochester, NY - 14618"
St Bonaventure University,-78.481107,42.080191,"3261 W. State Road, Saint Bonaventure, NY - 14778-9800"
St. Francis College,-73.986559,40.690233,"179 Livingston Street, Brooklyn, NY - 11201"
St. Joseph's College of Nursing,-76.148355,43.055355,"206 Prospect Ave, Syracuse, NY - 13203"
St Lawrence University,-75.161343,44.589879,"23 Romoda Drive, Canton, NY - 13617"
The College of Saint Rose,-73.786661,42.664297,"432 Western Ave, Albany, NY - 12203-1490"
St. Thomas Aquinas College,-73.936799,41.041576,"125 Rte 340, Sparkill, NY - 10976-1050"
Samaritan Hospital School of Nursing,-73.676151,42.742861,"1300 Massachusetts Avenue, Troy, NY - 12065"
Sarah Lawrence College,-73.843727,40.9355,"One Meadway, Bronxville, NY - 10708"
Schenectady County Community College,-73.950008,42.814412,"78 Washington Avenue, Schenectady, NY - 12305"
Sh'or Yoshuv Rabbinical College,-73.740085,40.605227,"1 Cedarlawn Avenue, Lawrence, NY - 11559-1714"
Siena College,-73.7526,42.717602,"515 Loudon Rd, Loudonville, NY - 12211-1462"
Skidmore College,-73.785335,43.097035,"815 N Broadway, Saratoga Springs, NY - 12866"
St. Joseph's University-New York,-73.967664,40.690418,"245 Clinton Ave, Brooklyn, NY - 11205-3688"
Saint Vladimirs Orthodox Theological Seminary,-73.824358,40.969393,"575 Scarsdale Rd, Yonkers, NY - 10707-1699"
Saint Elizabeth College of Nursing,-75.267857,43.082768,"2215 Genesee Street, Utica, NY - 13501"
St. John Fisher University,-77.513056,43.116259,"3690 East Ave, Rochester, NY - 14618-3597"
St Paul's School of Nursing-Staten Island,-74.179757,40.605584,"2 Teleport Drive, Corporate Commons Two, Suite 203, Staten Island, NY - 10311"
St. John's University-New York,-73.796104,40.722523,"8000 Utopia Pky, Queens, NY - 11439"
SUNY-System Office,-73.749494,42.648047,"H. Carl McCall Building, 353 Broadway, Albany, NY - 12246"
Sullivan County Community College,-74.667769,41.7641,"112 College Road, Loch Sheldrake, NY - 12759-5151"
SUNY College of Technology at Alfred,-77.794632,42.255262,"10 Upper College Drive, Alfred, NY - 14802"
SUNY College of Technology at Canton,-75.182906,44.604096,"34 Cornell Drive, Canton, NY - 13617-1098"
SUNY College of Technology at Delhi,-74.924612,42.269859,"454 Delhi Drive, Delhi, NY - 13753-1100"
SUNY College of Agriculture and Technology at Cobleskill,-74.498258,42.672534,"State Route 7, Cobleskill, NY - 12043"
Farmingdale State College,-73.42832,40.754224,"2350 Broadhollow Road, Farmingdale, NY - 11735-1021"
SUNY Morrisville,-75.640583,42.893962,"80 Eaton Street, Morrisville, NY - 13408"
University at Albany,-73.824662,42.685489,"1400 Washington Avenue, Albany, NY - 12222"
Binghamton University,-75.966889,42.087868,"4400 Vestal Parkway East, Vestal, NY - 13850-6000"
University at Buffalo,-78.789458,43.000942,"12 Capen Hall, Buffalo, NY - 14260-1660"
Stony Brook University,-73.12046,40.91476,"310 Administration Building, Stony Brook, NY - 11794-0701"
SUNY College of Environmental Science and Forestry,-76.138724,43.034765,"One Forestry Dr., Syracuse, NY - 13210"
SUNY Polytechnic Institute,-75.229841,43.137701,"100 Seymour Rd, Utica, NY - 13502"
SUNY Brockport,-77.947188,43.211926,"350 New Campus Dr, Brockport, NY - 14420-2919"
SUNY Buffalo State University,-78.882125,42.933832,"1300 Elmwood Ave, Buffalo, NY - 14222"
State University of New York at Cortland,-76.188655,42.598022,"Miller Building, Cortland, NY - 13045-0900"
SUNY at Fredonia,-79.337375,42.452236,"280 Central Ave, Fredonia, NY - 14063-1136"
SUNY College at Geneseo,-77.821894,42.796645,"1 College Circle, Geneseo, NY - 14454-1465"
State University of New York at New Paltz,-74.082188,41.740936,"1 Hawk Drive, New Paltz, NY - 12561-2443"
SUNY Oneonta,-75.063632,42.468861,"108 Ravine Parkway, Oneonta, NY - 13820-4015"
State University of New York at Oswego,-76.540798,43.454287,"7060 State Route 104, Oswego, NY - 13126"
SUNY College at Potsdam,-74.973815,44.662148,"44 Pierrepont Ave, Potsdam, NY - 13676-2294"
SUNY at Purchase College,-73.701955,41.047223,"735 Anderson Hill Rd, Purchase, NY - 10577-1400"
SUNY College of Optometry,-73.982236,40.754465,"33 West 42nd Street, New York, NY - 10036-8003"
SUNY Old Westbury,-73.571907,40.799021,"223 Store Hill Rd, Old Westbury, NY - 11568-0210"
SUNY College at Plattsburgh,-73.466536,44.69293,"101 Broad Street, Plattsburgh, NY - 12901-2681"
SUNY Downstate Health Sciences University,-73.945535,40.653855,"450 Clarkson Ave, Brooklyn, NY - 11203-2098"
Empire State University,-73.782484,43.077283,"Two Union Ave, Saratoga Springs, NY - 12866-4391"
SUNY Maritime College,-73.795309,40.807217,"6 Pennyfield Avenue, Throggs Neck, NY - 10465-4198"
Upstate Medical University,-76.140009,43.041819,"750 E Adams St, Syracuse, NY - 13210"
Swedish Institute a College of Health Sciences,-73.99567,40.746384,"226 West 26th Street, New York, NY - 10001-6700"
Syracuse University,-76.133989,43.036644,"900 South Crouse Ave., Syracuse, NY - 13244"
Talmudical Seminary Oholei Torah,-73.945759,40.670089,"667 Eastern Pky, Brooklyn, NY - 11213"
Talmudical Institute of Upstate New York,-77.574943,43.147062,"769 Park Ave, Rochester, NY - 14618-3046"
Teachers College at Columbia University,-73.960194,40.810216,"525 W 120th St, New York, NY - 10027"
Tompkins Cortland Community College,-76.287586,42.502006,"170 North St, Dryden, NY - 13053-0139"
Torah Temimah Talmudical Seminary,-74.168769,40.557785,"3323 Richmond Ave, Staten Island, NY - 10312"
Touro University,-73.980813,40.757267,"50 West 47th Street, New York, NY - 10036"
Trocaire College,-78.812398,42.846693,"360 Choate Ave, Buffalo, NY - 14220-2094"
Excelsior University,-73.862981,42.705487,"7 Columbia Cir, Albany, NY - 12203-5159"
Ulster County Community College,-74.128698,41.851218,"491 Cottekill Rd, Stone Ridge, NY - 12484"
Union College,-73.928788,42.818097,"807 Union Street, Schenectady, NY - 12308-2311"
Union Theological Seminary in the City of New York,-73.961549,40.811823,"3041 Broadway, New York, NY - 10027-5792"
United Talmudical Seminary,-73.959113,40.705687,"191 Rodney St., Brooklyn, NY - 11211"
United States Merchant Marine Academy,-73.763004,40.81357,"300 Steamboat Road, Kings Point, NY - 11024-1634"
United States Military Academy,-73.956772,41.388988,"606 Thayer Rd, West  Point, NY - 10996"
Utica University,-75.272916,43.096213,"1600 Burrstone Rd, Utica, NY - 13502-4892"
Vassar College,-73.895088,41.686895,"124 Raymond Ave, Poughkeepsie, NY - 12604"
Villa Maria College,-78.796823,42.91223,"240 Pine Ridge Rd, Buffalo, NY - 14225-3999"
School of Visual Arts,-73.982359,40.738809,"209 E 23rd St, New York, NY - 10010"
Wagner College,-74.092913,40.615588,"One Campus Rd, Staten Island, NY - 10301-4495"
Webb Institute,-73.644909,40.884444,"298 Crescent Beach Rd, Glen Cove, NY - 11542-1398"
Wells College,-76.696028,42.742943,"170 Main Street, Aurora, NY - 13026-0500"
The College of Westchester,-73.784404,41.033687,"325 Central Ave, White Plains, NY - 10606-1200"
SUNY Westchester Community College,-73.789669,41.068458,"75 Grasslands Road, Valhalla, NY - 10595"
Westchester School of Beauty Culture,-73.837751,40.912476,"Six Gramatan Avenue    Suite 200, Mount Vernon, NY - 10550-2295"
Word of Life Bible Institute,-73.812057,43.730713,"4230 Glendale Road, Pottersville, NY - 12860-0129"
Yeshiva Karlin Stolin,-73.983373,40.624918,"1818 54th St, Brooklyn, NY - 11204-1545"
Yeshiva Derech Chaim,-73.979757,40.636889,"1573 39th Street, Brooklyn, NY - 11218-0000"
Yeshiva of Nitra Rabbinical College,-74.255911,41.353674,"1425 Route 17 M, Chester, NY - 10918"
Yeshivath Shaar Hatorah,-73.835009,40.704048,"117-06 84 Ave, Kew Gardens, NY - 11418"
Yeshiva University,-73.929873,40.850605,"500 W 185th St, New York, NY - 10033-3299"
Yeshivath Viznitz,-74.070243,41.114682,"15 Elyon Road, Monsey, NY - 10952"
Yeshivath Zichron Moshe,-74.621823,41.73048,"84 Zichron Moshe Way, South Fallsburg, NY - 12779"
College of the Albemarle,-76.219765,36.324885,"1208 N Road St, Elizabeth City, NC - 27906-2327"
South Piedmont Community College,-80.211087,35.000312,"680 Highway 74 West, Polkton, NC - 28135"
Appalachian State University,-81.680583,36.215536,"287 Rivers St, Boone, NC - 28608"
Asheville-Buncombe Technical Community College,-82.554826,35.570439,"340 Victoria Rd, Asheville, NC - 28801-4897"
Barton College,-77.913867,35.734376,"200 E. ACC Drive, Wilson, NC - 27893-7000"
Beaufort County Community College,-76.96535,35.533587,"5337 US Highway 264 East, Washington, NC - 27889"
Belmont Abbey College,-81.041315,35.260651,"100 Belmont-Mt Holly Road, Belmont, NC - 28012-1802"
Bennett College,-79.77998,36.067531,"900 E Washington St, Greensboro, NC - 27401-3239"
Bladen Community College,-78.731119,34.644691,"7418 NC Hwy 41 West, Dublin, NC - 28332"
Blue Ridge Community College,-82.425544,35.30804,"180 West Campus Drive, Flat Rock, NC - 28731-4728"
Brevard College,-82.729494,35.236763,"One Brevard College Drive, Brevard, NC - 28712"
Brunswick Community College,-78.22979,34.038973,"50 College Rd, Bolivia, NC - 28422-9021"
Cabarrus College of Health Sciences,-80.600824,35.440038,"401 Medical Park Drive, Concord, NC - 28025-3959"
Caldwell Community College and Technical Institute,-81.484148,35.854604,"2855 Hickory Boulevard, Hudson, NC - 28638"
Campbell University,-78.738238,35.409149,"143 Main Street, Buies Creek, NC - 27506"
Cape Fear Community College,-77.948306,34.240624,"411 North Front Street, Wilmington, NC - 28401-3910"
Carteret Community College,-76.755538,34.723681,"3505 Arendell St, Morehead City, NC - 28557"
Catawba College,-80.482751,35.691443,"2300 W Innes St, Salisbury, NC - 28144"
Catawba Valley Community College,-81.28792,35.699732,"2550 Hwy 70 SE, Hickory, NC - 28602-0699"
Central Carolina Community College,-79.143553,35.471864,"1105 Kelly Dr, Sanford, NC - 27330-9840"
Central Piedmont Community College,-80.829796,35.217774,"1201 Elizabeth Avenue, Charlotte, NC - 28204"
Chowan University,-77.099141,36.436258,"One University Place, Murfreesboro, NC - 27855"
Cleveland Community College,-81.492856,35.279833,"137 S Post Rd, Shelby, NC - 28152-6224"
Coastal Carolina Community College,-77.384785,34.771687,"444 Western Blvd, Jacksonville, NC - 28546-6816"
Craven Community College,-77.102232,35.111516,"800 College Ct, New Bern, NC - 28562-4900"
Davidson-Davie Community College,-80.181868,35.865471,"297 DCC Road, Thomasville, NC - 27360-7385"
Davidson College,-80.843979,35.499767,"405 N. Main Street, Davidson, NC - 28035"
Duke University,-78.937624,36.001135,"103 Allen Bldg, Durham, NC - 27708"
Durham Technical Community College,-78.8817,35.974768,"1637 Lawson Street, Durham, NC - 27703-5023"
East Carolina University,-77.368291,35.607186,"East 5th Street, Greenville, NC - 27858-4353"
Edgecombe Community College,-77.571786,35.879867,"2009 W Wilson St, Tarboro, NC - 27886"
Elizabeth City State University,-76.214041,36.277978,"1704 Weeksville Rd, Elizabeth City, NC - 27909"
Elon University,-79.50344,36.104148,"100 Campus Drive, Elon, NC - 27244-2010"
Fayetteville Technical Community College,-78.92658,35.068851,"2201 Hull Rd, Fayetteville, NC - 28303-0236"
Fayetteville State University,-78.891696,35.073641,"1200 Murchison Rd, Fayetteville, NC - 28301-4298"
Forsyth Technical Community College,-80.272215,36.06854,"2100 Silas Creek Pky, Winston-Salem, NC - 27103-5197"
Gardner-Webb University,-81.668141,35.24732,"Main St, Boiling Springs, NC - 28017-0997"
Gaston College,-81.18852,35.312048,"201 Hwy 321 S, Dallas, NC - 28034"
Greensboro College,-79.800232,36.071082,"815 W Market St, Greensboro, NC - 27401-1875"
Guilford College,-79.887737,36.094233,"5800 W Friendly Avenue, Greensboro, NC - 27410-4108"
Guilford Technical Community College,-79.92062,35.99846,"601 E. Main Street, Jamestown, NC - 27282"
Halifax Community College,-77.617681,36.427712,"100 College Drive, Weldon, NC - 27890"
Haywood Community College,-82.927918,35.525905,"185 Freedlander Drive, Clyde, NC - 28721-9901"
Heritage Bible College,-78.664393,35.307368,"494 Antioch Church Road, Dunn, NC - 28334"
High Point University,-79.994675,35.972035,"One University Parkway, High Point, NC - 27268"
Isothermal Community College,-81.911857,35.336728,"286 ICC Loop Road, Spindale, NC - 28160-0804"
James Sprunt Community College,-77.977639,34.946802,"133 James Sprunt Drive, Kenansville, NC - 28349"
Johnson C Smith University,-80.857251,35.243033,"100 Beatties Ford Road, Charlotte, NC - 28216-5398"
Johnston Community College,-78.332293,35.501418,"245 College Road, Smithfield, NC - 27577-2350"
Lees-McRae College,-81.873371,36.162477,"191 Main Street, Banner Elk, NC - 28604"
Lenoir Community College,-77.571532,35.234405,"231 Highway 58 South, Kinston, NC - 28504"
Lenoir-Rhyne University,-81.327598,35.739968,"625 7th Avenue NE, Hickory, NC - 28601"
Leons Beauty School Inc,-79.8228,36.057646,"1305 Coliseum BLVD, Greensboro, NC - 27403-2604"
Livingstone College,-80.483956,35.670877,"701 W Monroe St, Salisbury, NC - 28144"
Louisburg College,-78.29898,36.105035,"501 N. Main St., Louisburg, NC - 27549-2399"
Mars Hill University,-82.551827,35.82752,"100 Athletic St, Mars Hill, NC - 28754"
Martin Community College,-77.094913,35.836304,"1161 Kehukee Pk Rd, Williamston, NC - 27892-9988"
Mayland Community College,-82.016988,35.934475,"200 Mayland Drive, Spruce Pine, NC - 28777"
McDowell Technical Community College,-81.96208,35.656254,"54 College Drive, Marion, NC - 28752-8728"
Meredith College,-78.689995,35.799351,"3800 Hillsborough St, Raleigh, NC - 27607-5298"
Methodist University,-78.874426,35.135058,"5400 Ramsey St, Fayetteville, NC - 28311-1420"
Miller-Motte College-Wilmington,-77.882359,34.242761,"5000 Market Street, Wilmington, NC - 28405"
Mitchell Community College,-80.894083,35.782814,"500 W Broad Street, Statesville, NC - 28677"
Mitchells Academy,-78.742438,35.764652,"1301 Buck Jones Rd, Raleigh, NC - 27606"
Montgomery Community College,-79.870005,35.367107,"1011 Page St, Troy, NC - 27371"
Montreat College,-82.2976,35.646577,"310 Gaither Circle, Montreat, NC - 28757-1267"
University of Mount Olive,-78.069388,35.208166,"634 Henderson St, Mount Olive, NC - 28365-0919"
College of Wilmington,-77.906111,34.21396,"3500 Oleander Drive Suite 1111, Wilmington, NC - 28403"
Nash Community College,-77.898348,35.976823,"522 N. Old Carriage Road, Rocky Mount, NC - 27804"
North Carolina A & T State University,-79.773375,36.07282,"1601 E Market  St, Greensboro, NC - 27411"
University of North Carolina Asheville,-82.565392,35.617068,"One University Heights, Asheville, NC - 28804-8510"
University of North Carolina at Chapel Hill,-79.050969,35.911769,"103 South Bldg Cb 9100, Chapel Hill, NC - 27599"
University of North Carolina at Charlotte,-80.730919,35.306022,"9201 University City Blvd, Charlotte, NC - 28223-0001"
University of North Carolina at Greensboro,-79.809414,36.068236,"1400 Spring Garden St, Greensboro, NC - 27402-6170"
North Carolina Central University,-78.898602,35.974237,"1801 Fayetteville Street, Durham, NC - 27707"
University of North Carolina System,-78.645908,35.777491,"223 S West St Suite 1800, Raleigh, NC - 27603"
University of North Carolina School of the Arts,-80.235672,36.076183,"1533 South Main St., Winston Salem, NC - 27127-2738"
North Carolina State University at Raleigh,-78.674517,35.785111,"2101 Hillsborough Street, Raleigh, NC - 27695-7001"
North Carolina Wesleyan University,-77.773982,36.019665,"3400 N Wesleyan Blvd, Rocky Mount, NC - 27804"
University of North Carolina Wilmington,-77.875527,34.225223,"601 South College Road, Wilmington, NC - 28403-5963"
Pamlico Community College,-76.83372,35.068398,"5049 Hwy 306 South, Grantsboro, NC - 28529"
William Peace University,-78.637697,35.789139,"15 E Peace St, Raleigh, NC - 27604-1194"
University of North Carolina at Pembroke,-79.200347,34.688313,"One University Drive, Pembroke, NC - 28372-1510"
Pfeiffer University,-80.283168,35.484696,"48380 US Hwy 52N, Misenheimer, NC - 28109-0960"
Piedmont Community College,-78.980607,36.431674,"1715 College Dr, Roxboro, NC - 27573"
Pitt Community College,-77.407203,35.550591,"1986 Pitt Tech Road, Winterville, NC - 28590"
Queens University of Charlotte,-80.833509,35.189051,"1900 Selwyn Ave, Charlotte, NC - 28274"
Randolph Community College,-79.828538,35.672814,"629 Industrial Park Ave, Asheboro, NC - 27205"
Richmond Community College,-79.70964,34.905252,"1042 W Hamlet Ave, Hamlet, NC - 28345-1189"
Mid-Atlantic Christian University,-76.216483,36.303812,"715 N Poindexter St, Elizabeth City, NC - 27909-4054"
Roanoke-Chowan Community College,-77.023662,36.324827,"109 Community College Rd, Ahoskie, NC - 27910-9522"
Robeson Community College,-79.00664,34.675194,"5160 Fayetteville Road, Lumberton, NC - 28360"
Rockingham Community College,-79.758353,36.388682,"215 Wrenn Memorial Road, Wentworth, NC - 27375"
Rowan-Cabarrus Community College,-80.48181,35.639388,"1333 Jake Alexander Blvd, South, Salisbury, NC - 28146"
Saint Augustine's University,-78.621301,35.785468,"1315 Oakwood Avenue, Raleigh, NC - 27610-2298"
Salem College,-80.241297,36.086271,"601 S Church St, Winston-Salem, NC - 27101"
Sampson Community College,-78.36006,34.99046,"Highway 24 West, Clinton, NC - 28328-0318"
Sandhills Community College,-79.40635,35.220086,"3395 Airport Rd, Pinehurst, NC - 28374"
Shaw University,-78.637693,35.771181,"118 East South Street, Raleigh, NC - 27601"
Paul Mitchell the School-Fayetteville,-78.957673,35.070011,"505A Cross Creek Mall, Fayetteville, NC - 28303-5364"
St. Andrews University,-79.478567,34.74563,"1700 Dogwood Mile, Laurinburg, NC - 28352"
Southeastern Community College,-78.783365,34.331749,"4564 Chadbourn Hwy, Whiteville, NC - 28472-5422"
Southwestern Community College,-83.207129,35.348575,"447 College Drive, Sylva, NC - 28779"
Stanly Community College,-80.236303,35.339895,"141 College Drive, Albemarle, NC - 28001"
Southeastern Baptist Theological Seminary,-78.513755,35.981858,"120 S. Wingate Street, Wake Forest, NC - 27587-1889"
Surry Community College,-80.716834,36.384334,"630 S. Main St., Dobson, NC - 27017-8432"
Alamance Community College,-79.357657,36.066683,"1247 Jimmie Kerr Road, Graham, NC - 27253-8000"
Tri-County Community College,-83.966476,35.067021,"21 Campus Circle, Murphy, NC - 28906"
Vance-Granville Community College,-78.487651,36.323887,"200 Community College Road, Henderson, NC - 27537"
Wake Forest University,-80.277446,36.133609,"1834 Wake Forest Road, Winston-Salem, NC - 27106"
Wake Technical Community College,-78.706126,35.650151,"9101 Fayetteville Road, Raleigh, NC - 27603-5696"
Warren Wilson College,-82.442619,35.610328,"701 Warren Wilson Rd, Swannanoa, NC - 28778-2099"
Watts College of Nursing,-78.9413,36.027649,"2828 Croadsaile Drive Suite 200, Durham, NC - 27705-2505"
Wayne Community College,-77.945873,35.403079,"3000 Wayne Memorial Dr, Goldsboro, NC - 27534-8002"
Western Piedmont Community College,-81.687345,35.722876,"1001 Burkemont Ave, Morganton, NC - 28655-4511"
Wilkes Community College,-81.182994,36.136617,"1328 South Collegiate Dr, Wilkesboro, NC - 28697"
Wilson Community College,-77.895663,35.730114,"902 Herring Ave, Wilson, NC - 27893"
Wingate University,-80.44305,34.986064,"301 E. Wilson Street, Wingate, NC - 28174-0159"
Carolina Christian College,-80.256252,36.146168,"4209 Indiana Avenue, Winston Salem, NC - 27105"
Winston Salem Barber School,-80.260541,36.067155,"1531 Silas Creek Pky, Winston-Salem, NC - 27127"
Winston-Salem State University,-80.225033,36.089554,"601 S. Martin Luther King Jr Dr, Winston-Salem, NC - 27110-0001"
Western Carolina University,-83.186258,35.308979,"Highway 107, Cullowhee, NC - 28723-9646"
Rasmussen University-North Dakota,-96.848937,46.848362,"4012 19th Avenue SW, Fargo, ND - 58103-7196"
Bismarck State College,-100.816534,46.821459,"1500 Edwards Ave., Bismarck, ND - 58506-5587"
Dickinson State University,-102.799679,46.882917,"291 Campus Drive, Dickinson, ND - 58601-4896"
Nueta Hidatsa Sahnish College,-102.472814,47.983311,"301 College Drive, New Town, ND - 58763"
"Josef's School of Hair, Skin & Body-Grand Forks",-97.044408,47.900289,"2011 South Washington ST, Grand Forks, ND - 58201"
University of Jamestown,-98.698416,46.914302,"608 6th St NE, Jamestown, ND - 58405"
Lake Region State College,-98.869034,48.127948,"1801 College Dr N, Devils Lake, ND - 58301-1598"
Cankdeska Cikana Community College,-98.990801,47.978122,"214 1st Ave, Fort Totten, ND - 58335"
University of Mary,-100.75274,46.723767,"7500 University Dr, Bismarck, ND - 58504"
Mayville State University,-97.322554,47.505415,"330 Third Street NE, Mayville, ND - 58257-1299"
Minot State University,-101.29861,48.246961,"500 University Ave W, Minot, ND - 58707"
University of North Dakota,-97.071738,47.921654,"264 Centennial Drive, Stop 8193, Grand Forks, ND - 58202-8193"
North Dakota State College of Science,-96.607379,46.272158,"800 N 6th St, Wahpeton, ND - 58076-0002"
Dakota College at Bottineau,-100.441103,48.832505,"105 Simrall Blvd, Bottineau, ND - 58318-1198"
North Dakota State University-Main Campus,-96.800838,46.893127,"1301  12th Avenue North, Fargo, ND - 58108-6050"
Williston State College,-103.613066,48.158603,"1410 University Avenue, Williston, ND - 58801"
Sitting Bull College,-100.674735,46.085288,"9299 Hwy 24, Fort Yates, ND - 58538-9721"
Trinity Bible College and Graduate School,-98.517906,46.001037,"50 6th Ave S, Ellendale, ND - 58436-7105"
Turtle Mountain Community College,-99.750836,48.883758,"10145 BIA #7, Belcourt, ND - 58316"
United Tribes Technical College,-100.755131,46.767157,"3315 University Drive, Bismarck, ND - 58504"
Valley City State University,-98.00389,46.918517,"101 College St SW, Valley City, ND - 58072"
ETI Technical College,-80.723213,41.18694,"2076 Youngstown Warren Rd, Niles, OH - 44446-4398"
Air Force Institute of Technology-Graduate School of Engineering & Management,-84.082618,39.782221,"2950 Hobson Way, Wright-Patterson AFB, OH - 45433-7765"
Herzing University-Akron,-81.493109,41.02817,"1600 South Arlington Street, Suite 100, Akron, OH - 44306-3931"
University of Akron Main Campus,-81.511167,41.075923,"302 Buchtel Common, Akron, OH - 44325-2102"
University of Akron Wayne College,-81.789979,40.861519,"1901 Smucker Rd, Orrville, OH - 44667"
Allegheny Wesleyan College,-80.861232,40.86722,"2161 Woodsdale Rd, Salem, OH - 44460-9598"
Apollo Career Center,-84.149151,40.692999,"3325 Shawnee Rd, Lima, OH - 45806-1497"
Art Academy of Cincinnati,-84.513913,39.108805,"1212 Jackson Street, Cincinnati, OH - 45202-1706"
Ashland County-West Holmes Career Center,-82.266808,40.801018,"1783 State Route 60, Ashland, OH - 44805-9377"
Ashland University,-82.321061,40.861755,"401 College Avenue, Ashland, OH - 44805"
Ashtabula County Technical and Career Campus,-80.733023,41.746864,"1565 State Route 167, Jefferson, OH - 44047"
Athenaeum of Ohio,-84.371927,39.082926,"6616 Beechmont Ave, Cincinnati, OH - 45230-2091"
Auburn Career Center,-81.243798,41.649238,"8140 Auburn Rd, Concord Twp, OH - 44077"
Aultman College of Nursing and Health Sciences,-81.404053,40.796186,"2600 6th St SW, Canton, OH - 44710-1797"
Baldwin Wallace University,-81.851145,41.373017,"275 Eastland Rd, Berea, OH - 44017-2088"
Belmont College,-80.964901,40.07695,"68094 Hammond Road, St Clairsville, OH - 43950"
Bluffton University,-83.899439,40.895606,"1 University Drive, Bluffton, OH - 45817-2104"
Bowling Green State University-Firelands,-82.594266,41.397566,"One University Drive, Huron, OH - 44839-9791"
Bowling Green State University-Main Campus,-83.640896,41.375513,"220 McFall Ctr, Bowling Green, OH - 43403"
Bryant & Stratton College-Parma,-81.781757,41.404607,"12955 Snow Rd, Parma, OH - 44130-3151"
Buckeye Hills Career Center,-82.388043,38.892181,"351 Buckeye Hills Road, Rio Grande, OH - 45674-0157"
Butler Technology and Career Development Schools,-84.431434,39.44114,"101 Jerry Couch Boulevard, Monroe, OH - 45050"
Canton City Schools Adult Career and Technical Education,-81.378614,40.799696,"521 Tuscarawas West, Canton, OH - 44702"
Capital University,-82.937867,39.954875,"1 College and Main, Columbus, OH - 43209-2394"
Case Western Reserve University,-81.609596,41.507419,"10900 Euclid Ave, Cleveland, OH - 44106"
Cedarville University,-83.814692,39.749237,"251 N. Main Street, Cedarville, OH - 45314-0601"
Central Ohio Technical College,-82.447441,40.069314,"1179 University Drive, Newark, OH - 43055-1767"
Central School of Practical Nursing,-81.656988,41.397093,"4700 Rockside Road, Summit I, Suite 250, Independence, OH - 44131-0000"
Central State University,-83.880186,39.715787,"1400 Brush Row Rd, Wilberforce, OH - 45384-1004"
Chatfield College,-83.887153,39.210369,"20918 State Route 251, Saint Martin, OH - 45118-9705"
Choffin Career  and Technical Center,-80.644393,41.100847,"200 E Wood St., Youngstown, OH - 44503-1600"
The Christ College of Nursing and Health Sciences,-84.509564,39.121821,"2139 Auburn Avenue, Cincinnati, OH - 45219-2989"
Cincinnati College of Mortuary Science,-84.505604,39.206578,"645 W North Bend Rd, Cincinnati, OH - 45224-1462"
University of Cincinnati-Main Campus,-84.51428,39.131159,"2624 Clifton Avenue, Cincinnati, OH - 45221-0063"
Cincinnati State Technical and Community College,-84.536936,39.149915,"3520 Central Parkway, Cincinnati, OH - 45223-2690"
University of Cincinnati-Clermont College,-84.19437,39.080645,"4200 Clermont College Dr, Batavia, OH - 45103"
University of Cincinnati-Blue Ash College,-84.399956,39.234333,"9555 Plainfield Rd, Blue Ash, OH - 45236-1096"
Ohio Christian University,-82.904885,39.613155,"1476 Lancaster Pike, Circleville, OH - 43113-9487"
Clark State College,-83.799788,39.896411,"570 E Leffel Ln, Springfield, OH - 45501-0570"
Cleveland Institute of Art,-81.602416,41.510435,"11610 Euclid Avenue, Cleveland, OH - 44106-1710"
Cleveland Institute of Music,-81.608878,41.512444,"11021 East Blvd, Cleveland, OH - 44106-1776"
Cleveland State University,-81.674355,41.502281,"2121 Euclid Avenue, Cleveland, OH - 44115-2214"
Columbiana County Career and Technical Center,-80.747828,40.768063,"9364 St Rt 45, Lisbon, OH - 44432"
Columbus College of Art & Design,-82.989479,39.966074,"60 Cleveland Ave., Columbus, OH - 43215"
Columbus State Community College,-82.98766,39.96887,"550 E Spring St, Columbus, OH - 43215"
Cuyahoga Community College District,-81.683533,41.494906,"700 Carnegie Ave, Cleveland, OH - 44115-2878"
Davis College,-83.532589,41.652922,"433 N. Summit Street Ste. 202, Toledo, OH - 43604-2638"
Dayton Barber College,-84.222996,39.628936,"2741 C Lyons Road, Miamisburg, OH - 45342"
University of Dayton,-84.176113,39.739547,"300 College Park, Dayton, OH - 45469"
Defiance College,-84.357075,41.296842,"701 N Clinton St., Defiance, OH - 43512"
Denison University,-82.523272,40.071505,"100 West College Street, Granville, OH - 43023"
Edison State Community College,-84.212385,40.157699,"1973 Edison Dr, Piqua, OH - 45356-9239"
EHOVE Career Center,-82.630439,41.332655,"316 W Mason Rd, Milan, OH - 44846"
The University of Findlay,-83.652313,41.053344,"1000 North Main Street, Findlay, OH - 45840-3653"
Franklin University,-82.990375,39.95831,"201 S Grant Ave, Columbus, OH - 43215-5399"
Gerbers Akron Beauty School,-81.57615,41.113868,"1915 West Market ST.   Suite 800, Akron, OH - 44313"
Gods Bible School and College,-84.505703,39.1153,"1810 Young Street, Cincinnati, OH - 45202-6838"
Good Samaritan College of Nursing and Health Science,-84.521196,39.140348,"375 Dixmyth Ave, Cincinnati, OH - 45220-2489"
Great Oaks Career Campuses,-84.413556,39.289951,"303 Scarlet Oaks Dr., Cincinnati, OH - 45241"
Hannah E Mullins School of Practical Nursing,-80.851045,40.902408,"230 North Lincoln Avenue, Suite 3, Salem, OH - 44460-2906"
Adult and Community Education-Hudson,-82.980603,40.012851,"2323 Lexington Avenue, Columbus, OH - 43211"
Hebrew Union College-Jewish Institute of Religion,-73.994499,40.728938,"One W 4th St, New York, NY - 10012-1186"
Heidelberg University,-83.168387,41.114833,"310 E Market St, Tiffin, OH - 44883-2462"
Hiram College,-81.143981,41.3107," , Hiram, OH - 44234-0067"
Hobart Institute of Welding Technology,-84.219809,40.053024,"400 Trade Square East, Troy, OH - 45373-2400"
Hocking College,-82.220791,39.441954,"3301 Hocking Parkway, Nelsonville, OH - 45764"
Ross Medical Education Center-Cincinnati,-84.452851,39.286023,"11590 Century Blvd., Ste. 210, Cincinnati, OH - 45246-3317"
International College of Broadcasting,-84.137499,39.764986,"6 S Smithville Rd, Dayton, OH - 45431"
Eastern Gateway Community College,-80.668798,40.376215,"110 John Scott Highway, Steubenville, OH - 43952-3598"
John Carroll University,-81.531224,41.490259,"1 John Carroll Boulevard, University Heights, OH - 44118-4538"
Hondros College of Nursing,-82.901039,40.084407,"4140 Executive Parkway, Westerville, OH - 43081"
Casal Aveda Institute,-80.751433,41.213305,"5555 Youngstown Warren Rd Unit 606, Niles, OH - 44446"
Kent State University at Ashtabula,-80.830377,41.888296,"3300 Lake Road West, Ashtabula, OH - 44004"
Kent State University at East Liverpool,-80.576702,40.616966,"400 E 4th St, East Liverpool, OH - 43920"
Kent State University at Stark,-81.43731,40.868568,"6000 Frank Ave NW, North Canton, OH - 44720-7599"
Kent State University at Trumbull,-80.836233,41.278748,"4314 Mahoning Ave N.W., Warren, OH - 44483"
Kent State University at Tuscarawas,-81.407707,40.467736,"330 University Dr N.E., New Philadelphia, OH - 44663-9403"
Kent State University at Salem,-80.835458,40.86408,"2491 State Route 45 South, Salem, OH - 44460"
Kent State University at Kent,-81.342533,41.146653,"Executive Office, 2nd Floor Library, Kent, OH - 44242-0001"
Kent State University at Geauga,-81.143085,41.483727,"14111 Claridon-Troy Rd, Burton, OH - 44021"
Kenyon College,-82.397977,40.374408,"Kenyon College, Gambier, OH - 43022"
Kettering College,-84.192006,39.695052,"3737 Southern Blvd, Kettering, OH - 45429-1299"
Lake Erie College,-81.251817,41.717841,"391 W Washington St, Painesville, OH - 44077-3389"
Lakeland Community College,-81.364723,41.637463,"7700 Clocktower Drive, Kirtland, OH - 44094-5198"
Collins Career Technical Center,-82.473516,38.491898,"11627 State Rte 243, Chesapeake, OH - 45619-0000"
James A. Rhodes State College,-84.026319,40.738347,"4240 Campus Dr, Lima, OH - 45804"
Ohio Business College-Sheffield,-82.073403,41.423809,"5095 Waterford Dr., Sheffield Village, OH - 44035-0701"
Ohio Business College-Sandusky,-82.667389,41.415212,"5202 Timber Commons Drive, Sandusky, OH - 44870-5871"
Lorain County Community College,-82.073549,41.413293,"1005 North Abbe Rd, Elyria, OH - 44035-1691"
Lourdes University,-83.706108,41.710009,"6832 Convent Blvd, Sylvania, OH - 43560-2898"
Malone University,-81.376863,40.825662,"2600 Cleveland Avenue NW, Canton, OH - 44709-3308"
Marietta College,-81.450045,39.41668,"Irvine Bldg, Marietta, OH - 45750"
Marion Technical College,-83.089156,40.577017,"1467 Mount Vernon Ave, Marion, OH - 43302-5694"
Medina County Career Center,-81.901592,41.155104,"1101 W Liberty St, Medina, OH - 44256"
Mercy College of Ohio,-83.552538,41.658319,"2221 Madison Avenue, Toledo, OH - 43604-1132"
Methodist Theological School in Ohio,-83.060146,40.253643,"3081 Columbus Pike, Delaware, OH - 43015-3211"
Miami University-Hamilton,-84.563385,39.377448,"1601 University Blvd, Hamilton, OH - 45011"
Miami University-Middletown,-84.35724,39.523776,"4200 E University Blvd, Middletown, OH - 45042"
Miami University-Oxford,-84.732954,39.507757,"501 East High St, Oxford, OH - 45056"
Moler Hollywood Beauty Academy,-84.425549,39.182803,"6142 Montgomery Rd, Cincinnati, OH - 45213"
Miami Valley Career Technology Center,-84.328951,39.845377,"6800 Hoke Rd, Englewood, OH - 45315"
Mount Carmel College of Nursing,-83.021501,39.956625,"127 So. Davis Ave, Columbus, OH - 43222-1504"
University of Mount Union,-81.111029,40.905256,"1972 Clark Ave., Alliance, OH - 44601-3929"
Mount Vernon Nazarene University,-82.471074,40.372901,"800 Martinsburg Rd, Mount Vernon, OH - 43050-9500"
Mount St. Joseph University,-84.639453,39.095893,"5701 Delhi Rd, Cincinnati, OH - 45233-1670"
Zane State College,-82.031198,39.96241,"1555 Newark Rd, Zanesville, OH - 43701-2626"
Muskingum University,-81.737127,39.996585,"10 College Drive, New Concord, OH - 43762-1837"
National Beauty College,-81.392278,40.849493,"4642 Cleveland Ave NW, Canton, OH - 44709-1837"
North Central State College,-82.581582,40.798777,"2441 Kenwood Circle, Mansfield, OH - 44906-0698"
Northern Institute of Cosmetology,-82.174342,41.465263,"669 Broadway, Lorain, OH - 44052-1803"
Northwest State Community College,-84.297855,41.450596,"22600 State Route 34, Archbold, OH - 43502-9542"
Toledo Public Schools Adult and Continuing Education,-83.590926,41.682287,"2400 Collingwood Blvd, Toledo, OH - 43620"
Notre Dame College,-81.516617,41.506894,"4545 College Rd, Cleveland, OH - 44121-4293"
Northeast Ohio Medical University,-81.245302,41.102919,"4209 State Route 44, Rootstown, OH - 44272-0095"
University of Northwestern Ohio,-84.157004,40.762917,"1441 N Cable Rd, Lima, OH - 45805"
Oberlin College,-82.216795,41.291992,"70 N Professor St, Oberlin, OH - 44074"
Ohio Technical College,-81.656868,41.518038,"1374 E 51st St, Cleveland, OH - 44103"
Ohio Dominican University,-82.940689,39.992764,"1216 Sunbury Road, Columbus, OH - 43219"
Ohio Northern University,-83.827441,40.7662,"525 S. Main St, Ada, OH - 45810-1599"
Ohio State University Agricultural Technical Institute,-81.922936,40.775194,"1328 Dover Rd, Wooster, OH - 44691-4000"
Ohio State University-Lima Campus,-84.02384,40.738521,"4240 Campus Dr, Lima, OH - 45804"
Ohio State University-Mansfield Campus,-82.580194,40.796536,"1760 University Drive, Mansfield, OH - 44906"
Ohio State University-Marion Campus,-83.090597,40.577779,"1461 Mount Vernon Ave, Marion, OH - 43302-5695"
Ohio State University-Newark Campus,-82.447441,40.069314,"1179 University Dr, Newark, OH - 43055"
Ohio State Beauty Academy,-84.164435,40.761697,"1760 N. Eastown Rd., Lima, OH - 45807"
Ohio State College of Barber Styling,-82.877144,39.977375,"4614 E Broad St, Columbus, OH - 43213"
The Spa School,-83.018081,40.065397,"5050 N High, Columbus, OH - 43214"
Ohio State School of Cosmetology-Canal Winchester,-82.831966,39.856608,"6077 GENDER ROAD, CANAL WINCHESTER, OH - 43110"
Ohio State University-Main Campus,-83.007525,39.999803,"15 E. 15th Avenue, Columbus, OH - 43201"
Ohio University-Eastern Campus,-80.976073,40.073392,"45425 National Rd W, Saint Clairsville, OH - 43950"
Ohio University-Chillicothe Campus,-83.002175,39.329404,"101 University Drive, Chillicothe, OH - 45601-0629"
Ohio University-Southern Campus,-82.666876,38.524781,"1804 Liberty Ave, Ironton, OH - 45638"
Ohio University-Lancaster Campus,-82.586069,39.738752,"1570 Granville Pike, Lancaster, OH - 43130-1037"
Ohio University-Main Campus,-82.100985,39.326798,"020 Chubb Hall, Athens, OH - 45701-2979"
Ohio University-Zanesville Campus,-82.031063,39.96098,"1425 Newark Rd, Zanesville, OH - 43701"
East Ohio College,-80.572063,40.6796,"15258 State Route 170, East Liverpool, OH - 43920-9585"
Trinity Health System School of Nursing,-80.672323,40.376294,"4000 Sunset Boulevard Suite 2631, Steubenville, OH - 43952-3512"
Ohio Wesleyan University,-83.069757,40.295963,"61 S Sandusky Street, Delaware, OH - 43015-2370"
Otterbein University,-82.936444,40.125327,"1 South Grove Street, Westerville, OH - 43081"
Owens Community College,-83.538634,41.587998,"30335 Oregon Rd, Perrysburg, OH - 43551"
Paramount Beauty Academy,-82.979351,38.739039,"1745 11th St, Portsmouth, OH - 45662-4527"
Cuyahoga Valley Career Center,-81.625375,41.344555,"8001 Brecksville Road, Brecksville, OH - 44141-1296"
Payne Theological Seminary,-83.884871,39.715286,"1230 Wilberforce-Clifton Rd., Wilberforce, OH - 45384"
Pontifical College Josephinum,-83.018829,40.120735,"7625 N High Street, Columbus, OH - 43235-1499"
Professional Skills Institute,-83.672408,41.584008,"1505 Holland Road, Maumee, OH - 43537"
Firelands Regional Medical Center School of Nursing,-82.71189,41.43719,"1912 Hayes Ave, Sandusky, OH - 44870"
Rabbinical College Telshe,-81.485261,41.593533,"28400 Euclid Ave, Wickliffe, OH - 44092"
Raphael's School of Beauty Culture Inc-Niles,-80.72803,41.197513,"815 Youngstown Warren Rd, Niles, OH - 44446"
Fortis College-Centerville,-84.146046,39.644364,"555 E Alex Bell Rd, Centerville, OH - 45459-2712"
University of Rio Grande,-82.378852,38.881764,"218 N College Ave, Rio Grande, OH - 45674"
The Modern College of Design,-84.134269,39.681305,"1725 E David Rd, Kettering, OH - 45440"
Shawnee State University,-82.993769,38.730867,"940  Second  Street, Portsmouth, OH - 45662"
Sinclair Community College,-84.200628,39.757598,"444 W. Third St., Dayton, OH - 45402-1460"
Hussian College-Daymar College Columbus,-82.916201,39.91594,"2745 Winchester Pike, Columbus, OH - 43232"
Stark State College,-81.439017,40.870597,"6200 Frank Ave NW, North Canton, OH - 44720"
Stautzenberger College-Maumee,-83.683042,41.582662,"1796 Indian Wood Circle, Maumee, OH - 43537-4007"
Franciscan University of Steubenville,-80.620524,40.376919,"1235 University Blvd, Steubenville, OH - 43952-1763"
Southern State Community College,-83.614085,39.236924,"100 Hobart Drive, Hillsboro, OH - 45133-9406"
Terra State Community College,-83.157799,41.354111,"2830 Napoleon Rd, Fremont, OH - 43420-9670"
Tiffin Academy of Hair Design,-83.175814,41.114497,"104 E Market St, Tiffin, OH - 44883"
Tiffin University,-83.184197,41.118316,"155 Miami Street, Tiffin, OH - 44883"
University of Toledo,-83.614714,41.660572,"2801 W Bancroft, Toledo, OH - 43606-3390"
Tri-State Bible College,-82.579887,38.426238,"506 Margaret St, South Point, OH - 45680"
Tri-County Adult Career Center,-82.210554,39.433202,"15676 St Rt 691, Nelsonville, OH - 45764"
Tri-Rivers Career Center,-83.069824,40.583077,"2222 Marion - Mt. Gilead Rd, Marion, OH - 43302-8914"
Union Institute & University,-84.497652,39.119091,"2090 Florence Avenue, Cincinnati, OH - 45206"
United Theological Seminary,-84.276913,39.813423,"4501 Denlinger Rd., Dayton, OH - 45426-2308"
Upper Valley Career Center,-84.213946,40.161207,"8811 Career Drive, Piqua, OH - 45356"
Ursuline College,-81.465118,41.497035,"2550 Lander Rd, Pepper Pike, OH - 44124"
The North Coast College,-81.769767,41.484253,"11724 Detroit Avenue, Lakewood, OH - 44107"
Walsh University,-81.369931,40.873908,"2020 East Maple St, North Canton, OH - 44720-3396"
Washington State Community College,-81.43392,39.430824,"710 Colegate Dr, Marietta, OH - 45750"
Wilberforce University,-83.880595,39.707291,"1055 N Bickett Rd, Wilberforce, OH - 45384-1001"
Wilmington College,-83.818342,39.444744,"1870 Quaker Way, Wilmington, OH - 45177"
Winebrenner Theological Seminary,-83.650711,41.052464,"950 North Main Street - 2nd Floor, Findlay, OH - 45840"
Wittenberg University,-83.815445,39.934029,"Ward St at N Wittenberg Ave, Springfield, OH - 45504"
The College of Wooster,-81.934674,40.81046,"1189 Beall Avenue, Wooster, OH - 44691"
Wright State University-Main Campus,-84.064881,39.780634,"3640 Colonel Glenn Highway, Dayton, OH - 45435-0001"
Wright State University-Lake Campus,-84.509194,40.546074,"7600 Lake Campus Drive, Celina, OH - 45822-2952"
Xavier University,-84.47465,39.149547,"3800 Victory Parkway, Cincinnati, OH - 45207-1092"
Youngstown State University,-80.64659,41.104928,"One University Plaza, Youngstown, OH - 44555-0001"
Bacone College,-95.334046,35.777082,"2299 Old Bacone Rd, Muskogee, OK - 74403-1597"
Oklahoma Wesleyan University,-95.95671,36.717453,"2201 Silver Lake Rd, Bartlesville, OK - 74006-6299"
Southern Nazarene University,-97.629504,35.513295,"6729 NW 39th Expy, Bethany, OK - 73008"
Pontotoc Technology Center,-96.683815,34.7484,"601 W 33rd, Ada, OK - 74820"
Cameron University,-98.434163,34.606487,"2800 West Gore Blvd, Lawton, OK - 73505-6377"
Carl Albert State College,-94.633986,35.039173,"1507 S McKenna, Poteau, OK - 74953-5208"
Central Oklahoma College,-97.560235,35.621488,"14820 Serenita Avenue, Oklahoma City, OK - 73134"
University of Central Oklahoma,-97.471508,35.6552,"100 N University Dr, Edmond, OK - 73034"
Connors State College,-95.319541,35.492873,"700 College Road, Warner, OK - 74469"
East Central University,-96.663849,34.771934,"1100 E. 14th Street, Ada, OK - 74820-6999"
Eastern Oklahoma State College,-95.328995,34.914079,"1301 W Main St, Wilburton, OK - 74578-4999"
Redlands Community College,-97.974592,35.518475,"1300 S Country Club Rd, El Reno, OK - 73036-5304"
Formations Institute,-97.927122,36.393267,"3905 S. La Mesa Drive, Enid, OK - 73703-4538"
Eves College of Hairstyling,-98.402794,34.604991,"912 SW C Ave, Lawton, OK - 73501"
Randall University,-97.491107,35.300757,"3701 S. I-35 Frontage Road, Moore, OK - 73160"
Langston University,-97.260317,35.943982,"701 Sammy Davis Jr. Drive, Langston, OK - 73050"
Murray State College,-96.677906,34.222949,"One Murray Campus, Tishomingo, OK - 73460"
Spartan College of Aeronautics and Technology,-95.878902,36.176642,"8820 East Pine Street, Tulsa, OK - 74115"
Northeastern State University,-94.967229,35.919939,"600 N Grand, Tahlequah, OK - 74464-2399"
Northern Oklahoma College,-97.295887,36.678649,"1220 E Grand Ave, Tonkawa, OK - 74653"
Northeastern Oklahoma A&M College,-94.867248,36.877255,"200 I St NE, Miami, OK - 74354"
Northwestern Oklahoma State University,-98.667673,36.796658,"709 Oklahoma Blvd, Alva, OK - 73717-2799"
Oklahoma State University Center for Health Sciences,-96.005702,36.137977,"1111 W 17th St, Tulsa, OK - 74107-1898"
Oklahoma Christian University,-97.469526,35.611412,"2501 E Memorial Rd, Edmond, OK - 73013"
University of Oklahoma-Health Sciences Center,-97.496289,35.47928,"1105 Stonewall Avenue, Ste 221, Oklahoma City, OK - 73117-1221"
Oklahoma Panhandle State University,-101.638488,36.594518,"323 Eagle Ave, Goodwell, OK - 73939-0430"
Oklahoma State University-Main Campus,-97.069743,36.123085,"107 Whitehurst, Stillwater, OK - 74078-1015"
Oklahoma State University-Oklahoma City,-97.581959,35.474969,"900 N Portland, Oklahoma City, OK - 73107-6195"
Oklahoma Baptist University,-96.932459,35.360492,"500 W University, Shawnee, OK - 74804"
Oklahoma City Community College,-97.570109,35.387699,"7777 S May Ave, Oklahoma City, OK - 73159-9987"
Oklahoma City University,-97.541242,35.495271,"2501 N Blackwelder, Oklahoma City, OK - 73106-1402"
University of Oklahoma-Norman Campus,-97.444211,35.209407,"660 Parrington Oval, Norman, OK - 73019-3072"
Oklahoma State University Institute of Technology,-95.940373,35.626934,"1801 E 4th St, Okmulgee, OK - 74447-3901"
Oral Roberts University,-95.952547,36.049129,"7777 S Lewis Ave., Tulsa, OK - 74171"
Rogers State University,-95.635718,36.321437,"1701 W Will Rogers Blvd, Claremore, OK - 74017-3252"
Rose State College,-97.414113,35.44372,"6420 S E 15th, Midwest City, OK - 73110-2799"
Jenks Beauty College,-95.975154,36.023435,"535 W. Main, Jenks, OK - 74037"
University of Science and Arts of Oklahoma,-97.95641,35.031392,"17th Street and Grand Avenue, Chickasha, OK - 73018-5322"
Seminole State College,-96.704908,35.249515,"2701 Boren Blvd, Seminole, OK - 74868-1901"
Southern School of Beauty Inc,-96.377181,33.991184,"140 W Main St, Durant, OK - 74701-5008"
Southeastern Oklahoma State University,-96.376864,34.006808,"425 W University Blvd, Durant, OK - 74701-3347"
Southwestern Christian University,-97.63934,35.513314,"7210 NW 39th Expressway, Bethany, OK - 73008"
Southwestern Oklahoma State University,-98.707768,35.535281,"100 Campus Dr, Weatherford, OK - 73096-3001"
Tulsa Community College,-95.986186,36.147629,"909 S. Boston Ave., Tulsa, OK - 74119"
Tulsa Welding School-Tulsa,-95.954378,36.148202,"2545 E. 11th Street, Tulsa, OK - 74104"
University of Tulsa,-95.945941,36.152324,"800 South Tucker Drive, Tulsa, OK - 74104-3189"
Western Oklahoma State College,-99.33699,34.669018,"2801 N Main St, Altus, OK - 73521-1397"
Formations Institute of Cosmetology & Barbering,-99.386309,36.43491,"502 Texas Ave, Woodward, OK - 73801"
High Plains Technology Center,-99.427304,36.40621,"3921 34th St, Woodward, OK - 73801"
Blue Mountain Community College,-118.816944,45.677313,"2411 NW Carden Ave, Pendleton, OR - 97801"
Central Oregon Community College,-121.348585,44.071401,"2600 NW College Way, Bend, OR - 97703"
Chemeketa Community College,-122.978076,44.978655,"4000 Lancaster Dr NE, Salem, OR - 97305"
Clackamas Community College,-122.574272,45.323185,"19600 Molalla Ave, Oregon City, OR - 97045-8980"
Clatsop Community College,-123.823339,46.183107,"1651 Lexington Avenue, Astoria, OR - 97103"
College of Hair Design Careers,-122.981554,44.949897,"1684 Clay St NE, Salem, OR - 97301-1952"
Concorde Career College-Portland,-122.650703,45.528354,"1425 NE Irving Street, Bldg 300, Portland, OR - 97232-4203"
Sumner College,-122.576024,45.574935,"8338 NE Alderwood Road Ste 100, Portland, OR - 97220"
East West College of the Healing Arts,-122.681029,45.513392,"1515 SW Fifth Avenue, Suite 400, Portland, OR - 97201-0000"
Eastern Oregon University,-118.092495,45.319795,"One University Blvd, La Grande, OR - 97850"
New Hope Christian College-Eugene,-123.15355,44.032674,"2155 Bailey Hill Rd, Eugene, OR - 97405"
George Fox University,-122.967494,45.303629,"414 N Meridian St, Newberg, OR - 97132"
Phagans Grants Pass College of Beauty,-123.298826,42.435266,"304 NE Agness Ave  Suite F, Grants Pass, OR - 97526"
Lane Community College,-123.032644,44.009325,"4000 E 30th Ave, Eugene, OR - 97405-0640"
Lewis & Clark College,-122.669137,45.450882,"615 S Palatine Hill Rd, Portland, OR - 97219-7899"
Linfield University,-123.199642,45.201173,"900 SE Baker, McMinnville, OR - 97128-6894"
Linn-Benton Community College,-123.11403,44.587663,"6500 Pacific Blvd SW, Albany, OR - 97321"
Northwest College-Beaverton,-122.805741,45.489301,"4200 SW Watson Ave, Beaverton, OR - 97005"
Phagans Medford Beauty School,-122.868181,42.351071,"2320 Poplar Dr, Medford, OR - 97504"
Northwest College-Clackamas,-122.576902,45.438533,"8307 S.E. Monterey Ave, Happy Valley, OR - 97086"
Mount Angel Seminary,-122.775405,45.057871,"1 Abbey Drive, Saint Benedict, OR - 97373"
Mt Hood Community College,-122.396972,45.514862,"26000 SE Stark St, Gresham, OR - 97030"
Multnomah University,-122.575557,45.527139,"8435 NE Glisan St, Portland, OR - 97220"
National University of Natural Medicine,-122.6766,45.501931,"49 S Porter St., Portland, OR - 97201-4848"
Bushnell University,-123.079754,44.047483,"828 E. 11th Ave., Eugene, OR - 97401-3745"
Oregon Health & Science University,-122.686096,45.498772,"3181 SW Sam Jackson Park Rd, Portland, OR - 97239-3098"
Oregon Institute of Technology,-121.785177,42.257152,"3201 Campus Drive, Klamath Falls, OR - 97601-8801"
Oregon State University,-123.274723,44.56395,"1500 SW Jefferson Avenue, Corvallis, OR - 97331"
University of Oregon,-123.075792,44.045146,"110 Johnson Hall, Eugene, OR - 97403"
Pacific Northwest College of Art,-122.678182,45.526766,"511 NW Broadway, Portland, OR - 97209-3404"
Pacific University,-123.108777,45.521394,"2043 College Way, Forest Grove, OR - 97116"
Phagans Beauty College,-123.310594,44.549973,"1565 SW 53rd Street, Corvallis, OR - 97333"
Phagans Central Oregon Beauty College,-121.264194,44.063609,"1310 NE Cushing Drive, Bend, OR - 97701"
Phagans School of Beauty,-122.981962,44.937695,"622 Lancaster Dr NE, Salem, OR - 97301"
Phagans School of Hair Design,-122.574975,45.435373,"12000 SE 82nd Avenue Suite 4010, Happy Valley, OR - 97086"
Summit Salon Academy-Portland,-122.766574,45.433994,"8820 SW Center, Tigard, OR - 97223"
Portland Community College,-122.730876,45.438154,"12000 SW 49th Avenue, Portland, OR - 97219-7132"
Portland State University,-122.686289,45.511601,"724 SW Harrison St., Portland, OR - 97201"
University of Portland,-122.726691,45.572724,"5000 N Willamette Blvd, Portland, OR - 97203-5798"
Reed College,-122.630348,45.480959,"3203 SE Woodstock Blvd, Portland, OR - 97202-8199"
Rogue Community College,-123.39326,42.412159,"3345 Redwood Hwy, Grants Pass, OR - 97527-9291"
Southern Oregon University,-122.695081,42.185077,"1250 Siskiyou Blvd, Ashland, OR - 97520"
Southwestern Oregon Community College,-124.25224,43.395327,"1988 Newmark Ave, Coos Bay, OR - 97420-2193"
Treasure Valley Community College,-116.974487,44.020811,"650 College Blvd., Ontario, OR - 97914"
Umpqua Community College,-123.332475,43.289317,"1140 Umpqua College Rd., Roseburg, OR - 97470-0226"
Warner Pacific University,-122.592498,45.506265,"2219 SE 68th Ave, Portland, OR - 97215"
Corban University,-122.961129,44.882399,"5000 Deer Park Dr SE, Salem, OR - 97317-9392"
Western Seminary,-122.606374,45.512091,"5511 SE Hawthorne Blvd, Portland, OR - 97215-3367"
Willamette University,-123.030537,44.935457,"900 State St, Salem, OR - 97301"
Western Oregon University,-123.238309,44.852235,"345 Monmouth Ave N, Monmouth, OR - 97361-1394"
University of Western States,-122.580586,45.536519,"8000 NE Tillamook Street, Portland, OR - 97213"
Bryn Athyn College of the New Church,-75.060808,40.134393,"2945 College Drive, Bryn Athyn, PA - 19009-0717"
Academy of Vocal Arts,-75.173735,39.94796,"1920 Spruce St, Philadelphia, PA - 19103-6685"
Albright College,-75.909742,40.361351,"1621 N. 13th St., Reading, PA - 19612-5234"
All-State Career School,-75.303038,39.866057,"50 West Powhattan Avenue, Essington, PA - 19029"
Community College of Allegheny County,-80.018453,40.450908,"800 Allegheny Ave, Pittsburgh, PA - 15233-1895"
Allegheny College,-80.147168,41.64869,"520 N Main St, Meadville, PA - 16335-3902"
The  Beauty Institute,-75.481024,40.631236,"153 Lehigh Valley Mall, Whitehall, PA - 18052"
DeSales University,-75.375608,40.539091,"2755 Station Avenue, Center Valley, PA - 18034-9568"
Altoona Beauty School Inc,-78.387852,40.501861,"1528 Valley View Blvd., Altoona, PA - 16602-6039"
Alvernia University,-75.936754,40.310028,"400 Saint Bernardine St, Reading, PA - 19607-1799"
The Beauty Institute-Ambler,-75.222204,40.154233,"50 E. Butler Pike, Ambler, PA - 19002"
American College of Financial Services,-75.394652,40.101644,"630 Allendale Rd #400, King of Prussia, PA - 19406"
Automotive Training Center-Exton,-75.643079,40.058206,"114 Pickering Way, Exton, PA - 19341-1310"
Clarks Summit University,-75.685472,41.495062,"538 Venard Rd, Clarks Summit, PA - 18411-1250"
Community College of Beaver County,-80.305876,40.655601,"1 Campus Drive, Monaca, PA - 15061-2588"
Arcadia University,-75.163876,40.092606,"450 S Easton Rd, Glenside, PA - 19038-3295"
Missio Theological Seminary,-75.150056,39.959026,"421 N. 7th Street, Suite 700, Philadelphia, PA - 19123"
Bryn Mawr College,-75.313223,40.02736,"101 N Merion Avenue, Bryn Mawr, PA - 19010"
Bucknell University,-76.882616,40.954317,"One Dent Drive, Lewisburg, PA - 17837"
Bucks County Community College,-74.965841,40.239102,"275 Swamp Rd, Newtown, PA - 18940-4106"
Bucks County School of Beauty Culture Inc,-75.007054,40.166449,"1761 Bustleton Pike, Feasterville, PA - 19053-7368"
Butler Beauty Academy,-79.895107,40.859152,"233 S Main St, Butler, PA - 16001"
Butler County Community College,-79.911433,40.829364,"107 College Drive, Butler, PA - 16002"
Cabrini University,-75.375263,40.056355,"610 King of Prussia Rd, Radnor, PA - 19087-3698"
Carlow University,-79.963448,40.439293,"3333 Fifth Ave, Pittsburgh, PA - 15213-3165"
Carnegie Mellon University,-79.941993,40.44357,"5000 Forbes Avenue, Pittsburgh, PA - 15213-3890"
Cedar Crest College,-75.519221,40.586318,"100 College Drive, Allentown, PA - 18104-6196"
Central Penn College,-76.934461,40.3049,"600 Valley Road, Summerdale, PA - 17093-0309"
Chatham University,-79.926083,40.448432,"Woodland Road, Office of Institutional Research, Pittsburgh, PA - 15232"
Chestnut Hill College,-75.228742,40.08678,"9601 Germantown Ave, Philadelphia, PA - 19118-2693"
Cheyney University of Pennsylvania,-75.529262,39.932274,"1837 University Circle, Cheyney, PA - 19319-0200"
Citizens School of Nursing,-79.798934,40.573248,"539 Pittsburgh Mills Circle, Tarentum, PA - 15084"
DLP Conemaugh Memorial Medical Center,-78.918445,40.305445,"1086 Franklin St, Johnstown, PA - 15905-4398"
Curtis Institute of Music,-75.170727,39.948857,"1726 Locust St, Philadelphia, PA - 19103"
Delaware County Community College,-75.39308,39.966724,"901 S Media Line Rd, Media, PA - 19063-1094"
Delaware Valley University,-75.158452,40.298659,"700 E Butler Ave, Doylestown, PA - 18901-2697"
Dickinson College,-77.197854,40.202796,"College and Louther Streets, Carlisle, PA - 17013-2896"
Douglas Education Center,-79.888461,40.161519,"130 7th St, Monessen, PA - 15062"
Drexel University,-75.190051,39.955217,"3141 Chestnut St, Philadelphia, PA - 19104"
Duquesne University,-79.993123,40.43589,"Administration Bldg 600 Forbes Ave, Pittsburgh, PA - 15282"
East Stroudsburg University of Pennsylvania,-75.173905,40.99599,"200 Prospect Street, East Stroudsburg, PA - 18301-2999"
Eastern University,-75.370316,40.050448,"1300 Eagle Rd, Saint Davids, PA - 19087-3696"
Elizabethtown College,-76.593224,40.149236,"One Alpha Drive, Elizabethtown, PA - 17022-2298"
Empire Beauty School-Lebanon,-76.423302,40.311029,"1776 Quentin Rd Cedar Crest Sq, Lebanon, PA - 17042"
Empire Beauty School-York,-76.674663,39.972543,"2592 Eastern Blvd, Kingston Square Shopping Ctr, York, PA - 17402"
Empire Beauty School-Lancaster,-76.354033,40.038813,"1801 Columbia Ave, Lancaster, PA - 17603"
Empire Beauty School-Shamokin Dam,-76.815891,40.854559,"30 Baldwin Blvd, Suite 50, Shamokin Dam, PA - 17876"
Empire Beauty School-Pottsville,-76.186417,40.706451,"396 Pottsville - St. Clair Highway, Pottsville, PA - 17901"
Empire Beauty  School-Lehigh Valley,-75.485471,40.63006,"1634 MacArthur Rd, Whitehall, PA - 18052"
Empire Beauty School-Gwinnett,-84.121878,33.939252,"1455 Pleasant Hill Road, Suite 105, Lawrenceville, GA - 30044-3045"
Empire Beauty School-Wyoming Valley,-75.701735,41.375743,"3370 Birney Avenue, Moosic, PA - 18507"
Empire Beauty School-Harrisburg,-76.828798,40.293647,"3941 Jonestown Rd, Harrisburg, PA - 17109"
Empire Beauty School-Reading,-75.927465,40.370166,"2302 N 5th St Highway, Reading, PA - 19605"
Erie Institute of Technology Inc,-80.100853,42.071725,"940 Millcreek Mall, Erie, PA - 16565"
Franklin and Marshall College,-76.319037,40.048045,"College Ave, Lancaster, PA - 17604-3003"
Gannon University,-80.087166,42.128403,"109 W Sixth St, Erie, PA - 16541-0001"
Geneva College,-80.321826,40.772518,"3200 College Ave, Beaver Falls, PA - 15010-3599"
Gettysburg College,-77.236792,39.836597,"300 N Washington St, Gettysburg, PA - 17325"
Empire Beauty School-NE Philadelphia,-74.971093,40.084983,"4026 Woodhaven Rd, Philadelphia, PA - 19154"
Gratz College,-75.133915,40.067206,"7605 Old York Rd, Melrose Park, PA - 19027"
Grove City College,-80.081481,41.1558,"100 Campus Dr, Grove City, PA - 16127-2104"
Gwynedd Mercy University,-75.237224,40.19774,"1325 Sumneytown Pike, Gwynedd Valley, PA - 19437-0901"
Harcum College,-75.314801,40.022582,"750 Montgomery Ave, Bryn Mawr, PA - 19010-3476"
Harrisburg Area Community College,-76.886408,40.296777,"1 HACC Dr., Harrisburg, PA - 17110-2999"
Haverford College,-75.305207,40.007452,"370  Lancaster Ave, Haverford, PA - 19041-1392"
Commonwealth Technical Institute,-78.947004,40.301691,"727 Goucher St, Johnstown, PA - 15905"
Holy Family University,-74.986451,40.060581,"9801 Frankford Avenue, Philadelphia, PA - 19114-2009"
Hussian College-Philadelphia,-75.164185,39.962505,"1500 Spring Garden Street Ste. 101, Philadelphia, PA - 19130"
Immaculata University,-75.570711,40.027981,"1145 King Road, Immaculata, PA - 19345"
Indiana University of Pennsylvania-Main Campus,-79.159332,40.617531,"1011 South Dr 201 Sutton Hall, Indiana, PA - 15705-1098"
UPMC Jameson School of Nursing,-80.353,41.026499,"2414 Wilmington Road, New Castle, PA - 16105"
Great Lakes Institute of Technology,-80.091816,42.079508,"5100 Peach Street, Erie, PA - 16509-2482"
Johnson College,-75.642476,41.450409,"3427 N Main Ave, Scranton, PA - 18508-1495"
Juniata College,-78.017292,40.500523,"1700 Moore St, Huntingdon, PA - 16652-2196"
Keystone College,-75.777456,41.558969,"One College Green, La Plume, PA - 18440-0200"
King's College,-75.879822,41.250097,"133 N River St, Wilkes-Barre, PA - 18711-0801"
Butler Beauty Academy-Kittanning Beauty Academy,-79.52003,40.813778,"120 Market St, Kittanning, PA - 16201"
Kutztown University of Pennsylvania,-75.783933,40.513561,"15200 Kutztown Rd, Kutztown, PA - 19530-0730"
La Roche University,-80.014851,40.568615,"9000 Babcock Blvd, Pittsburgh, PA - 15237-5898"
La Salle University,-75.153061,40.037979,"1900 W Olney Ave, Philadelphia, PA - 19141-1199"
Lackawanna College,-75.658963,41.411556,"501 Vine St, Scranton, PA - 18509-3206"
Lafayette College,-75.209786,40.69956,"High St, Easton, PA - 18042-1768"
Lancaster Bible College,-76.287761,40.075347,"901 Eden Rd, Lancaster, PA - 17601-5036"
Lancaster Theological Seminary,-76.317631,40.045235,"555 W James St, Lancaster, PA - 17603-2897"
Lancaster School of Cosmetology & Therapeutic Bodywork,-76.283649,40.040746,"50 Ranck Ave, Lancaster, PA - 17602"
Lansdale School of Business,-75.284662,40.22379,"290 Wissahickon Avenue, North Wales, PA - 19454-4114"
Lansdale School of Cosmetology Inc,-75.286281,40.243302,"215 W Main St, Lansdale, PA - 19446-2003"
Lebanon Valley College,-76.514431,40.330604,"101 N College Ave, Annville, PA - 17003-1400"
Lehigh Carbon Community College,-75.610715,40.66474,"4525 Education Park Dr, Schnecksville, PA - 18078-2598"
Miller-Motte College-Berks Technical Institute,-75.978873,40.344627,"2205 Ridgewood Rd, Wyomissing, PA - 19610-1168"
Lehigh University,-75.380236,40.606822,"27 Memorial Drive West, Bethlehem, PA - 18015"
Lincoln Technical Institute-Allentown,-75.568979,40.591908,"5151 Tilghman St, Allentown, PA - 18104-9889"
Lincoln Technical Institute-Philadelphia,-74.999686,40.049548,"9191 Torresdale Ave, Philadelphia, PA - 19136"
Lincoln University,-75.926458,39.807723,"1570 Baltimore Pike, Lincoln University, PA - 19352-0999"
UPMC St. Margaret School of Nursing,-79.863106,40.491687,"221 Seventh Street, Suite 100, Pittsburgh, PA - 15238-3250"
United Lutheran Seminary,-77.244111,39.831701,"61 Seminary Ridge, Gettysburg, PA - 17325-1795"
Luzerne County Community College,-75.991095,41.194728,"521 Trailblazer Drive, Nanticoke, PA - 18634"
Lycoming College,-77.0,41.24666,"One College Place, Williamsport, PA - 17701-5192"
Manor College,-75.104786,40.08714,"700 Fox Chase Rd, Jenkintown, PA - 19046-3399"
Marywood University,-75.634142,41.434587,"2300 Adams Ave, Scranton, PA - 18509-1598"
Vet Tech Institute,-80.000229,40.443884,"125 Seventh St, Pittsburgh, PA - 15222-3400"
Roxborough Memorial Hospital School of Nursing,-75.209985,40.028912,"5800 Ridge Ave, Philadelphia, PA - 19128"
Mercyhurst University,-80.053412,42.10578,"501 E 38th St, Erie, PA - 16546"
Messiah University,-76.988269,40.156579,"One University Avenue, Mechanicsburg, PA - 17055"
ASPIRA City College,-75.135042,40.017493,"4322 N. 5th Street, Philadelphia, PA - 19140-2302"
Millersville University of Pennsylvania,-76.357381,40.000337,"1 South George Street, Lyle Hall, Millersville, PA - 17551-0302"
Misericordia University,-75.971541,41.345277,"301 Lake St, Dallas, PA - 18612-1098"
Montgomery County Community College,-75.276093,40.175609,"340 Dekalb Pike, Blue Bell, PA - 19422-0796"
Moore College of Art and Design,-75.172105,39.957078,"20th and the Parkway, Philadelphia, PA - 19103-1179"
Moravian University,-75.383638,40.630947,"1200 Main St, Bethlehem, PA - 18018-6650"
Mount Aloysius College,-78.600898,40.459679,"7373 Admiral Peary Hwy, Cresson, PA - 16630-1999"
Muhlenberg College,-75.508502,40.596416,"2400 Chew Street, Allentown, PA - 18104"
Neumann University,-75.440022,39.874876,"One Neumann Drive, Aston, PA - 19014-1298"
New Castle School of Trades,-80.401417,41.035228,"4117 Pulaksi Road, New Castle, PA - 16101"
Northampton County Area Community College,-75.32351,40.67253,"3835 Green Pond Rd, Bethlehem, PA - 18020-7599"
Heritage Valley Health System School of Nursing,-80.091066,40.472356,"25 Heckel Rd, McKees Rocks, PA - 15136"
Orleans Technical College,-75.011324,40.090338,"2770 Red Lion Road, Philadelphia, PA - 19114-1014"
Salus University,-75.129511,40.085774,"8360 Old York Rd, Elkins Park, PA - 19027-6262"
Pennsylvania Institute of Technology,-75.38893,39.908335,"800 Manchester Ave, Media, PA - 19063-4098"
Pennsylvania State University-Penn State Erie-Behrend College,-79.983818,42.119417,"4701 College Drive, Erie, PA - 16563-0001"
Pennsylvania State University-Penn State Great Valley,-75.522409,40.052444,"30 East Swedesford Road, Malvern, PA - 19355-1488"
Pennsylvania State University-Penn State New Kensington,-79.697461,40.551056,"3550 Seventh Street Road, New Kensington, PA - 15068-1765"
Pennsylvania State University-Penn State Shenango,-80.50924,41.235131,"147 Shenango Avenue, Sharon, PA - 16146-1537"
Pennsylvania State University-Penn State Wilkes-Barre,-76.016151,41.305602,"44 University Drive, Dallas, PA - 18627-0217"
Pennsylvania State University-Penn State Scranton,-75.621401,41.439843,"120 Ridge View Drive, Dunmore, PA - 18512-1602"
Pennsylvania State System of Higher Education-Central Office,-76.855799,40.317418,"2300 Vartan Way, Harrisburg, PA - 17110"
Pennsylvania State University-Penn State Lehigh Valley,-75.40267,40.559201,"2809 Saucon Valley Road, Center Valley, PA - 18034-8447"
Pennsylvania State University-Penn State Altoona,-78.409601,40.541759,"3000 Ivyside Park, Altoona, PA - 16601-3777"
Pennsylvania State University-Penn State Beaver,-80.296316,40.678271,"100 University Drive, Monaca, PA - 15061-2764"
Pennsylvania State University-Penn State Berks,-75.97329,40.358839,"Tulpehocken Road, Reading, PA - 19610-1016"
Pennsylvania State University-Penn State Harrisburg,-76.741216,40.204253,"777 West Harrisburg Pike, Middletown, PA - 17057-4846"
Pennsylvania State University-Penn State Brandywine,-75.449704,39.927123,"25 Yearsley Mill Road, Media, PA - 19063-5522"
Pennsylvania State University-Penn State DuBois,-78.751554,41.127184,"1 College Place, DuBois, PA - 15801-2549"
Pennsylvania State University-Penn State Fayette- Eberly,-79.659317,39.946455,"2201 University Drive, Lemont Furnace, PA - 15456-1025"
Pennsylvania State University-Penn State Hazleton,-76.030975,40.98396,"76 University Drive, Hazleton, PA - 18202-8025"
Pennsylvania State University-Main Campus,-77.862848,40.7965,"201 Old Main, University Park, PA - 16802-1503"
Pennsylvania State University-Penn State Greater Allegheny,-79.827428,40.345591,"4000 University Drive, McKeesport, PA - 15132-7644"
Pennsylvania State University-Penn State Mont Alto,-77.541797,39.842212,"1 Campus Drive, Mont Alto, PA - 17237-9700"
Pennsylvania State University-Penn State Abington,-75.110724,40.117101,"1600 Woodland Road, Abington, PA - 19001-3918"
Pennsylvania State University-Penn State Schuylkill,-76.166374,40.640512,"200 University Drive, Schuylkill Haven, PA - 17972-2202"
Pennsylvania State University-Penn State York,-76.703486,39.95283,"1031 Edgecomb Avenue, York, PA - 17403-3326"
Peirce College,-75.168105,39.949623,"1608 Walnut St., Suite 1900, Philadelphia, PA - 19103-5443"
Penn Commercial Business/Technical School,-80.238844,40.182387,"242 Oak Spring Road, Washington, PA - 15301-6822"
Pennco Tech-Bristol,-74.870959,40.097992,"3815 Otter St, Bristol, PA - 19007"
Pennsylvania Academy of the Fine Arts,-75.163456,39.955692,"128 N. Broad Street, Philadelphia, PA - 19102-1510"
Pennsylvania Gunsmith School,-80.068863,40.496672,"812 Ohio River Blvd, Pittsburgh, PA - 15202-2637"
Cortiva Institute,-75.378356,40.08063,"211 South Gulph Road Suite 100, King of Prussia, PA - 19406"
Pennsylvania College of Art and Design,-76.308769,40.041152,"204 N Prince St, Lancaster, PA - 17608-0059"
University of Pennsylvania,-75.19391,39.950929,"34th & Spruce Street, Philadelphia, PA - 19104-6303"
University of the Arts,-75.165888,39.946017,"320 South Broad St, Philadelphia, PA - 19102-4901"
Cairn University-Langhorne,-74.909509,40.165809,"200 Manor Ave, Langhorne, PA - 19047-2990"
Philadelphia College of Osteopathic Medicine,-75.216092,40.004885,"4170 City Ave, Philadelphia, PA - 19131"
Community College of Philadelphia,-75.165604,39.962458,"1700 Spring Garden St, Philadelphia, PA - 19130-3991"
University of Pittsburgh-Bradford,-78.673701,41.943415,"300 Campus Drive, Bradford, PA - 16701"
University of Pittsburgh-Greensburg,-79.532676,40.276447,"150 Finoli Drive, Greensburg, PA - 15601-5860"
University of Pittsburgh-Johnstown,-78.834163,40.265957,"450 Schoolhouse Road, Johnstown, PA - 15904"
University of Pittsburgh-Pittsburgh Campus,-79.953254,40.444388,"4200 Fifth Avenue, Pittsburgh, PA - 15260"
University of Pittsburgh-Titusville,-79.664156,41.628697,"504 East Main Street, Titusville, PA - 16354"
Beaver Falls Beauty Academy,-80.320347,40.754161,"720 13th St, Beaver Falls, PA - 15010-4208"
Pittsburgh Institute of Aeronautics,-79.926575,40.350804,"5 Allegheny County Airport, West Mifflin, PA - 15122"
Pittsburgh Institute of Mortuary Science Inc,-79.930487,40.459175,"5808 Baum Blvd, Pittsburgh, PA - 15206-3706"
Pittsburgh Technical College,-80.189404,40.424679,"1111 McKee Road, Oakdale, PA - 15071"
Pittsburgh Theological Seminary,-79.921397,40.467347,"616 N Highland Ave, Pittsburgh, PA - 15206-2596"
Point Park University,-80.002061,40.438768,"201 Wood St, Pittsburgh, PA - 15222-1984"
Joseph F McCloskey School of Nursing,-76.189164,40.683923,"450 Washington St, Pottsville, PA - 17901"
The Salon Professional Academy-Altoona,-78.404069,40.467868,"415 D Orchard Avenue, Altoona, PA - 16601-2419"
Reading Area Community College,-75.935086,40.334861,"10 S Second St, Reading, PA - 19603"
Reading Hospital School of Health Sciences,-75.950474,40.32606,"1025 Old Wyomissing Road, Reading, PA - 19611"
Reconstructionist Rabbinical College,-75.149506,40.087689,"1299 Church Rd, Wyncote, PA - 19095-1898"
Walnut Hill College,-75.20749,39.955098,"4207 Walnut St, Philadelphia, PA - 19104"
Robert Morris University,-80.210468,40.520415,"6001 University Boulevard, Moon Township, PA - 15108-1189"
Rosedale Technical College,-80.103926,40.45205,"215 Beecham  Drive, Pittsburgh, PA - 15205-9791"
Rosemont College,-75.32925,40.033417,"1400 Montgomery Ave, Rosemont, PA - 19010-1699"
Saint Francis University,-78.63904,40.506734,"117 Evergreen Dr, Loretto, PA - 15940"
Saint Joseph's University,-75.238343,39.994442,"5600 City Avenue, Philadelphia, PA - 19131-1395"
Saint Vincent College,-79.403762,40.29265,"300 Fraser Purchase Rd, Latrobe, PA - 15650-2690"
Saint Vincent Seminary,-79.403762,40.29265,"300 Fraser Purchase Road, Latrobe, PA - 15650-2690"
Schuylkill Technology Center,-76.22938,40.775735,"101 Technology Dr, Frackville, PA - 17931"
University of Scranton,-75.656915,41.406556,"800 Linden Street, Scranton, PA - 18510-4699"
Seton Hill University,-79.557433,40.309407,"1 Seton Hill Drive, Greensburg, PA - 15601"
UPMC Shadyside School of Nursing,-79.939494,40.454751,"5230 Centre Ave, Pittsburgh, PA - 15232"
Sharon Regional School of Nursing,-80.497236,41.232638,"740 E State St, Sharon, PA - 16146"
Laurel Technical Institute,-80.463868,41.189936,"2370 Broadway Avenue, Hermitage, PA - 16148"
Shippensburg University of Pennsylvania,-77.522335,40.057933,"1871 Old Main Drive, Shippensburg, PA - 17257-2299"
Slippery Rock University of Pennsylvania,-80.045965,41.062719,"1 Morrow Way, Slippery Rock, PA - 16057-1383"
Saint Charles Borromeo Seminary-Overbrook,-75.255675,39.99133,"100 East Wynnewood Road, Wynnewood, PA - 19096"
South Hills Beauty Academy,-80.041544,40.38933,"3269 W Liberty Ave, Pittsburgh, PA - 15216"
South Hills School of Business & Technology,-77.855466,40.775033,"480 Waupelani Dr, State College, PA - 16801-4516"
St Lukes Hospital School of Nursing,-75.394494,40.607054,"801 Ostrum Street, Bethlehem, PA - 18015"
The Beauty Institute,-75.223872,40.989612,"344 Stroud Mall Road Suite 308, Stroudsburg, PA - 18360-1720"
Susquehanna University,-76.875329,40.797502,"514 University Ave, Selinsgrove, PA - 17870-1025"
Swarthmore College,-75.354278,39.905159,"500 College Ave, Swarthmore, PA - 19081"
Thaddeus Stevens College of Technology,-76.288718,40.037951,"750 E King St, Lancaster, PA - 17602-3198"
Talmudical Yeshiva of Philadelphia,-75.247964,39.989249,"6063 Drexel Rd, Philadelphia, PA - 19131"
Temple University,-75.156859,39.980546,"1801 North Broad Street, Philadelphia, PA - 19122-6096"
Theological Seminary of the Reformed Episcopal Church,-75.290124,40.168935,"826 2nd Ave, Blue Bell, PA - 19422-1257"
Thiel College,-80.384383,41.41354,"75 College Ave, Greenville, PA - 16125-2181"
Thomas Jefferson University,-75.158266,39.948274,"1020 Walnut Street, Philadelphia, PA - 19107"
Triangle Tech Inc-Pittsburgh,-80.012781,40.462003,"1940 Perrysville Avenue, Pittsburgh, PA - 15214-3897"
Triangle Tech Inc-Greensburg,-79.539468,40.303168,"222 E Pittsburgh St Ste A, Greensburg, PA - 15601-3304"
Triangle Tech Inc-Dubois,-78.795923,41.147974,"225 Tannery Row Road, Falls Creek, PA - 15840-3333"
Trinity Episcopal School for Ministry,-80.230178,40.593403,"311 Eleventh St, Ambridge, PA - 15003-2397"
Ursinus College,-75.456505,40.193023,"601 E. Main St, Collegeville, PA - 19426-1000"
University of Valley Forge,-75.5469,40.117835,"1401 Charlestown Road, Phoenixville, PA - 19460-2373"
Valley Forge Military College,-75.382097,40.053697,"1001 Eagle Rd, Wayne, PA - 19087-3695"
Venus Beauty Academy,-75.273105,39.908715,"1033 Chester Pke, Sharon Hill, PA - 19079"
Villanova University,-75.340502,40.036463,"800 Lancaster Avenue, Villanova, PA - 19085-1699"
Washington Health System School of Nursing,-80.245709,40.183984,"155 Wilson Ave, Washington, PA - 15301"
Washington & Jefferson College,-80.24049,40.170622,"60 S Lincoln St, Washington, PA - 15301"
Waynesburg University,-80.186205,39.899871,"51 West College Street, Waynesburg, PA - 15370-1257"
Welder Training and Testing Institute,-75.447263,40.626469,"729 E. Highland Street, Allentown, PA - 18109-3253"
West Chester University of Pennsylvania,-75.59812,39.953398,"University Avenue and High Street, West Chester, PA - 19383"
Western Pennsylvania Hospital School of Nursing,-79.945111,40.462132,"4900 Friendship Ave, Pittsburgh, PA - 15224"
Westminster College,-80.331017,41.119272,"319 South Market  Street, New Wilmington, PA - 16172"
Westminster Theological Seminary,-75.176327,40.09815,"2960 W Church Rd, Glenside, PA - 19038"
Westmoreland County Community College,-79.564897,40.234321,"145 Pavilion Lane, Youngwood, PA - 15697-1895"
Widener University,-75.355363,39.861689,"One University Place, Chester, PA - 19013-5792"
Wilkes University,-75.890262,41.244199,"84 West South Street, Wilkes-Barre, PA - 18766"
Williamson College of the Trades,-75.422024,39.90807,"106 South New Middletown Road, Media, PA - 19063-5299"
Wilson College,-77.650712,39.949659,"1015 Philadelphia Ave, Chambersburg, PA - 17201-1285"
Yeshivath Beth Moshe,-75.656191,41.394852,"930 Hickory St, Scranton, PA - 18505-2196"
York College of Pennsylvania,-76.727984,39.94614,"441 Country Club Rd, York, PA - 17403-3651"
YTI Career Institute-York,-76.660321,39.992432,"1405 Williams Road, York, PA - 17402"
Brown University,-71.40385,41.82617,"One Prospect Street, Providence, RI - 02912"
Bryant University,-71.539547,41.920092,"1150 Douglas Pike, Smithfield, RI - 02917-1291"
Johnson & Wales University-Providence,-71.41277,41.819956,"8 Abbott Park Place, Providence, RI - 02903-3703"
New England Institute of Technology,-71.502892,41.661783,"One New England Tech Boulevard, East Greenwich, RI - 02818-1205"
New England Tractor Trailer Training School of Rhode Island,-71.405906,41.880296,"600 Moshassuck Valley Industrial Hwy, Pawtucket, RI - 02860"
Providence College,-71.437446,41.842742,"1 Cunningham Square, Providence, RI - 02918-0001"
Rhode Island College,-71.46556,41.842415,"600 Mount Pleasant Ave, Providence, RI - 02908"
Community College of Rhode Island,-71.481509,41.712817,"400 East Ave, Warwick, RI - 02886-1807"
University of Rhode Island,-71.527356,41.484691,"Green Hall, 35 Campus Avenue, Kingston, RI - 02881"
Rhode Island School of Design,-71.409309,41.827114,"20 Washington Place, Providence, RI - 02903-2784"
Roger Williams University,-71.260374,41.650214,"One Old Ferry Road, Bristol, RI - 02809-2921"
Salve Regina University,-71.30124,41.471545,"100 Ochre Point Avenue, Newport, RI - 02840-4192"
Empire Beauty School-Warwick,-71.422425,41.821724,"151 Broadway, Providence, RI - 02903"
Northpoint Bible College,-71.079335,42.765357,"320 South Main Street, Haverhill, MA - 01835"
Aiken Technical College,-81.841666,33.533833,"2276 Jefferson Davis Highway, Graniteville, SC - 29829"
Allen University,-81.020045,34.010348,"1530 Harden Street, Columbia, SC - 29204"
Anderson University,-82.640358,34.5152,"316 Boulevard, Anderson, SC - 29621-4035"
Charleston Southern University,-80.072587,32.983047,"9200 University Blvd, Charleston, SC - 29406-9121"
Technical College of the Lowcountry,-80.689468,32.420197,"921 Ribaut Road, Beaufort, SC - 29901-1288"
Benedict College,-81.020403,34.012941,"1600 Harden Street, Columbia, SC - 29204-1086"
Bob Jones University,-82.365838,34.874016,"1700 Wade Hampton Boulavard, Greenville, SC - 29614-0001"
Southern Wesleyan University,-82.761586,34.728068,"907 Wesleyan Drive, Central, SC - 29630-1020"
Charleston Cosmetology Institute,-80.111988,32.91777,"8484 Dorchester Road, Charleston, SC - 29420"
College of Charleston,-79.939794,32.784225,"66 George St, Charleston, SC - 29424-0001"
Charzanne Beauty College,-82.138883,34.212583,"1549 Hwy 72/221 E, Greenwood, SC - 29649"
Northeastern Technical College,-79.939245,34.698248,"1201 Chesterfield Hwy., Cheraw, SC - 29520"
Citadel Military College of South Carolina,-79.958775,32.797183,"171 Moultrie St, Charleston, SC - 29409"
Claflin University,-80.854319,33.498444,"400 Magnolia Street, Orangeburg, SC - 29115-4498"
Clemson University,-82.835114,34.679381,"201 Sikes Hall, Clemson, SC - 29634"
Clinton College,-81.043469,34.913721,"1029 Crawford Rd, Rock Hill, SC - 29730"
Coker University,-80.070416,34.37696,"300 E College Ave, Hartsville, SC - 29550"
Columbia International University,-81.07443,34.07551,"7435 Monticello Rd, Columbia, SC - 29203-1513"
Columbia College,-81.029967,34.045581,"1301 Columbia College Dr, Columbia, SC - 29203"
Converse University,-81.917881,34.955534,"580 E Main St, Spartanburg, SC - 29302-0006"
Denmark Technical College,-81.123629,33.313355,"1126 Solomon Blatt Blvd, Denmark, SC - 29042"
Erskine College,-82.39095,34.332087,"2 Washington St, Due West, SC - 29639"
Florence-Darlington Technical College,-79.81469,34.243882,"2715 W. Lucas Street, Florence, SC - 29501-0548"
Francis Marion University,-79.652854,34.189777,"4822 East Palmetto Street, Florence, SC - 29506"
Furman University,-82.440458,34.924676,"3300 Poinsett Highway, Greenville, SC - 29613-6162"
Greenville Technical College,-82.371178,34.826212,"506 S Pleasantburg Dr, Greenville, SC - 29606"
Horry-Georgetown Technical College,-79.003611,33.79614,"2050 Highway 501 East, Conway, SC - 29526"
Kenneth Shuler School of Cosmetology-North Augusta,-81.957885,33.497587,"1113 Knox Avenue, North Augusta, SC - 29841"
Kenneth Shuler School of Cosmetology and Nails-Columbia,-81.132969,34.045282,"449 Saint Andrews Rd, Columbia, SC - 29210"
Lander University,-82.164736,34.199892,"320 Stanley Avenue, Greenwood, SC - 29649-2099"
Limestone University,-81.649161,35.057076,"1115 College Drive, Gaffney, SC - 29340-3799"
Medical University of South Carolina,-79.947158,32.784363,"179 Ashley Ave, Charleston, SC - 29425"
Midlands Technical College,-81.115761,33.949325,"1260 Lexington Drive, West Columbia, SC - 29170-2176"
Morris College,-80.346155,33.938574,"100 West College Street, Sumter, SC - 29150-3599"
Newberry College,-81.619777,34.285868,"2100 College St, Newberry, SC - 29108"
North Greenville University,-82.37026,35.069758,"7801 N. Tigerville Road, Tigerville, SC - 29688-1892"
Orangeburg Calhoun Technical College,-80.82927,33.54485,"3250 Saint Matthews Rd, Orangeburg, SC - 29118-8299"
Piedmont Technical College,-82.120635,34.207415,"620 North Emerald Road, Greenwood, SC - 29646"
Presbyterian College,-81.87448,34.465834,"503 South Broad Street, Clinton, SC - 29325"
University of South Carolina Aiken,-81.767612,33.572704,"471 University Pkwy, Aiken, SC - 29801"
University of South Carolina Beaufort,-80.973595,32.303308,"1 University Boulevard, Bluffton, SC - 29909"
University of South Carolina-Columbia,-81.026935,33.996788,"Columbia-Campus, Columbia, SC - 29208"
University of South Carolina-Lancaster,-80.787069,34.736282,"476 Hubbard Drive, Lancaster, SC - 29720-0889"
University of South Carolina-Salkehatchie,-81.301838,33.014312,"465 James Brandt Blvd, Allendale, SC - 29810-0617"
University of South Carolina-Sumter,-80.373459,33.934698,"200 Miller Rd, Sumter, SC - 29150-2498"
University of South Carolina-Union,-81.621042,34.717771,"309 East Academy St, Union, SC - 29379-0729"
Coastal Carolina University,-79.011767,33.794995,"103 Tom Trout Drive, Conway, SC - 29526"
South Carolina State University,-80.848722,33.497968,"300 College St NE, Orangeburg, SC - 29117-0001"
University of South Carolina-Upstate,-81.970583,34.996403,"800 University Way, Spartanburg, SC - 29303-4999"
Sherman College of Chiropractic,-81.985878,35.014602,"2020 Springfield Rd, Spartanburg, SC - 29316"
Spartanburg Methodist College,-81.970863,34.955117,"1750 Powell Mill Road, Spartanburg, SC - 29301-5899"
Spartanburg Community College,-81.989811,34.974587,"107 Community College Drive, Spartanburg, SC - 29303"
Central Carolina Technical College,-80.37101,33.933342,"506 N Guignard Dr, Sumter, SC - 29150-2499"
Tri-County Technical College,-82.792015,34.641914,"7900 U.S. Hwy 76, Pendleton, SC - 29670"
Trident Technical College,-80.031276,32.928767,"7000 Rivers Avenue, Charleston, SC - 29423-8067"
Voorhees University,-81.127863,33.307199,"1897 Voorhees Road, Denmark, SC - 29042"
Williamsburg Technical College,-79.817984,33.657085,"601 Martin Luther King Jr Ave, Kingstree, SC - 29556-4197"
Winthrop University,-81.031404,34.941515,"701 Oakland Ave, Rock Hill, SC - 29733"
Wofford College,-81.933568,34.959411,"429 N Church St, Spartanburg, SC - 29303-3663"
York Technical College,-80.995273,34.934416,"452 S Anderson Rd, Rock Hill, SC - 29730"
Augustana University,-96.736975,43.525148,"2001 S Summit Ave, Sioux Falls, SD - 57197-0001"
The Salon Professional Academy,-103.194526,44.086343,"937 East North Street, Rapid City, SD - 57701"
Black Hills State University,-103.870966,44.494889,"1200 University St, Spearfish, SD - 57799-9500"
Dakota State University,-97.113358,44.013014,"820 N Washington Ave, Madison, SD - 57042-1799"
Dakota Wesleyan University,-98.031188,43.697432,"1200 W University Ave, Mitchell, SD - 57301-4398"
Paul Mitchell the School-Rapid City,-103.222781,44.08202,"333 Omaha St. Suite 6 & 7, Rapid City, SD - 57701"
Lake Area Technical College,-97.095229,44.901714,"1201 Arrow Avenue, Watertown, SD - 57201-0730"
Avera McKennan Hospital School of Radiologic Technology,-96.715584,43.533972,"1325 South Cliff Avenue, Sioux Falls, SD - 57117-5045"
Mitchell Technical College,-98.002505,43.688663,"1800 E. Spruce Street, Mitchell, SD - 57301"
Mount Marty University,-97.409904,42.874475,"1105 W. 8th Street, Yankton, SD - 57078-3724"
National American University-Rapid City,-103.250223,44.03152,"5301 Mount Rushmore Road, Rapid City, SD - 57701-2823"
Kairos University,-96.735896,43.525446,"2100 S Summit Ave, Sioux Falls, SD - 57105"
Northern State University,-98.484728,45.450829,"1200 S Jay St, Aberdeen, SD - 57401-7198"
Oglala Lakota College,-102.240331,43.366813,"490 Piya Wiconi Road, Kyle, SD - 57752-0490"
Presentation College,-98.49129,45.483339,"1500 N Main, Aberdeen, SD - 57401-1280"
Avera Sacred Heart Hospital,-97.407865,42.872359,"501 Summit, Yankton, SD - 57078-3899"
South Dakota School of Mines and Technology,-103.205753,44.075439,"501 E Saint Joseph St, Rapid City, SD - 57701-3995"
South Dakota State University,-96.782139,44.317485,"1004 Campanile Ave, Brookings, SD - 57007-1898"
Sinte Gleska University,-100.622549,43.298878,"E. Highway 18,  101 Antelope Lake Circle, Mission, SD - 57555-0105"
University of Sioux Falls,-96.738229,43.531574,"1101 W 22nd St, Sioux Falls, SD - 57105-1699"
Sanford Medical Center,-96.74341,43.535591,"1305 W. 18th Street, Sioux Falls, SD - 57117-5039"
Sisseton Wahpeton College,-97.060835,45.562731,"12572 BIA Rd 700, Sisseton, SD - 57262"
Southeast Technical College,-96.780241,43.570446,"2320 N Career Ave, Sioux Falls, SD - 57107-1301"
Stewart School,-96.746329,43.554991,"604 N. West Ave., Sioux Falls, SD - 57104"
University of South Dakota,-96.925283,42.786019,"414 E Clark St, Vermillion, SD - 57069-2390"
Western Dakota Technical College,-103.179501,44.076648,"800 Mickelson Dr, Rapid City, SD - 57703-4018"
American Baptist College,-86.789912,36.202623,"1800 Baptist World Ctr Dr, Nashville, TN - 37207-9980"
Arnolds Beauty School,-88.760125,35.919195,"1179 S Second St, Milan, TN - 38358"
Tennessee College of Applied Technology-Athens,-84.630484,35.442944,"1635 Technology Way, Athens, TN - 37371-0848"
Austin Peay State University,-87.354081,36.533319,"601 College St, Clarksville, TN - 37044"
Baptist Health Sciences University,-90.027501,35.138415,"1003 Monroe Ave, Memphis, TN - 38104"
Belmont University,-86.794807,36.135589,"1900 Belmont Blvd, Nashville, TN - 37212-3757"
Bethel University,-88.516762,36.137848,"325 Cherry Ave, McKenzie, TN - 38201"
Bryan College-Dayton,-84.999552,35.497209,"721 Bryan Drive, Dayton, TN - 37321"
Carson-Newman University,-83.491709,36.122934,"1646 S Russell Ave, Jefferson City, TN - 37760"
Chattanooga State Community College,-85.237389,35.100202,"4501 Amnicola Hwy, Chattanooga, TN - 37406-1097"
Christian Brothers University,-89.983241,35.127437,"650 East Parkway South, Memphis, TN - 38104"
Pentecostal Theological Seminary,-84.868326,35.162528,"900 Walker St NE, Cleveland, TN - 37311-3330"
Austin's Beauty College Inc,-87.362846,36.521386,"585A South Riverside Drive, Clarksville, TN - 37040-1121"
Cleveland State Community College,-84.879284,35.200103,"3535 Adkisson Drive, Cleveland, TN - 37312"
Columbia State Community College,-87.101917,35.616757,"1665 Hampshire Pike, Columbia, TN - 38401"
Concorde Career College-Memphis,-89.891723,35.112892,"5100 Poplar Avenue, Suite 132, Memphis, TN - 38137-0132"
Tennessee College of Applied Technology-Covington,-89.659976,35.545225,"1600 Hwy 51 South, Covington, TN - 38019"
Cumberland University,-86.298782,36.204514,"1 Cumberland Square, Lebanon, TN - 37087"
Lipscomb University,-86.799791,36.106253,"One University Park Drive, Nashville, TN - 37204-3951"
Tennessee College of Applied Technology-Dickson,-87.366455,36.050549,"740 Hwy 46, Dickson, TN - 37055"
Hussian College-Daymar College Nashville,-86.671921,36.14608,"560 Royal Parkway, Nashville, TN - 37214"
Dyersburg State Community College,-89.390791,36.047565,"1510 Lake Road, Dyersburg, TN - 38024-2411"
East Tennessee State University,-82.366954,36.301643,"1276 Gilbreath Drive, Johnson City, TN - 37614"
Chattanooga College Medical Dental and & Technical Careers,-85.238131,35.13314,"248 Northgate Mall Drive, Chattanooga, TN - 37415"
Tennessee College of Applied Technology-Elizabethton,-82.178198,36.366033,"426 Highway 91, Elizabethton, TN - 37643"
The Hair Academy LLC,-86.576906,35.153449,"513 West College Street, Fayetteville, TN - 37334-0135"
Fisk University,-86.804805,36.167087,"1000 17th Ave North, Nashville, TN - 37208-4501"
Welch College,-86.549153,36.36719,"1045 Bison Trail, Gallatin, TN - 37066-8460"
Freed-Hardeman University,-88.637964,35.440611,"158 E Main St, Henderson, TN - 38340-2399"
Tennessee College of Applied Technology-Harriman,-84.517871,35.966107,"1745 Harriman Highway, Harriman, TN - 37748-5849"
Tennessee College of Applied Technology-Hartsville,-86.14366,36.387191,"716 McMurry Blvd East, Hartsville, TN - 37074-2028"
Tennessee College of Applied Technology-Hohenwald,-87.573757,35.551687,"813 West Main, Hohenwald, TN - 38462-2201"
Tennessee College of Applied Technology-Jacksboro,-84.208918,36.3175,"265 Elkins Rd, Jacksboro, TN - 37757"
Jackson State Community College,-88.780005,35.645571,"2046 North Pky, Jackson, TN - 38301-3797"
John A Gupton College,-86.7948,36.156633,"1616 Church St, Nashville, TN - 37203-2954"
Johnson University,-83.750273,35.937193,"7900 Johnson Dr, Knoxville, TN - 37998"
Paul Mitchell the School-Murfreesboro,-86.42068,35.849141,"1720 Old Fort Pkwy Ste L200, Murfreesboro, TN - 37129"
King University,-82.159421,36.585309,"1350 King College Road, Bristol, TN - 37620-2699"
South College,-83.97362,35.958283,"3904 Lonas Road, Knoxville, TN - 37909-0000"
Lane College,-88.806535,35.627378,"545 Lane Ave, Jackson, TN - 38301-4598"
Le Moyne-Owen College,-90.034101,35.118641,"807 Walker Ave, Memphis, TN - 38126-6595"
Lee University,-84.871399,35.166019,"1120 N Ocoee St, Cleveland, TN - 37311"
Lincoln Memorial University,-83.660198,36.578508,"6965 Cumberland Gap Parkway, Harrogate, TN - 37752-8231"
Tennessee College of Applied Technology-Livingston,-85.317248,36.39594,"740 Hi Tech Dr, Livingston, TN - 38570"
The University of Tennessee Southern,-87.035661,35.201019,"433 West Madison Street, Pulaski, TN - 38478-2799"
Maryville College,-83.964223,35.751505,"502 E Lamar Alexander Pkwy, Maryville, TN - 37804-5907"
Tennessee College of Applied Technology-McKenzie,-88.492615,36.137048,"16940 Highland Dr, McKenzie, TN - 38201"
Genesis Career College-Cookeville,-85.485574,36.176484,"880-A East 10th Street, Cookeville, TN - 38501-1907"
Meharry Medical College,-86.807371,36.165458,"1005 DB Todd Blvd., Nashville, TN - 37208"
Tennessee College of Applied Technology-Memphis,-90.039188,35.150262,"550 Alabama Ave, Memphis, TN - 38105-3604"
University of Memphis,-89.938068,35.118878,"Alumni Avenue, Memphis, TN - 38152"
Memphis Theological Seminary,-89.982653,35.13311,"168 East Parkway South, Memphis, TN - 38104"
Middle Tennessee State University,-86.360618,35.848005,"1301 East Main Street, Murfreesboro, TN - 37132"
Middle Tennessee School of Anesthesia Inc,-86.683859,36.253425,"315 Hospital Drive, Madison, TN - 37115"
Tennessee College of Applied Technology-Morristown,-83.299503,36.204643,"821 W Louise Ave, Morristown, TN - 37813-2094"
Motlow State Community College,-86.299184,35.365903,"6015 Ledford Mill Road, Tullahoma, TN - 37388"
Tennessee College of Applied Technology-Murfreesboro,-86.41026,35.845661,"1303 Old Fort Pky, Murfreesboro, TN - 37129-3311"
Lincoln College of Technology-Nashville,-86.744005,36.194393,"1524 Gallatin Rd, Nashville, TN - 37206"
Nashville State Community College,-86.857342,36.134857,"120 White Bridge Rd, Nashville, TN - 37209-4515"
Tennessee College of Applied Technology Northwest,-89.257582,36.120067,"340 Washington St, Newbern, TN - 38059"
Tennessee College of Applied Technology-Henry/Carroll,-88.296432,36.296408,"312 S Wilson Street, Paris, TN - 38242"
Tennessee College of Applied Technology-Pulaski,-87.007818,35.191308,"1233 E College St, Pulaski, TN - 38478-0614"
Rhodes College,-89.990803,35.154405,"2000 North Parkway, Memphis, TN - 38112-1690"
Tennessee College of Applied Technology-Ripley,-89.519264,35.779827,"127 Industrial Drive, Ripley, TN - 38063"
Roane State Community College,-84.620051,35.880911,"276 Patton Lane, Harriman, TN - 37748"
Tennessee College of Applied Technology-Crump,-88.319153,35.221452,"3070 Hwy. 64 West, Crump, TN - 38327"
Southwest Tennessee Community College,-89.86634,35.161335,"5983 Macon Cove, Memphis, TN - 38134"
Tennessee College of Applied Technology-Shelbyville,-86.421097,35.485655,"1405 Madison St, Shelbyville, TN - 37160-3629"
The University of the South,-85.920179,35.204719,"735 University Avenue, Sewanee, TN - 37383-1000"
Tennessee College of Applied Technology-Oneida-Huntsville,-84.528273,36.408177,"355 Scott High Drive, Huntsville, TN - 37756-4149"
Tennessee College of Applied Technology-Crossville,-85.039137,35.946609,"910 Miller Avenue, Crossville, TN - 38555"
Tennessee College of Applied Technology-McMinnville,-85.74531,35.70137,"241 Vo Tech Dr, McMinnville, TN - 37110"
Tennessee College of Applied Technology-Jackson,-88.919805,35.606795,"2468 Technology Center Drive, Jackson, TN - 38301"
Tennessee College of Applied Technology-Knoxville,-83.964151,35.957,"1100 Liberty Street, Knoxville, TN - 37919"
Pellissippi State Community College,-84.166504,35.948303,"10915 Hardin Valley Road, Knoxville, TN - 37933-0990"
Southern Adventist University,-85.052088,35.048254,"4881 Taylor Cir, Collegedale, TN - 37315-0370"
Southern College of Optometry,-90.019856,35.138252,"1245 Madison Ave, Memphis, TN - 38104-2211"
Tennessee Wesleyan University,-84.592728,35.446331,"204 East College Street, Athens, TN - 37303"
The University of Tennessee-Chattanooga,-85.300247,35.047519,"615 McCallie Ave, Chattanooga, TN - 37403-2598"
The University of Tennessee-Knoxville,-83.925852,35.952082,"527 Andy Holt Tower, Knoxville, TN - 37996"
The University of Tennessee-Martin,-88.864211,36.340338,"554 University Street, Martin, TN - 38238"
Tennessee School of Beauty of Knoxville Inc,-83.995119,35.974432,"4704 Western Ave, Knoxville, TN - 37921"
Tennessee State University,-86.828275,36.166321,"3500 John A. Merritt Blvd, Nashville, TN - 37209-1561"
Tennessee Technological University,-85.504039,36.174754,"1 William L. Jones Drive, Cookeville, TN - 38505-0001"
Trevecca Nazarene University,-86.754238,36.141324,"333 Murfreesboro Rd, Nashville, TN - 37210"
Northeast State Community College,-82.408885,36.484961,"2425 Hwy 75, Blountville, TN - 37617-0246"
Tusculum University,-82.760818,36.172435,"60 Shiloh Road, Greeneville, TN - 37743"
Union University,-88.858524,35.676896,"1050 Union University Dr, Jackson, TN - 38305-3697"
Vanderbilt University,-86.803369,36.14659,"2101 West End Avenue, Nashville, TN - 37240"
Volunteer State Community College,-86.497127,36.362518,"1480 Nashville Pike, Gallatin, TN - 37066-3188"
Walters State Community College,-83.262503,36.213179,"500 South Davy Crockett Parkway, Morristown, TN - 37813-6899"
William R Moore College of Technology,-90.020138,35.144855,"1200 Poplar  Ave, Memphis, TN - 38104-7240"
Abilene Christian University,-99.709797,32.468943," , Abilene, TX - 79699"
Alamo Community College District Central Office,-98.474082,29.445773,"2222 N. Alamo St., San Antonio, TX - 78215"
Alvin Community College,-95.240671,29.396244,"3110 Mustang Rd, Alvin, TX - 77511-4898"
Amarillo College,-101.846988,35.187839,"2011 S. Washington, Amarillo, TX - 79109"
Amberton University,-96.65302,32.859931,"1700 Eastgate Dr, Garland, TX - 75041-5595"
Angelina College,-94.731625,31.287444,"3500 South First, Lufkin, TX - 75902-1768"
Angelo State University,-100.465051,31.440914,"2601 W. Avenue N, San Angelo, TX - 76909"
Arlington Baptist University,-97.156024,32.739489,"3001 W Division, Arlington, TX - 76012-3425"
Arlington Career Institute,-97.052772,32.77244,"901 Ave K, Grand Prairie, TX - 75050-2636"
The Art Institute of Houston,-95.445766,29.73025,"4140 Southwest Freeway, Houston, TX - 77027-9625"
Austin College,-96.596331,33.646345,"900 N Grand Ave, Sherman, TX - 75090-4400"
Austin Community College District,-97.713778,30.326304,"6101 Highland Campus Drive, Austin, TX - 78752-7000"
Austin Presbyterian Theological Seminary,-97.736958,30.29201,"100 E 27th St, Austin, TX - 78705-5711"
Baldwin Beauty School-South Austin,-97.783062,30.241662,"3005 S Lamar, Austin, TX - 78704-4785"
Baptist Health System School of Health Professions,-98.567486,29.517063,"8400 Datapoint Dr, San Antonio, TX - 78229"
Baptist Missionary Association Theological Seminary,-95.255524,31.978961,"1530 E Pine St, Jacksonville, TX - 75766-5407"
Baylor College of Medicine,-95.395743,29.7106,"One Baylor Plaza, Houston, TX - 77030-3498"
Baylor University,-97.121041,31.546872," , Waco, TX - 76798"
Coastal Bend College,-97.755896,28.435194,"3800 Charco Rd, Beeville, TX - 78102"
Blinn College District,-96.40852,30.160457,"902 College Ave, Brenham, TX - 77833-4098"
Remington College-Dallas Campus,-96.73302,32.912073,"9451 LYNDON B JOHNSON FWY, Dallas, TX - 75243"
Vet Tech Institute of Houston,-95.455533,29.728907,"4669 Southwest Fwy Ste 100, Houston, TX - 77027"
Brazosport College,-95.40934,29.048604,"500 College Dr, Lake Jackson, TX - 77566"
Central Texas College,-97.810827,31.120516,"6200 West Central Texas Expressway, Killeen, TX - 76549-4199"
Charles and Sues School of Hair Design,-96.340102,30.6528,"1711 Briarcrest Dr, Bryan, TX - 77802"
Cisco College,-98.985206,32.401132,"101 College Heights, Cisco, TX - 76437"
Clarendon College,-100.902421,34.944558,"1122 College Drive, Clarendon, TX - 79226"
Concordia University Texas,-97.835703,30.420232,"11400 Concordia University Drive, Austin, TX - 78726"
BK Cosmo College of Cosmetology,-99.15037,30.055075,"320 W. Water Street Suite E, Kerrville, TX - 78028-4312"
North Central Texas College,-97.1658,33.6188,"1525 W California Street, Gainesville, TX - 76240-4699"
Texas A & M University-Corpus Christi,-97.32395,27.713723,"6300 Ocean Dr., Corpus Christi, TX - 78412-5503"
Paul Mitchell the School-Dallas,-96.843526,32.973328,"2389 Midway Road, Ste A, Carrollton, TX - 75006"
Dallas Baptist University,-96.947006,32.710017,"3000 Mountain Creek Parkway, Dallas, TX - 75211-9299"
Dallas Christian College,-96.887117,32.913692,"2700 Christian Pkwy., Dallas, TX - 75234-7299"
Dallas Institute of Funeral Service,-96.683404,32.771368,"3909 S Buckner Blvd, Dallas, TX - 75227-4314"
Dallas Theological Seminary,-96.780497,32.795361,"3909 Swiss Ave, Dallas, TX - 75204"
University of Dallas,-96.919512,32.846221,"1845 E Northgate Drive, Irving, TX - 75062-4736"
Del Mar College,-97.40762,27.763619,"101 Baldwin Blvd., Corpus Christi, TX - 78404-3897"
East Texas Baptist University,-94.374488,32.557847,"One Tiger Drive, Marshall, TX - 75670-1498"
Texas A&M University-Texarkana,-94.103617,33.490482,"7101 University Avenue, Texarkana, TX - 75503"
Texas A & M University-Commerce,-95.904579,33.242112,"2200 Campbell Stree, Commerce, TX - 75428"
Dallas College,-96.794036,32.766319,"1601 Botham Jean Blvd., Dallas, TX - 75215-3604"
El Paso Community College,-106.373616,31.773359,"9050 Viscount Blvd, El Paso, TX - 79925-6507"
Western Technical College,-106.425881,31.877794,"9451 Diana Drive, El Paso, TX - 79924"
Western Technical College,-106.319269,31.675953,"9624 Plaza Circle, El Paso, TX - 79927"
Episcopal Theological Seminary of the Southwest,-97.732652,30.293092,"501 E. 32nd St., Austin, TX - 78705"
Exposito School of Hair Design,-101.881271,35.183578,"3710 Mockingbird Ln., Amarillo, TX - 79109-3208"
Miami International University of Art & Design-Art Institute Dallas,-96.767823,32.871008,"8080 Park Lane, Suite 100, Dallas, TX - 75231-5993"
Fort Worth Beauty School,-97.420695,32.82338,"4760 Hwy 377 South, Benbrook, TX - 76116"
Frank Phillips College,-101.406005,35.657778,"1301 W. Roosevelt St., Borger, TX - 79008-5118"
Galveston College,-94.807686,29.284735,"4015 Ave Q, Galveston, TX - 77550-7496"
Graham's Barber College,-96.76832,32.774017,"3016 Al Lipscomb Way, DALLAS, TX - 75215-1701"
Grayson College,-96.633891,33.70574,"6101 Grayson Drive, Denison, TX - 75020-8299"
Hallmark University,-98.685754,29.466862,"9855 Westover Hills Blvd, San Antonio, TX - 78251"
Hardin-Simmons University,-99.73564,32.476434,"2200 Hickory, Abilene, TX - 79698-0001"
Trinity Valley Community College,-95.858513,32.196596,"100 Cardinal Drive, Athens, TX - 75751"
Hill College,-97.088332,32.010928,"112 Lamar Dr, Hillsboro, TX - 76645"
Houston Christian University,-95.515954,29.693819,"7502 Fondren Rd, Houston, TX - 77074-3298"
University of Houston-Clear Lake,-95.098129,29.582523,"2700 Bay Area Blvd, Houston, TX - 77058-1002"
Houston Community College,-95.377319,29.742114,"3100 Main Street, Houston, TX - 77002"
University of Houston-Downtown,-95.359338,29.7661,"1 Main Street, Houston, TX - 77002-1014"
University of Houston-Victoria,-96.976334,28.816248,"3007 N. Ben Wilson, Victoria, TX - 77901"
University of Houston,-95.343537,29.720393,"4302 University Drive, Room 212, Houston, TX - 77204-2018"
Howard College,-101.450104,32.252292,"1001 Birdwell Lane, Big Spring, TX - 79720"
Howard Payne University,-98.985204,31.716467,"1000 Fisk St., Brownwood, TX - 76801-2794"
Huston-Tillotson University,-97.721691,30.264667,"900 Chicon St, Austin, TX - 78702-2795"
University of the Incarnate Word,-98.46583,29.46708,"4301 Broadway, San Antonio, TX - 78209"
Jacksonville College-Main Campus,-95.281311,31.965846,"105 B J Albritton Dr, Jacksonville, TX - 75766-4759"
Jarvis Christian University,-95.181513,32.587942,"PR 7631, Hwy 80 E, Hawkins, TX - 75765-1470"
KD Conservatory College of Film and Dramatic Arts,-96.841975,32.808265,"2600 Stemmons Fwy Ste 117, Dallas, TX - 75207"
Kilgore College,-94.871468,32.377821,"1100 Broadway, Kilgore, TX - 75662-3299"
Lamar University,-94.072244,30.042738,"4400 MLK Blvd, Beaumont, TX - 77705"
Lamar State College-Orange,-93.732235,30.0922,"410 Front St, Orange, TX - 77630"
Lamar State College-Port Arthur,-93.925886,29.880385,"1500 Proctor St, Port Arthur, TX - 77640"
Laredo Beauty College Inc,-99.480788,27.523791,"3020 N Meadow Ave, Laredo, TX - 78040"
Laredo College,-99.520772,27.506477,"West End Washington St, Laredo, TX - 78040-4395"
Texas A & M International University,-99.436043,27.571172,"5201 University Blvd, Laredo, TX - 78041-1900"
Lee College,-94.978184,29.732505,"511 S Whiting, Baytown, TX - 77520"
LeTourneau University,-94.726394,32.46632,"2100 S Mobberly Ave, Longview, TX - 75602"
Lincoln College of Technology-Grand Prairie,-97.056391,32.701684,"2915 Alouette Drive, Grand Prairie, TX - 75052"
Lubbock Christian University,-101.934426,33.575973,"5601 19th Street, Lubbock, TX - 79407-2099"
College of the Mainland,-94.999602,29.39581,"1200 Amburn Road, Texas City, TX - 77591-2499"
University of Mary Hardin-Baylor,-97.463471,31.066793,"900 College St, Belton, TX - 76513-2599"
McLennan Community College,-97.171228,31.58947,"1400 College Dr, Waco, TX - 76708"
McMurry University,-99.748682,32.429776,"S 14th and Sayles Blvd, Abilene, TX - 79697"
Covenant School of Nursing and Allied Health,-101.937872,33.5757,"1919 Frankford Ave., Lubbock, TX - 79407"
Midland College,-102.106153,32.029646,"3600 N Garfield, Midland, TX - 79705"
Midwestern State University,-98.519386,33.874809,"3410 Taft Blvd, Wichita Falls, TX - 76308-2099"
William Edge Institute,-98.100952,29.698282,"651 North Business IH 35, Suite 330, New Braunfels, TX - 78130-8216"
Wade College,-96.819516,32.800854,"1950 N. Stemmons Freeway, Suite 4080 Dallas INFOMART, Dallas, TX - 75207"
Southern Careers Institute-Austin,-97.784318,30.226743,"1701 W Ben White Blvd, Ste 100, Austin, TX - 78744"
Tint School of Makeup & Cosmetology,-96.983082,32.829511,"2716 W Irving Blvd, Irving, TX - 75061-4235"
Navarro College,-96.498731,32.076061,"3200 W 7th Avenue, Corsicana, TX - 75110"
Lone Star College System,-95.488103,30.18737,"5000 Research Forest Drive, The Woodlands, TX - 77381-4399"
University of North Texas,-97.148422,33.211178,"1501 W.Chestnut Ave., Denton, TX - 76203-1277"
Northeast Texas Community College,-94.881855,33.104931,"2886 FM 1735, Mount Pleasant, TX - 75455"
Oblate School of Theology,-98.503113,29.505434,"285 Oblate Dr, San Antonio, TX - 78216-6693"
Ocean Corporation,-95.57034,29.665467,"10840 Rockley Rd, Houston, TX - 77099"
Odessa College,-102.383477,31.866812,"201 W University Blvd, Odessa, TX - 79764"
Ogle School Hair Skin Nails-Arlington,-97.140906,32.720698,"2200 Park Row, Arlington, TX - 76013"
Ogle School Hair Skin Nails-Ft Worth,-97.417657,32.681742,"6125 Southwest Loop 820, Suite 128, Fort Worth, TX - 76132-3638"
Our Lady of the Lake University,-98.54365,29.426194,"411 SW 24th St., San Antonio, TX - 78207-4689"
The University of Texas Rio Grande Valley,-98.173567,26.306759,"1201 W University Dr, Edinburg, TX - 78539-2999"
Texas Southmost College,-97.492241,25.899628,"80 Fort Brown, Brownsville, TX - 78520"
Panola College,-94.356355,32.156214,"1109 W Panola Street, Carthage, TX - 75633-2397"
Paris Junior College,-95.529177,33.650929,"2400 Clarksville St, Paris, TX - 75460"
Paul Quinn College,-96.755778,32.678837,"3837 Simpson Stuart Rd, Dallas, TX - 75241"
Prairie View A & M University,-95.989475,30.092425,"FM 1098 Road & University Drive, Prairie View, TX - 77446"
Ranger College,-98.685215,32.456773,"1240 College Circle, Ranger, TX - 76470"
Aviation Institute of Maintenance-Houston,-95.28262,29.65852,"7651 Airport Blvd., Houston, TX - 77061"
Rice University,-95.402035,29.717897,"6100 S Main St, Houston, TX - 77005-1827"
Saint Edward's University,-97.754998,30.229618,"3001 S Congress Ave, Austin, TX - 78704-6489"
St Philip's College,-98.453285,29.41508,"1801 Martin Luther King Dr, San Antonio, TX - 78203-2098"
University of St Thomas,-95.393102,29.736438,"3800 Montrose Blvd, Houston, TX - 77006-4696"
Sam Houston State University,-95.546205,30.714738,"1806 Ave J, Huntsville, TX - 77340"
San Antonio College,-98.497647,29.44634,"1819 N. Main Ave.,, San Antonio, TX - 78212-3941"
San Jacinto Community College,-95.114677,29.660032,"8060 Spencer Hwy, Pasadena, TX - 77505"
Schreiner University,-99.130586,30.031458,"2100 Memorial Blvd, Kerrville, TX - 78028-5697"
Seguin Beauty School-Seguin,-97.96436,29.569142,"102 E Court St, Seguin, TX - 78155"
St. Mary's University,-98.562778,29.453244,"One Camino Santa Maria, San Antonio, TX - 78228"
South Plains College,-102.365075,33.575904,"1401 S. College Ave, Levelland, TX - 79336"
South Texas Barber College Inc,-97.417156,27.754868,"3917 Ayers, Corpus Christi, TX - 78415"
South Texas College of Law Houston,-95.36455,29.753171,"1303 San Jacinto Street, Houston, TX - 77002-7006"
South Texas Vocational Technical Institute-Weslaco,-98.006077,26.176606,"1600 North Westgate Drive, Suite 400, Weslaco, TX - 78599"
Miller-Motte College-STVT-McAllen,-98.238293,26.188539,"1800 South Main, Suite 500, McAllen, TX - 78503"
Southern Methodist University,-96.783365,32.843612,"6425 Boaz St, Dallas, TX - 75275-0221"
Southwest School of Business and Technical Careers-San Antonio,-98.49583,29.357965,"229 SW Military Drive, San Antonio, TX - 78221-0138"
Southwest Texas Junior College,-99.741237,29.219671,"2401 Garner Field Rd, Uvalde, TX - 78801-6297"
Southwestern Assemblies of God University,-96.853492,32.40443,"1200 Sycamore, Waxahachie, TX - 75165"
Southwestern University,-97.665738,30.634341,"1001 E. University Avenue, Georgetown, TX - 78626"
Stephen F Austin State University,-94.64908,31.621056,"2008 Alumni Drive, Rusk 206, Nacogdoches, TX - 75961"
Texas State University,-97.943029,29.888885,"601 University Dr, San Marcos, TX - 78666"
Southwestern Adventist University,-97.32702,32.397617,"100 W Hillcrest, Keene, TX - 76059"
Southwestern Christian College,-96.285649,32.735508,"200 Bowser Circle, Terrell, TX - 75160-4812"
Sul Ross State University,-103.651469,30.363139,"HWY 90 East, Alpine, TX - 79832"
Tarleton State University,-98.219039,32.217805,"1333 W. Washington, Stephenville, TX - 76401-0000"
Tarrant County College District,-97.337149,32.757362,"300 Trinity Campus Circle, Fort Worth, TX - 76102"
Temple College,-97.350471,31.070715,"2600 S 1st St, Temple, TX - 76504-7435"
University of Texas Southwestern Medical Center,-96.841156,32.812307,"5323 Harry Hines Blvd, Dallas, TX - 75390-9096"
The University of Texas Health Science Center at San Antonio,-98.575655,29.508107,"7703 Floyd Curl Dr, San Antonio, TX - 78229-3900"
The University of Texas Medical Branch at Galveston,-94.775956,29.310758,"301 University Blvd, Galveston, TX - 77555-0129"
Texarkana College,-94.078,33.441868,"2500 N Robison Rd, Texarkana, TX - 75599"
Texas A & M University-Kingsville,-97.882387,27.525168,"955 University Blvd, Kingsville, TX - 78363"
Texas A & M University-College Station,-96.336475,30.618726,"1246 TAMU, College Station, TX - 77843-1246"
Texas A & M University-System Office,-96.327705,30.636846,"301 Tarrow, College Station, TX - 77840-7896"
The University of Texas at Arlington,-97.11296,32.729718,"701 S. Nedderman Dr., Arlington, TX - 76013"
The University of Texas at Austin,-97.738273,30.282825,"110 Inner Campus Drive, Austin, TX - 78705"
The University of Texas at Dallas,-96.749702,32.984673,"800 West Campbell  Road, Richardson, TX - 75080-3021"
The University of Texas at El Paso,-106.504098,31.77015,"500 W. University Ave, El Paso, TX - 79968-0691"
The University of Texas at Tyler,-95.254337,32.315772,"3900 University Blvd, Tyler, TX - 75799-6699"
Texas Chiropractic College Foundation Inc,-95.150135,29.663702,"5912 Spencer Hwy, Pasadena, TX - 77505-1699"
Texas Christian University,-97.364758,32.70961,"2800 S University Dr, Fort Worth, TX - 76129"
Texas College,-95.312454,32.37456,"2404 N. Grand Avenue, Tyler, TX - 75702"
University of North Texas Health Science Center,-97.369138,32.749907,"3500 Camp Bowie Blvd, Fort Worth, TX - 76107-2699"
Texas Lutheran University,-97.982669,29.573261,"1000 W. Court St, Seguin, TX - 78155-5999"
The University of Texas Permian Basin,-102.329634,31.889509,"4901 E University, Odessa, TX - 79762-0001"
The University of Texas at San Antonio,-98.620657,29.583709,"One UTSA Circle, San Antonio, TX - 78249-1644"
Texas Southern University,-95.361113,29.721046,"3100 Cleburne St, Houston, TX - 77004"
The University of Texas System Office,-97.744284,30.269742,"210 W. 7th St, Austin, TX - 78701-2982"
Texas Tech University,-101.874783,33.583448,"Broadway and University Avenue, Lubbock, TX - 79409-5005"
Texas Wesleyan University,-97.279613,32.732962,"1201 Wesleyan St, Fort Worth, TX - 76105-1536"
Texas Woman's University,-97.127842,33.226211,"304 Administration Dr, Denton, TX - 76204"
Trinity University,-98.48186,29.462682,"One Trinity Place, San Antonio, TX - 78212-7200"
The University of Texas Health Science Center at Houston,-95.403183,29.702873,"7000 Fannin, Houston, TX - 77030"
Texas Tech University Health Sciences Center,-101.891915,33.589284,"3601 4th Street, Lubbock, TX - 79430"
Tyler Junior College,-95.284122,32.33601,"1400 East Fifth Street, Tyler, TX - 75701"
University of Houston-System Administration,-95.343537,29.720393,"212 Ezekiel Cullen Building, Houston, TX - 77204-2018"
Universal Technical Institute of Texas Inc.,-95.412113,29.990487,"721 Lock Haven Dr., Houston, TX - 77073"
UCAS University of Cosmetology Arts & Sciences-McAllen,-98.21787,26.279439,"8401 N 10th St, McAllen, TX - 78504"
Vernon College,-99.319094,34.159298,"4400 College Dr., Vernon, TX - 76384-4092"
Victoria Beauty & Barber College,-96.990854,28.807928,"1508 N Laurent, Victoria, TX - 77901-6233"
Victoria College,-96.979226,28.816446,"2200 E Red River, Victoria, TX - 77901"
Vogue College of Cosmetology-McAllen,-98.223022,26.232656,"800 Fern Avenue, McAllen, TX - 78501-1945"
Wayland Baptist University,-101.730042,34.187677,"1900 W. 7th Street, Plainview, TX - 79072"
Weatherford College,-97.792629,32.74133,"225 College Park Drive, Weatherford, TX - 76086-5699"
West Texas A & M University,-101.914736,34.982789,"2501 4th Ave, Canyon, TX - 79016-0001"
Western Texas College,-100.914945,32.678458,"6200 College Ave, Snyder, TX - 79549"
Wharton County Junior College,-96.085815,29.3238,"911 Boling Hwy, Wharton, TX - 77488"
Wiley University,-94.376814,32.537641,"711 Wiley Ave, Marshall, TX - 75670"
Bridgerland Technical College,-111.850619,41.756188,"1301 North 600 West, Logan, UT - 84321"
Brigham Young University,-111.649281,40.250851,"Main Campus, Provo, UT - 84602"
Brigham Young University-Hawaii,-157.926586,21.642074,"55-220 Kulanui Street, Laie, HI - 96762-1294"
Cameo College of Essential Beauty,-111.887832,40.645694,"124 East 5770 South, Murray, UT - 84107"
Collectiv Academy,-111.851661,40.56441,"10301 South 1300 East, Sandy, UT - 84094"
Davis Technical College,-111.925227,41.028956,"550 E 300 S, Kaysville, UT - 84037-2699"
Utah Tech University,-113.565903,37.102769,"225 S University Avenue, Saint George, UT - 84770-3876"
Evans Hairstyling College-Cedar City,-113.064394,37.679851,"169 N 100 W, Cedar City, UT - 84720"
Evans Hairstyling College-St George,-113.561412,37.107716,"1028 E Tabernacle, Saint George, UT - 84770"
Paul Mitchell the School-Salt Lake City,-111.835077,40.666643,"1969 East Murray Holladay Road, Holladay, UT - 84117"
Eagle Gate College-Murray,-111.903609,40.649984,"5588 South Green Street, Murray, UT - 84123-6965"
Ensign College,-111.9002,40.77113,"95 North 300 West, Salt Lake City, UT - 84101-3500"
Ogden-Weber Technical College,-111.964808,41.264286,"200 N Washington Blvd, Ogden, UT - 84404-4089"
Snow College,-111.58296,39.360177,"150 E College Ave, Ephraim, UT - 84627"
Southern Utah University,-113.070146,37.674617,"351 West University Blvd, Cedar City, UT - 84720"
Uintah Basin Technical College,-109.97534,40.299059,"1100 E Lagoon St    124-5, Roosevelt, UT - 84066"
Utah State University,-111.81391,41.740748,"Old Main Hill, Logan, UT - 84322-1400"
Utah Valley University,-111.716456,40.281078,"800 W University Parkway, Orem, UT - 84058-5999"
Salt Lake Community College,-111.942809,40.671575,"4600 S Redwood Rd, Salt Lake City, UT - 84123"
University of Utah,-111.846044,40.762484,"201 Presidents Circle, ROOM 201, Salt Lake City, UT - 84112-9008"
Weber State University,-111.944845,41.192591,"3848 Harrison Blvd., Ogden, UT - 84408-1001"
Westminster University,-111.855757,40.730779,"1840 South 1300 East, Salt Lake City, UT - 84105"
Bennington College,-73.237799,42.919547,"One College Drive, Bennington, VT - 05201-6003"
Castleton University,-73.180842,43.608397,"62 Alumni Dr, Castleton, VT - 05735"
Champlain College,-73.202746,44.473287,"163 S Willard St, Burlington, VT - 05401"
Community College of Vermont,-72.573774,44.280811,"660 Elm Street, Montpelier, VT - 05602"
Goddard College,-72.438388,44.279087,"123 Pitkin Road, Plainfield, VT - 05667-9432"
Northern Vermont University,-72.671154,44.641736,"337 College Hill, Johnson, VT - 05656-9464"
Middlebury College,-73.176068,44.009117,"Old Chapel, Middlebury, VT - 05753"
Norwich University,-72.659783,44.140237,"158 Harmon Drive, Northfield, VT - 05663-1035"
O'Briens Aveda Institute,-73.102721,44.447199,"400 Cornerstone Dr 220, Williston, VT - 05495"
Saint Michael's College,-73.167069,44.494558,"One Winooski Park, Colchester, VT - 05439"
SIT Graduate Institute,-72.56738,42.891035,"1 Kipling Rd, Brattleboro, VT - 05302-0676"
Sterling College,-72.382372,44.65225,"16 Sterling Drive, Craftsbury Common, VT - 05827-0072"
Vermont Law and Graduate School,-72.520919,43.821406,"164 Chelsea Street, South Royalton, VT - 05068-0096"
Vermont State Colleges-Office of the Chancellor,-72.572581,44.25425,"575 Stone Cutters Way, Suite 1, Montpelier, VT - 05602"
Vermont State University,-72.604498,43.939623,"124 Admin Drive, Randolph, VT - 05061"
University of Vermont,-73.196646,44.477325,"85 S Prospect St, Burlington, VT - 05405-0160"
Paul Mitchell the School-Roanoke,-79.95759,37.255284,"658 Brandon Ave SW Ste 210, Roanoke, VA - 24015"
Advanced Technology Institute,-76.182268,36.841381,"5700 Southern Blvd Ste 100, Virginia Beach, VA - 23462"
Averett University,-79.413203,36.577287,"420 W Main St, Danville, VA - 24541"
Blue Ridge Community College,-78.937471,38.279075,"One College Lane, Weyers Cave, VA - 24486-0080"
Bluefield University,-81.246233,37.244557,"3000 College Avenue, Bluefield, VA - 24605"
Bridgewater College,-78.969007,38.378484,"402 E College St, Bridgewater, VA - 22812-1599"
William & Mary,-76.708214,37.269489,"200 Richmond Road, Williamsburg, VA - 23187-8795"
Regent University,-76.194627,36.801173,"1000 Regent University Dr, Virginia Beach, VA - 23464"
Central School of Practical Nursing,-76.210274,36.869309,"1330 N Millitary Hwy, Norfolk, VA - 23502"
Central Virginia Community College,-79.184238,37.358809,"3506 Wards Rd, Lynchburg, VA - 24502-2498"
Christopher Newport University,-76.494364,37.062495,"1 Avenue of the Arts, Newport News, VA - 23606-3072"
Bryant & Stratton College-Virginia Beach,-76.13819,36.827826,"301 Centre Pointe Dr, Virginia Beach, VA - 23462"
Mountain Gateway Community College,-79.852536,37.812275,"1000 College Drive, Clifton Forge, VA - 24422-1000"
Danville Community College,-79.408803,36.565286,"1008 S Main St, Danville, VA - 24541-4004"
Eastern Virginia Medical School,-76.302131,36.860042,"735 Fairfax Avenue, Norfolk, VA - 23507"
Centura College-Virginia Beach,-76.064499,36.837648,"2697 Dean Dr. Ste. 100, Virginia Beach, VA - 23452-7431"
Emory & Henry University,-81.829142,36.772857,"30461 Garnand Drive, Emory, VA - 24327-0947"
Eastern Mennonite University,-78.880326,38.471134,"1200 Park Rd, Harrisonburg, VA - 22802-2462"
Eastern Shore Community College,-75.751129,37.639652,"29316 Lankford Hwy, Melfa, VA - 23410"
Ferrum College,-80.020614,36.926431,"215 Ferrum Mountain Road, Ferrum, VA - 24088-9000"
George Mason University,-77.307063,38.83195,"4400 University Dr, Fairfax, VA - 22030-4444"
Germanna Community College,-77.78012,38.375532,"2130 Germanna Hwy, Locust Grove, VA - 22508-2102"
Hampden-Sydney College,-78.464216,37.240615,"College Road, Hampden-Sydney, VA - 23943-0128"
Hampton University,-76.339161,37.019944,"200 William R. Harvey Way, Hampton, VA - 23668-0099"
Hollins University,-79.943277,37.354201,"7916 Williamson Rd NW, Roanoke, VA - 24020"
J Sargeant Reynolds Community College,-77.473918,37.636837,"1651 East Parham Road, Richmond, VA - 23228-2327"
James Madison University,-78.870484,38.436311,"800 South Main Street, Harrisonburg, VA - 22807"
Brightpoint Community College,-77.407919,37.346254,"13101 Route 1, Chester, VA - 23831-5316"
Liberty University,-79.18222,37.350232,"1971 University Blvd, Lynchburg, VA - 24515"
Longwood University,-78.396987,37.297975,"201 High St, Farmville, VA - 23909"
Laurel Ridge Community College,-78.267336,39.036001,"173 Skirmisher Lane, Middletown, VA - 22645"
University of Lynchburg,-79.181653,37.399774,"1501 Lakeside Dr, Lynchburg, VA - 24501-3113"
Centra College,-79.174101,37.4051,"905 Lakeside Dr., Suite A, Lynchburg, VA - 24501"
Mary Baldwin University,-79.069273,38.153884,"318 Prospect Street, Staunton, VA - 24401"
University of Mary Washington,-77.476055,38.302492,"1301 College Ave, Fredericksburg, VA - 22401-5300"
Marymount University,-77.128785,38.905562,"2807 N Glebe Rd, Arlington, VA - 22207-4299"
Sovah School of Health Professions,-79.405312,36.577965,"137 S. Main Street, Danville, VA - 24541"
Mountain Empire Community College,-82.758277,36.854421,"3441 Mountain Empire Road, Big Stone Gap, VA - 24219"
American National University,-80.023602,37.299743,"1813 East Main Street, Salem, VA - 24153"
New River Community College,-80.69605,37.105239,"5251 College Drive, Dublin, VA - 24084-3660"
Sentara College of Health Sciences,-76.243308,36.777043,"1441 Crossways Blvd, Suite 105, Chesapeake, VA - 23320"
Tidewater Tech-Trades,-76.234223,36.866307,"4535 E. Princess Anne Rd., Norfolk, VA - 23502"
Norfolk State University,-76.261375,36.848429,"700 Park Avenue, Norfolk, VA - 23504-8000"
Northern Virginia Community College,-77.236718,38.833361,"4001 Wakefield Chapel Rd, Annandale, VA - 22003-3796"
Old Dominion University,-76.30666,36.886418,"5115 Hampton Blvd, Norfolk, VA - 23529"
Patrick & Henry Community College,-79.871133,36.737893,"645 Patriot Avenue, Martinsville, VA - 24112"
Paul D Camp Community College,-76.93757,36.674527,"100 N College Dr, Franklin, VA - 23851"
Southside College of Health Sciences,-77.400278,37.267704,"430 Clairmont Court - Suite 200, Colonial Heights, VA - 23834"
Piedmont Virginia Community College,-78.483707,38.006895,"501 College Drive, Charlottesville, VA - 22902-7589"
Radford University,-80.549728,37.136907,"801 East Main St., Radford, VA - 24142"
Sylvain Melloul International Hair Academy,-79.168082,37.360833,"3700 Candlers Mountain Road Unit 68, Lynchburg, VA - 24502"
Randolph-Macon College,-77.478416,37.76043,"204 Henry St, Ashland, VA - 23005-5505"
Randolph College,-79.171887,37.437315,"2500 Rivermont Ave, Lynchburg, VA - 24503-1555"
Rappahannock Community College,-76.623913,37.564425,"12745 College Drive, Glenns, VA - 23149-2616"
Fortis College-Norfolk,-76.190241,36.846983,"6300 Center Dr Bldg 22, Norfolk, VA - 23502-4101"
Richard Bland College,-77.399932,37.156972,"11301 Johnson Road, South Prince George, VA - 23805-7100"
Bon Secours Memorial College of Nursing,-77.433569,37.646698,"8550 Magellan Parkway Suite 1100, Richmond, VA - 23227-1149"
University of Richmond,-77.538806,37.577393,"410 Westhampton Way, University of Richmond, VA - 23173"
Riverside College of Health Careers,-76.456164,37.034972,"316 Main Street, Newport News, VA - 23601"
Roanoke College,-80.055467,37.294861,"221 College Lane, Salem, VA - 24153-3794"
Bon Secours St Mary's Hospital School of Medical Imaging,-77.433569,37.646698,"8550 Magellan Pkwy Ste 700, Richmond, VA - 23227"
Shenandoah University,-78.157433,39.167355,"1460 University Dr, Winchester, VA - 22601-5195"
Southeastern Free Will Baptist Bible College,-78.4164,35.80023,"532 Eagle Rock Road, Wendell, NC - 27591-9072"
Southern Virginia University,-79.35037,37.740368,"1 University Hill Drive, Buena Vista, VA - 24416"
Southside Virginia Community College,-77.917962,36.839066,"109 Campus Drive, Alberta, VA - 23821"
Southwest Virginia Community College,-81.796682,37.006196,"369 College Road       US Rt. 19, 6 Miles S. Claypool Hill, Cedar Bluff, VA - 24609"
Staunton School of Cosmetology,-79.070811,38.149508,"128 E Beverly Street, Staunton, VA - 24401-4323"
Strayer University-Virginia,-77.085294,38.890995,"2121 15th Street N, Arlington, VA - 22201"
Sweet Briar College,-79.081014,37.556725,"134 Chapel Drive, Sweet Briar, VA - 24595-9998"
Virginia Peninsula Community College,-76.420046,37.063821,"99 Thomas Nelson Drive, Hampton, VA - 23666"
Tidewater Community College,-76.291376,36.85009,"121 College Place, Norfolk, VA - 23510"
Union Presbyterian Seminary,-77.449314,37.578928,"3401 Brook Rd, Richmond, VA - 23227"
University of Virginia's College at Wise,-82.559656,36.970602,"1 College Avenue, Wise, VA - 24293-4400"
Virginia Highlands Community College,-82.001118,36.698866,"100 VHCC Drive, Abingdon, VA - 24212-0828"
Virginia Polytechnic Institute and State University,-80.423675,37.229012,"210 Burruss Hall, 800 Drillfield Dr., Blacksburg, VA - 24061-0131"
Virginia Western Community College,-79.973011,37.245029,"3094 Colonial Ave, Roanoke, VA - 24015"
Virginia Commonwealth University,-77.452697,37.54962,"910 W Franklin St, Richmond, VA - 23284-2512"
University of Virginia-Main Campus,-78.503428,38.035665,"1827 University Avenue, Charlottesville, VA - 22903-2628"
Virginia Military Institute,-79.437067,37.7896,"VMI Parade, Lexington, VA - 24450-0304"
Asher Institute of Hampton,-76.425917,37.026859,"4107 West Mercury Blvd, Hampton, VA - 23666"
Virginia University of Lynchburg,-79.151615,37.395187,"2058 Garfield Ave, Lynchburg, VA - 24501"
Virginia State University,-77.419026,37.234692,"1 Hayden Drive, Petersburg, VA - 23806"
Virginia Union University,-77.450903,37.562405,"1500 N Lombardy St, Richmond, VA - 23220"
Virginia Wesleyan University,-76.18606,36.868417,"5817 Wesleyan Drive, Virginia Beach, VA - 23455"
Washington and Lee University,-79.443018,37.788939,"204 West Washington Street, Lexington, VA - 24450-2116"
Wytheville Community College,-81.071181,36.95731,"1000 E Main Street, Wytheville, VA - 24382-3308"
Bellevue College,-122.150118,47.584014,"3000 Landerholm Cir SE, Bellevue, WA - 98007-6484"
Bellingham Technical College,-122.51216,48.766189,"3028 Lindbergh Ave, Bellingham, WA - 98225-1599"
Big Bend Community College,-119.325678,47.183651,"7662 Chanute St NE, Moses Lake, WA - 98837-3299"
Central Washington University,-120.538368,47.002687,"400 East University Way, Ellensburg, WA - 98926"
Centralia College,-122.960591,46.715017,"600 Centralia College Blvd., Centralia, WA - 98531-4099"
City University of Seattle,-122.344594,47.617381,"521 Wall Street, Suite 100, Seattle, WA - 98121"
Paul Mitchell the School-Richland,-119.246059,46.22626,"71 Gage Blvd., Richland, WA - 99352"
Clark College,-122.651257,45.636133,"1933 Fort Vancouver Way, Vancouver, WA - 98663-3598"
Clover Park Technical College,-122.497873,47.176084,"4500 Steilacoom Blvd SW, Lakewood, WA - 98499-4004"
Columbia Basin College,-119.12103,46.25216,"2600 N 20th Ave, Pasco, WA - 99301"
Cornish College of the Arts,-122.336238,47.618174,"1000 Lenora Street, Seattle, WA - 98121"
Divers Institute of Technology,-122.340894,47.647402,"1341 N. Northlake Way, Suite 150, Seattle, WA - 98103"
Eastern Washington University,-117.583808,47.490667,"526 5th Street, Cheney, WA - 99004-2496"
Edmonds College,-122.327598,47.816376,"20000 68th Ave W, Lynnwood, WA - 98036"
Everett Community College,-122.204736,48.006626,"2000 Tower Street, Everett, WA - 98201"
The Evergreen State College,-122.977492,47.07382,"2700 Evergreen Pkwy NW, Olympia, WA - 98505-0001"
Pierce College District,-122.570935,47.172082,"9401 Farwest Dr SW, Lakewood, WA - 98498-1999"
Glen Dow Academy of Hair Design,-117.416526,47.657719,"W 309 Riverside Ave, Spokane, WA - 99201"
Gonzaga University,-117.400625,47.666531,"E 502 Boone Ave, Spokane, WA - 99258-0001"
Grays Harbor College,-123.803068,46.953881,"1620 Edward P Smith Drive, Aberdeen, WA - 98520-7599"
Green River College,-122.175819,47.313648,"12401 SE 320th St, Auburn, WA - 98092-3622"
Toni & Guy Hairdressing Academy-Shoreline,-122.344548,47.761696,"18336 Aurora Ave. North Suite 103, Shoreline, WA - 98133"
Heritage University,-120.394972,46.3748,"3240 Fort Rd, Toppenish, WA - 98948"
Highline College,-122.303064,47.388231,"2400 S 240th St, Des Moines, WA - 98198-9800"
International Air and Hospitality Academy,-122.639759,45.627871,"2901 E Mill Plain Blvd, Vancouver, WA - 98661"
Bastyr University,-122.251708,47.729935,"14500 Juanita Drive NE, Kenmore, WA - 98028-4966"
Highlights Beauty Schools,-122.312814,47.779174,"24255 Van Ry Boulevard, Suite A, Mountlake Terrace, WA - 98043"
Bates Technical College,-122.44683,47.251743,"1101 S Yakima Ave, Tacoma, WA - 98405"
Lake Washington Institute of Technology,-122.167131,47.705077,"11605 132nd Ave NE, Kirkland, WA - 98034-8506"
Lower Columbia College,-122.935928,46.14214,"1600 Maple Street, Longview, WA - 98632"
BJ's Beauty & Barber College,-122.483385,47.208428,"5239 S Tacoma Way, Tacoma, WA - 98409"
North Seattle College,-122.333584,47.698408,"9600 College Way North, Seattle, WA - 98103-3599"
Northwest University,-122.192763,47.657945,"5520 108th Ave NE, Kirkland, WA - 98083-0579"
Olympic College,-122.635113,47.574769,"1600 Chester Ave, Bremerton, WA - 98337-1699"
Perry Technical Institute,-120.537976,46.571492,"2011 W Washington Ave., Yakima, WA - 98903-1296"
Pacific Lutheran University,-122.440421,47.14516,"12180 Park Ave South, Tacoma, WA - 98447-0003"
Peninsula College,-123.412865,48.101295,"1502 E Lauridsen Blvd, Port Angeles, WA - 98362"
University of Puget Sound,-122.478982,47.26308,"1500 N. Warner Street, Tacoma, WA - 98416"
Renton Technical College,-122.176303,47.489206,"3000 NE Fourth St, Renton, WA - 98056-4123"
Saint Martin's University,-122.816354,47.041068,"5000 Abbey Way SE, Lacey, WA - 98503-7500"
South Seattle College,-122.352672,47.5475,"6000 16th Ave SW, Seattle, WA - 98106-1499"
Seattle Central College,-122.321231,47.616748,"1701 Broadway Avenue, Seattle, WA - 98122"
Seattle Pacific University,-122.361667,47.650214,"3307 3rd Ave W, Seattle, WA - 98119-1997"
Seattle University,-122.318851,47.608859,"900 Broadway, Seattle, WA - 98122-4340"
Shoreline Community College,-122.358626,47.747402,"16101 Greenwood Ave N, Shoreline, WA - 98133-5696"
Skagit Valley College,-122.30894,48.437194,"2405 E. College Way, Mount Vernon, WA - 98273"
South Puget Sound Community College,-122.929578,47.023698,"2011 Mottman Rd SW, Olympia, WA - 98512-6292"
Spokane Community College,-117.360065,47.674034,"1810 North Greene Street, Spokane, WA - 99217-5399"
Spokane Falls Community College,-117.463538,47.676741,"3410 W Whistalks Way, Spokane, WA - 99224-5288"
Stylemaster College of Hair Design,-122.934592,46.136018,"1224 Commerce Ave., Longview, WA - 98632-3027"
Tacoma Community College,-122.524793,47.244622,"6501 S 19th St, Tacoma, WA - 98466-6100"
Walla Walla Community College,-118.276505,46.078557,"500 Tausick Way, Walla Walla, WA - 99362-9267"
Walla Walla University,-118.389555,46.048088,"204 S College Ave, College Place, WA - 99324-1198"
Washington State University,-117.158168,46.730448,"French Administration Building, Pullman, WA - 99164-5910"
University of Washington-Seattle Campus,-122.30514,47.65538,"1400 NE Campus Parkway, Seattle, WA - 98195-4550"
Wenatchee Valley College,-120.337198,47.431234,"1300 Fifth St, Wenatchee, WA - 98801-1799"
Western Washington University,-122.485734,48.737812,"516 High Street, Bellingham, WA - 98225-9008"
Whatcom Community College,-122.493253,48.7939,"237 W Kellogg Rd, Bellingham, WA - 98226"
Whitman College,-118.331546,46.069815,"345 Boyer Ave, Walla Walla, WA - 99362"
Whitworth University,-117.416714,47.753358,"300 W Hawthorne Rd, Spokane, WA - 99251"
Yakima Valley College,-120.528525,46.586098,"South 16th Ave. & Nob Hill Blvd., Yakima, WA - 98907-2520"
Alderson Broaddus University,-80.047728,39.158067,"101 College Hill Drive, Philippi, WV - 26416-2035"
Appalachian Beauty School,-82.266793,37.624479,"25429 US HWY 119N, Belfry, KY - 41514"
Appalachian Bible College,-81.198867,37.853335,"161 College Drive, Mount Hope, WV - 25880-9557"
B M Spurr School of Practical Nursing,-80.752394,39.946126,"800 Wheeling Ave, Glen Dale, WV - 26038"
Ben Franklin Career Center,-81.75353,38.367234,"500 28th St, Dunbar, WV - 25064"
Bethany College,-80.560056,40.205819,"31 E Campus Dr, Bethany, WV - 26032"
Bluefield State University,-81.239037,37.265732,"219 Rock Street, Bluefield, WV - 24701-2198"
Cabell County Career Technology Center,-82.372418,38.403244,"1035 Norway Ave, Huntington, WV - 25705-2827"
Charleston School of Beauty Culture,-81.578638,38.317676,"514 50th St. SE, Charleston, WV - 25304"
University of Charleston,-81.616244,38.333367,"2300 MacCorkle Avenue,  SE, Charleston, WV - 25304"
Clarksburg Beauty Academy and School of Massage Therapy,-80.339054,39.279875,"120 S 3rd St, Clarksburg, WV - 26301"
Concord University,-81.006696,37.423723,"1000 Vermillion Street, Athens, WV - 24712"
Davis & Elkins College,-79.846022,38.931232,"100 Campus Dr, Elkins, WV - 26241-3996"
Fairmont State University,-80.162433,39.483079,"1201 Locust Ave, Fairmont, WV - 26554-2470"
Glenville State University,-80.834295,38.93547,"200 High Street, Glenville, WV - 26351-1292"
Huntington Junior College,-82.443234,38.419732,"900 Fifth Ave, Huntington, WV - 25701"
James Rumsey Technical Institute,-77.978583,39.5328,"3274  Hedgesville Road, Martinsburg, WV - 25403-0259"
Ralph R Willis Career and Technical Center,-81.94289,37.82694,"144 Vocational Road, Three Mile Curve, Stollings, WV - 25646"
Marshall University,-82.428964,38.422482,"1 John Marshall Dr, Huntington, WV - 25755"
Mercer County Technical Education Center,-81.104647,37.360024,"1397 Stafford Dr, Princeton, WV - 24740"
Monongalia County Technical Education Center,-79.957275,39.611165,"1000 Mississippi Street, Morgantown, WV - 26501-6841"
Morgantown Beauty College Inc,-79.954593,39.628866,"276 Walnut St, Morgantown, WV - 26505-5430"
Mountain State College,-81.548845,39.273787,"1508 Spring St, Parkersburg, WV - 26101-3993"
West Virginia University at Parkersburg,-81.506192,39.216379,"300 Campus Drive, Parkersburg, WV - 26104"
Potomac State College of West Virginia University,-78.981441,39.438323,"101 Fort Ave, Keyser, WV - 26726"
Academy of Careers and Technology,-81.165435,37.795299,"390 Stanaford Rd, Beckley, WV - 25801"
Salem University,-80.571767,39.288632,"223 W Main St, Salem, WV - 26426"
Shepherd University,-77.804101,39.433071,"301 North King St, Shepherdstown, WV - 25443"
Southern West Virginia Community and Technical College,-82.023014,37.851756,"100 College Drive, Logan, WV - 25601"
Fred W Eberle Technical Center,-80.225278,39.001908,"208 Morton Ave, Buckhannon, WV - 26201"
West Virginia School of Osteopathic Medicine,-80.43782,37.804273,"400 Lee Street North, Lewisburg, WV - 24901"
West Virginia State University,-81.765034,38.380541,"Rte 25, Institute, WV - 25112-1000"
West Virginia University Hospital Departments of Rad Tech and Nutrition,-79.957959,39.654269,"Medical Ctr Dr, Morgantown, WV - 26506-8062"
West Liberty University,-80.602256,40.164417,"208 University Drive, West Liberty, WV - 26074"
West Virginia University Institute of Technology,-81.184072,37.775924,"512 South Kanawha Street, Beckley, WV - 25801"
West Virginia Wesleyan College,-80.218969,38.990661,"59 College Ave, Buckhannon, WV - 26201-2994"
West Virginia Junior College-Charleston,-81.789743,38.422967,"5514 Big Tyler Road Suite 200, Cross Lanes, WV - 25313-1304"
West Virginia Junior College-Morgantown,-79.955006,39.63248,"148 Willey St, Morgantown, WV - 26505"
International Beauty School 4,-77.965463,39.456357,"201 West King Street, Martinsburg, WV - 25401"
West Virginia Northern Community College,-80.721263,40.063318,"1704 Market St., Wheeling, WV - 26003-3699"
West Virginia University,-79.954391,39.634371,"PO Box 6201, Morgantown, WV - 26506"
Wheeling University,-80.690804,40.070873,"316 Washington Ave, Wheeling, WV - 26003"
Wood County Technical Center-Practical Nursing,-81.54796,39.242596,"1515 Blizzard Drive, Parkersburg, WV - 26101"
VICI Beauty School,-88.049912,42.969877,"4111 S. 108th Street, Greenfield, WI - 53228"
Alverno College,-87.965174,42.982842,"3400 S 43rd  St, Milwaukee, WI - 53234-3922"
Madison Area Technical College,-89.327921,43.12183,"1701 Wright Street, Madison, WI - 53704-2599"
Bellin College,-87.921722,44.468277,"3201 Eaton Road, Green Bay, WI - 54311"
Beloit College,-89.029285,42.504022,"700 College St, Beloit, WI - 53511-5595"
Blackhawk Technical College,-89.016254,42.593159,"6004 South County Road G, Janesville, WI - 53547-5009"
Cardinal Stritch University,-87.909045,43.139752,"6801 N Yates Rd, Milwaukee, WI - 53217-3985"
Carroll University,-88.228114,43.004527,"100 N East Ave, Waukesha, WI - 53186"
Carthage College,-87.820924,42.622969,"2001 Alford Park Dr, Kenosha, WI - 53140-1994"
Concordia University-Wisconsin,-87.91552,43.253387,"12800 N Lake Shore Dr, Mequon, WI - 53097-2402"
Edgewood College,-89.422884,43.057059,"1000 Edgewood College Drive, Madison, WI - 53711-1997"
Fox Valley Technical College,-88.45893,44.283174,"1825 N Bluemound Dr, Appleton, WI - 54912-2277"
Gateway Technical College,-87.846695,42.605677,"3520 30th Ave, Kenosha, WI - 53144-1690"
The Professional Hair Design Academy,-91.461714,44.783374,"3408 Mall Drive, Eau Claire, WI - 54701-7633"
Lakeland University,-87.883414,43.841573,"W3718 South Drive, Plymouth, WI - 53073"
Lakeshore Technical College,-87.75454,43.924774,"1290 North Avenue, Cleveland, WI - 53015-1414"
Lawrence University,-88.397822,44.261323,"College Ave, Appleton, WI - 54911"
Maranatha Baptist University,-88.737016,43.195013,"745 West Main Street, Watertown, WI - 53094"
Marian University,-88.420638,43.777411,"45 S National Ave, Fond Du Lac, WI - 54935-4699"
Marquette University,-87.927961,43.03903,"1250 W Wisconsin Avenue, Milwaukee, WI - 53233"
Medical College of Wisconsin,-88.022674,43.044527,"8701 Watertown Plank Road, Milwaukee, WI - 53226-0509"
Mid-State Technical College,-89.783785,44.391091,"500 32nd St N, Wisconsin Rapids, WI - 54494"
Milwaukee Area Technical College,-87.920818,43.04359,"700 W State St, Milwaukee, WI - 53233-1443"
Milwaukee Institute of Art & Design,-87.907925,43.030917,"273 E Erie St, Milwaukee, WI - 53202-6003"
Milwaukee School of Engineering,-87.907691,43.045364,"1025 N Broadway, Milwaukee, WI - 53202-3109"
Moraine Park Technical College,-88.417656,43.785224,"235 N National Avenue, Fond du Lac, WI - 54936-1940"
Mount Mary University,-88.030732,43.072507,"2900 N. Menomonee River Pky, Milwaukee, WI - 53222-4597"
Nashotah House,-88.423743,43.082193,"2777 Mission Rd, Nashotah, WI - 53058-9793"
Nicolet Area Technical College,-89.425055,45.609542,"5364 College Drive, Rhinelander, WI - 54501-0518"
Northcentral Technical College,-89.646369,44.986458,"1000 Campus Dr, Wausau, WI - 54401-1899"
Northeast Wisconsin Technical College,-88.105675,44.526467,"2740 W Mason St, Green Bay, WI - 54307-9042"
Northland College,-90.87476,46.579087,"1411 Ellis Avenue, Ashland, WI - 54806-3999"
Ripon College,-88.842333,43.844135,"300 West Seward Street, Ripon, WI - 54971-0248"
Sacred Heart Seminary and School of Theology,-88.04438,42.910829,"7335 S Hwy 100, Franklin, WI - 53132"
Saint Norbert College,-88.067812,44.44483,"100 Grant St, De Pere, WI - 54115-2099"
State College of Beauty Culture Inc,-89.618062,44.936911,"1930 Grand Avenue, Wausau, WI - 54403"
Southwest Wisconsin Technical College,-90.637714,42.976238,"1800 Bronson Blvd, Fennimore, WI - 53809-9778"
Viterbo University,-91.244297,43.803133,"900 Viterbo Drive, La Crosse, WI - 54601-8804"
Chippewa Valley Technical College,-91.505675,44.794867,"620 W Clairemont Ave, Eau Claire, WI - 54701-6162"
Waukesha County Technical College,-88.256292,43.071444,"800 Main Street, Pewaukee, WI - 53072-4601"
Western Technical College,-91.246191,43.815309,"400 Seventh St. North, La Crosse, WI - 54601"
University of Wisconsin-Whitewater,-88.742368,42.835563,"800 W Main St, Whitewater, WI - 53190-1790"
Northwood Technical College,-91.747024,45.48131,"1900 College Dr., Rice Lake, WI - 54868"
Wisconsin School of Professional Psychology,-88.026735,43.10534,"9120 W Hampton Ave, Milwaukee, WI - 53225-4960"
University of Wisconsin-Eau Claire,-91.501906,44.798284,"105 Garfield Ave, Eau Claire, WI - 54701"
University of Wisconsin-Green Bay,-87.919973,44.532298,"2420 Nicolet Dr, Green Bay, WI - 54311-7001"
University of Wisconsin-La Crosse,-91.23186,43.81568,"1725 State St, La Crosse, WI - 54601-9959"
Wisconsin Lutheran College,-88.022718,43.036943,"8800 W Bluemound Rd, Milwaukee, WI - 53226-4699"
University of Wisconsin-Oshkosh,-88.549369,44.026206,"800 Algoma Blvd, Oshkosh, WI - 54901"
University of Wisconsin-Parkside,-87.855231,42.647718,"900 Wood Rd, Kenosha, WI - 53144"
Herzing University-Madison,-89.291561,43.14415,"5218 E. Terrace Dr., Madison, WI - 53718"
University of Wisconsin-Stout,-91.926653,44.873187,"712 S Broadway St, Menomonie, WI - 54751"
University of Wisconsin-Superior,-92.091007,46.717629,"1605 Catlin Ave, Superior, WI - 54880-4500"
University of Wisconsin-System Administration,-89.406536,43.075416,"1220 Linden Dr, Madison, WI - 53706"
University of Wisconsin-Madison,-89.404098,43.075409,"500 Lincoln Dr, Madison, WI - 53706-1380"
University of Wisconsin-Milwaukee,-87.880488,43.076848,"2200 E Kenwood Blvd, Milwaukee, WI - 53211"
University of Wisconsin-Platteville,-90.48622,42.733451,"1 University Plaza, Platteville, WI - 53818-3099"
University of Wisconsin-River Falls,-92.622641,44.8534,"410 S 3rd St, River Falls, WI - 54022-5001"
University of Wisconsin-Stevens Point,-89.570934,44.529582,"2100 Main St, Stevens Point, WI - 54481-3897"
Casper College,-106.326712,42.832788,"125 College Drive, Casper, WY - 82601-4699"
Central Wyoming College,-108.426738,43.030556,"2660 Peck Avenue, Riverton, WY - 82501"
Eastern Wyoming College,-104.190823,42.079354,"3200 West C St, Torrington, WY - 82240-1699"
Laramie County Community College,-104.778789,41.104288,"1400 E College Dr, Cheyenne, WY - 82007-3299"
Northwest College,-108.761853,44.760656,"231 W 6th St, Powell, WY - 82435-1898"
Northern Wyoming Community College District,-106.941105,44.763926,"1 Whitney Way, Sheridan, WY - 82801"
Western Wyoming Community College,-109.237126,41.590964,"2500 College Dr, Rock Springs, WY - 82901"
Cheeks Beauty Academy,-104.816751,41.134123,"207 W 18 St, Cheyenne, WY - 82001-4413"
WyoTech,-105.621161,41.30354,"1889 Venture Drive, Laramie, WY - 82070-9519"
University of Wyoming,-105.57931,41.311773,"Corner of Ninth and Ivinson, Laramie, WY - 82071"
American Samoa Community College,-170.742774,-14.322636,"P.O. Box 2609, Pago Pago, AS - 96799-2609"
Guam Community College,144.808944,13.440649,"1 Sesame Street, Mangilao, GU - 96913"
University of Guam,144.803978,13.433047,"303 University Drive, UOG Station, Mangilao, GU - 96923"
Northern Marianas College,145.721733,15.152247,"As Terlaje Campus, Saipan, MP - 96950-1250"
Institute of Beauty Careers,-66.721861,18.470281,"199 Llorens Torres Ave Corner To Coll y Toste St, Arecibo, PR - 00613"
American University of Puerto Rico,-66.186631,18.407058,"Carr. #2, Km.14.4, Bo. Hato Tejas, Bayamon, PR - 00960-2037"
American University of Puerto Rico,-66.478655,18.434072,"Carretera Estatal #2 Km.48.1, Manati, PR - 00674-1082"
American Educational College,-66.15099,18.397931,"45 Santa Cruz Street, Bayamon, PR - 00961"
Antilles School of Technical Careers,-66.059206,18.438416,"Calle Cayey # 1911, San Juan, PR - 00909"
Universidad Adventista de las Antillas,-67.111207,18.205685,"Carr 106 Km 2.2 Int, Mayaguez, PR - 00680-0000"
Atlantic University,-66.111714,18.357395,"Colton St. # 9, Guaynabo, PR - 00970"
Universidad Central de Bayamon,-66.180773,18.398864,"Avenida Zaya Verde La Milagrosa Barrio Hato Tejas, Bayamón, PR - 00960-1725"
Columbia Central University-Caguas,-66.022543,18.22329,"Carr 183 Km 1.7, Caguas, PR - 00726"
Albizu University-San Juan,-66.113908,18.466573,"151 Tanca St, Corner San Francisco St, Old San Juan, San Juan, PR - 00902-3711"
Caribbean University-Bayamon,-66.168315,18.383136,"167 Ave.  Km 21.2, Bayamon, PR - 00960-0493"
Caribbean University-Carolina,-65.960036,18.380193,"Calle Ignacio Arzuaga #208, Carolina, PR - 00985"
Pontifical Catholic University of Puerto Rico-Arecibo,-66.679114,18.446006,"Carretera 662 KM 2.3, Arecibo, PR - 00614-4045"
Pontifical Catholic University of Puerto Rico-Ponce,-66.617138,18.00165,"2250 Boulevard Luis A. Ferre Aguayo Suite 608, Ponce, PR - 00717-9997"
CEM College-San Juan,-66.035797,18.393955,"1206  13th. Street  Ext San Agustin, San Juan, PR - 00926-1931"
Universidad Teologica del Caribe,-66.010617,18.373928,"Road 848 Km. 0.5 Callejon Marquez, Bo. Saint Just, Trujillo Alto, PR - 00978-0901"
Colegio Universitario de San Juan,-66.066529,18.428528,"180 Jose Oliver St Tres Monjitas  Ind. Park, San Juan, PR - 00918"
Universidad Ana G. Mendez-Cupey Campus,-66.061647,18.387183,"1399 Ave. Ana G. Mendez, San Juan, PR - 00926-2602"
Puerto Rico Conservatory of Music,-66.078811,18.454016,"951 Ponce de Leon Avenue, San Juan, PR - 00907-3373"
Center for Advanced Studies On Puerto Rico and the Caribbean,-66.11841,18.466567,"Calle Del Cristo #52, San Juan, PR - 00901"
EDP University of Puerto Rico Inc-San Sebastian,-66.992287,18.338036,"Betances # 49, San Sebastian, PR - 00685"
Emma's Beauty Academy-Mayaguez,-67.140563,18.201283,"Calle Dr. Basora #4 Esq. Ramos Antonini y Riera Palmer, Mayaguez, PR - 00680-4222"
Escuela de Artes Plasticas y Diseno de Puerto Rico,-66.121348,18.46778,"Barrio Ballaja Campo Del Morro, San Juan, PR - 00902-1112"
Instituto Tecnologico de Puerto Rico-Recinto de Manati,-66.472476,18.432962,"State Road 2  Km.47.3, Manati, PR - 00674-1091"
Sistema Universitario Ana G. Mendez,-66.061653,18.387204,"Universidad Ana G. Mendez, 1399 Ave Ana G. Mendez, Rio Piedras, PR - 00928-1345"
Huertas College,-66.025572,18.236147,"#41 Hector R Bunker  St, Caguas, PR - 00725"
Humacao Community College,-65.826857,18.148274,"Georgetti St. #69, Humacao, PR - 00791"
ICPR Junior College-Arecibo,-66.759324,18.478059,"20 San Patricio, Arecibo, PR - 00614-0067"
ICPR Junior College-Mayaguez,-67.144762,18.202277,"80 West McKinley St, Mayaguez, PR - 00681-1108"
Instituto Tecnologico de Puerto Rico-Recinto de Guayama,-66.118728,17.977897,"Urb. Vives, Final Calle Paseo #2, Guayama, PR - 00784-0000"
Instituto Tecnologico de Puerto Rico-Recinto de San Juan,-66.016003,18.411097,"Calle Alegria Final Urb las Virtudes, San Juan, PR - 00924"
Inter American University of Puerto Rico-San German,-67.05082,18.08353,"Rd. 102 Km. 30.6, San German, PR - 00683"
Inter American University of Puerto Rico-Aguadilla,-67.121671,18.467886,"Carr. 459 Int. 463, Barrio Corrales Sector Calero, Aguadilla, PR - 00603"
Inter American University of Puerto Rico-Arecibo,-66.75901,18.47509,"Hwy 2 Km 80.4, Bo San Daniel Sector Las Canelas, Arecibo, PR - 00614"
Inter American University of Puerto Rico-Barranquitas,-66.303153,18.182777,"Bo Helechal Highway 156 Intersection 719, Barranquitas, PR - 00794"
Inter American University of Puerto Rico-Metro,-66.077711,18.368988,"Highway #1 Km 16 3 Corner Francisco Sein St, San Juan, PR - 00919"
Inter American University of Puerto Rico-Ponce,-66.578498,18.007388,"104 Turpeaux Industrial Park Rd1, Mercedita, PR - 00715-1602"
Inter American University of Puerto Rico-Central Office,-66.069533,18.403964,"Urb Jardines Metropolitanos Calle Galileo Final, San Juan, PR - 00928"
Inter American University of Puerto Rico-Fajardo,-65.648052,18.329222,"Calle Union-Batey Central Highway 195, Fajardo, PR - 00738-7003"
Inter American University of Puerto Rico-Guayama,-66.108164,17.96635,"Bo Machete Highway 744 Km 1.2, Guayama, PR - 00784"
Inter American University of Puerto Rico-Bayamon,-66.182473,18.351631,"500 Carr. Dr. John Will Harris, Bayamon, PR - 00957-6257"
Inter American University of Puerto Rico-School of Law,-66.072656,18.428145,"Calle Federico Costa 170 Urb Ind Tres Monjitas, San Juan, PR - 00936-8351"
Liceo de Arte y Tecnologia,-66.056421,18.421013,"405 Ponce de Leon Ave., San Juan, PR - 00917"
Modern Hairstyling Institute-Bayamon,-66.155872,18.400061,"Betances #20 Esquina Degetau, Bayamon, PR - 00961"
Modern Hairstyling Institute-Arecibo,-66.754059,18.47582,"Vista Azul Shopping Center #2 Km.80.0, Arecibo, PR - 00612"
NUC University,-66.157027,18.396872,"Carr. #2 Edificio National College Plaza, Bayamon, PR - 00960"
Ponce Health Sciences University,-66.620307,17.993201,"388 Calle Luis F. Sala, Ponce, PR - 00716-2347"
University of Puerto Rico-Aguadilla,-67.13793,18.498652,"Belt St. 252 Ramey Base, Aguadilla, PR - 00604-1309"
University of Puerto Rico-Arecibo,-66.74114,18.469199,"Finca las Dunas Carr 653 Ruta 129 Km 8, Arecibo, PR - 00614-4010"
University of Puerto Rico-Bayamon,-66.143541,18.371398,"Road 174 #170 Minillas Industrial Park, Bayamon, PR - 00959"
University of Puerto Rico-Carolina,-65.990165,18.392069,"Carretera 887 Bo San Anton, Carolina, PR - 00984-4800"
University of Puerto Rico at Cayey,-66.162066,18.11882,"205 Antonio R. Barcelo Ave., Cayey, PR - 00737-2230"
University of Puerto Rico-Central Administration,-66.056329,18.38959,"Carr #1, Km 12.9 Terrenos Estacion Exp.  Agricola, San Juan, PR - 00936-4984"
University of Puerto Rico-Humacao,-65.838602,18.146589,"Call Box 860, Humacao, PR - 00792"
University of Puerto Rico-Utuado,-66.721667,18.254577,"Carr. # 10 Km. 52.2, Utuado, PR - 00641"
University of Puerto Rico-Mayaguez,-67.139172,18.211142,"259 Boulevard Alfonso Valdez, Mayaguez, PR - 00681"
University of Puerto Rico-Medical Sciences,-66.074894,18.396548,"Rio Piedras Medical Center, Americo Miranda Avenue, San Juan, PR - 00936-5067"
University of Puerto Rico at Ponce,-66.606215,17.993314,"2151 Santiago de los Caballeros Avenue, Ponce, PR - 00716-9996"
University of Puerto Rico-Rio Piedras,-66.050009,18.402826,"39 Avenida Ponce de Leon, San Juan, PR - 00931-0000"
Universidad Ana G. Mendez-Carolina Campus,-65.983869,18.414805,"Carr. # 190 Esq. Calle 220 Bo. Sabana Abajo, Carolina, PR - 00985-0985"
Universidad del Sagrado Corazon,-66.059617,18.441166,"Calle San Antonio Esq. Calle Rosales Pda 26 1/2, Santurce, PR - 00907"
Seminario Evangelico de Puerto Rico,-66.052816,18.407003,"776 Ponce de Leon Avenue, San Juan, PR - 00925"
Universidad Central Del Caribe,-66.153758,18.366171,"Ramon Ruiz Arnau University Hospital Laurel Ave, Bayamon, PR - 00960-6032"
Universidad Politecnica de Puerto Rico,-66.056084,18.422195,"377 Ponce de Leon Ave, Hato Rey, PR - 00919"
Pontifical Catholic University of Puerto Rico-Mayaguez,-67.145695,18.182375,"482 Sur Calle Ramon Emerito Betances, Mayaguez, PR - 00680-1713"
Universidad Ana G. Mendez-Gurabo Campus,-66.006259,18.239647,"Carr. # 189 Km 3.3, Gurabo, PR - 00778-3030"
College of Micronesia-FSM,158.158189,6.909759,"Kolonia, Pohnpei, FM - 96941"
Palau Community College,134.473744,7.343177,"9th Madalaii Hamlet, Koror, PW - 96940"
University of the Virgin Islands,-64.972866,18.344193,"2 John Brewers Bay, Charlotte Amalie, VI - 00802-9990"
Stanford University,-122.167359,37.429434," , Stanford, CA - 94305"
Purdue University-Main Campus,-86.914435,40.428206,"Hovde Hall of Administration, West Lafayette, IN - 47907-2040"
Blue Hills Regional Technical School,-71.104081,42.18221,"800 Randolph St, Canton, MA - 02021"
Parker University,-96.893564,32.880335,"2540 Walnut Hill Lane, Dallas, TX - 75229-5668"
EDP University of Puerto Rico Inc-San Juan,-66.055403,18.415375,"560 Ponce de Leon Ave.  Cr. Arroyo St., San Juan, PR - 00918"
ICPR Junior College,-66.05712,18.415291,"558 Munoz Rivera Avenue, Hato Rey, PR - 00919-0304"
City College-Hollywood,-80.22004,26.025173,"6565 Taft Street, Suite 200, Hollywood, FL - 33024-4045"
Meridian College,-82.425309,27.380724,"7020 Professional Pkwy E, Sarasota, FL - 34240"
Georgia State University-Perimeter College,-84.38667,33.7527,"33 Gilmer St., Atlanta, GA - 30303-3083"
Georgia Piedmont Technical College,-84.234504,33.789898,"495 N Indian Creek Dr, Clarkston, GA - 30021-2397"
ETI School of Skilled Trades,-87.936249,41.748334,"500 Joliet Road, Suite#100, Willowbrook, IL - 60527"
Traxlers School of Hair,-90.261863,32.268023,"2845 Suncrest Dr, Jackson, MS - 39212"
Warren County Community College,-75.018309,40.744812,"475 Route 57 W, Washington, NJ - 07882-4343"
St. John's College,-105.912478,35.666974,"1160 Camino Cruz Blanca, Santa Fe, NM - 87505-4599"
Bais Medrash Elyon,-74.069798,41.114079,"73 Main Street, Monsey, NY - 10952"
Antioch University-Los Angeles,-118.384458,33.988533,"400 Corporate Pointe, Culver City, CA - 90230-7615"
Antioch University-Santa Barbara,-119.6958,34.419203,"602 Anacapa Street, Santa Barbara, CA - 93101"
Antioch University-New England,-72.293798,42.932344,"40 Avon St, Keene, NH - 03431"
Antioch University-Seattle,-122.346318,47.615916,"2326 6th Ave, Seattle, WA - 98121-1814"
Antioch University,-83.908684,39.80321,"900 Dayton St, Yellow Springs, OH - 45387"
Mid-America Christian University,-97.578297,35.347785,"3500 SW 119th St, Oklahoma City, OK - 73170-9797"
Miller-Motte College-Tulsa,-95.903824,36.109468,"3801 S Sheridan, Tulsa, OK - 74145"
Ponca City Beauty College,-97.06801,36.73957,"3010 North 14th Street, Ponca City, OK - 74601"
Francis Tuttle Technology Center,-97.640672,35.60052,"12777 N Rockwell Ave, Oklahoma City, OK - 73142-2789"
Central Technology Center,-96.585322,35.994261,"3 CT Circle, Drumright, OK - 74030"
Carrington College-Portland,-122.653583,45.532356,"2004 Lloyd Center, 3rd Fl., Portland, OR - 97232-1309"
Career Technology Center of Lackawanna County,-75.652477,41.452849,"3201 Rockwell Ave, Scranton, PA - 18508"
Houston Graduate School of Theology,-95.448846,29.673594,"4300-C West Bellfort, Houston, TX - 77035-3602"
Palo Alto College,-98.543468,29.322955,"1400 W Villaret Blvd, San Antonio, TX - 78224-2499"
UCAS University of Cosmetology Arts & Sciences-San Antonio 410,-98.551137,29.493246,"4522 Fredericksburg Rd, A-85, San Antonio, TX - 78201"
Central Texas Beauty College-Round Rock,-97.685077,30.520723,"1400 N. Mays, Round Rock, TX - 78664-4604"
HJ International Graduate School for Peace and Public Leadership,-73.981154,40.754309,"4 West 43rd Street, New York, NY - 10036"
Athens Technical College,-83.339598,33.990183,"800 U.S. Hwy 29 North, Athens, GA - 30601"
GateWay Community College-Central City,-112.054912,33.435686,"1245 E Buckeye, Phoenix, AZ - 85034-4101"
Carrington College-San Leandro Campus,-122.12567,37.699627,"15555 East 14th Street, San Leandro, CA - 94578-3711"
Headmasters School of Hair Design,-117.025943,46.421026,"602 Main St, Lewiston, ID - 83501"
The Salon Professional Academy-Nampa,-116.563413,43.567768,"120 S. Holly Street, Nampa, ID - 83686-5104"
Beckfield College-Florence,-84.641475,39.017166,"16 Spiral Drive, Florence, KY - 41042"
University of Louisiana-System Administration,-91.188679,30.459815,"Claiborne Building, 1201 N. 3rd St., Suite 7-300, Baton Rouge, LA - 70802"
Dorsey College-Wayne,-83.382299,42.28171,"35005 Michigan Avenue, Wayne, MI - 48184"
Ecumenical Theological Seminary,-83.055266,42.344129,"2930 Woodward Ave, Detroit, MI - 48201-3035"
Ross Medical Education Center-Saginaw,-83.967884,43.469473,"4300 Fashion Square Blvd., 2nd Floor, Suite 202, Saginaw, MI - 48603-5227"
Sussex County Community College,-74.758079,41.067633,"One College Hill Road, Newton, NJ - 07860"
Landmark College,-72.512549,42.977172,"19 River Rd South, Putney, VT - 05346"
Mississippi Community College Board,-90.144689,32.338859,"3825 Ridgewood Rd, Jackson, MS - 39211"
Yeshiva Gedolah of Greater Detroit,-83.200754,42.471924,"24600 Greenfield Rd, Oak Park, MI - 48237"
Collin County Community College District,-96.63894,33.16241,"3452 Spur 399, McKinney, TX - 75069"
Owensboro Community and Technical College,-87.082861,37.717355,"4800 New Hartford Rd, Owensboro, KY - 42303"
Allure Beauty College,-82.838909,37.123363,"74  Parkway Plaza Loop, Whitesburg, KY - 41858"
Cloyd's Beauty School 3 Inc,-92.080603,32.533231,"2514 Ferrand St, Monroe, LA - 71201"
Moore Norman Technology Center,-97.457319,35.274434,"4701 12th Avenue NW, Norman, OK - 73069-8308"
Fayette County Career & Technical Institute Practical Nursing Program,-79.741718,39.860976,"175 Georges Fairchance Rd, Uniontown, PA - 15401"
Franklin County Career and Technology Center,-77.680541,39.897693,"2463 Loop Road, Chambersburg, PA - 17202"
Paul Mitchell the School-Knoxville,-84.057621,35.92271,"8380 Kingston Pike, Knoxville, TN - 37919"
Ogle School Hair Skin Nails-Hurst,-97.201403,32.822035,"720-B Arcadia Street, Hurst, TX - 76053-4650"
Tennessee College of Applied Technology Nashville,-86.856335,36.132649,"100 White Bridge Rd, Nashville, TN - 37209-4515"
ECPI University,-76.178773,36.842526,"5555 Greenwich Rd, Virginia Beach, VA - 23462"
Ms Roberts Academy of Beauty Culture,-87.884693,41.881179,"552 North Mannheim Road, Hillside, IL - 60162-1121"
Paul Mitchell the School-Houston,-95.559723,29.785868,"10516 Katy Fwy, Suite A, Houston, TX - 77043"
Fortis Institute-Forty Fort,-75.882975,41.281911,"166 Slocum Street, Forty Fort, PA - 18704-2936"
Laurel Business Institute,-79.724907,39.90248,"11 East Penn St, Uniontown, PA - 15401"
Aviation Institute of Maintenance-Philadelphia,-75.007237,40.070184,"3001 Grant Avenue, Philadelphia, PA - 19114-1018"
Dorsey College-Roseville,-82.915541,42.527764,"31450 Gratiot Avenue, Roseville, MI - 48066"
Moler-Pickens Beauty Academy,-84.499701,39.317488,"5951-S Boymel Dr., Fairfield, OH - 45014"
Red River Technology Center,-97.99029,34.491393,"3300 W Bois D Arc, Duncan, OK - 73533"
Southern Union State Community College,-85.572382,33.128785,"750 Roberts St, Wadley, AL - 36276"
South University-Columbia,-80.961839,34.098042,"9 Science Court, Columbia, SC - 29203"
Clinton Technical School,-93.768459,38.363669,"602 S. Fifth St., Clinton, MO - 64735"
Greene County Career and Technology Center,-80.151066,39.893537,"158 Portal Road, Waynesburg, PA - 15370-8281"
Lac Courte Oreilles Ojibwe University,-91.365002,45.942252,"13466 W Trepania Rd, Hayward, WI - 54843"
Diesel Driving Academy-Shreveport,-93.794921,32.47617,"3523 Greenwood Road, Shreveport, LA - 71109-5209"
Pima Medical Institute-Mesa,-111.87417,33.396878,"957 S. Dobson Road, Mesa, AZ - 85202"
Platt College-Los Angeles,-118.150013,34.081723,"1000 South Fremont Avenue, A9W, Alhambra, CA - 91803"
Platt College-Aurora,-104.899235,39.613133,"5660 Greenwood Plaza Blvd Suite 100 N, Greenwood Village, CO - 80111"
Paul Mitchell the School-Boise,-116.286058,43.594479,"1270 S Vinnell Way, Boise, ID - 83709"
Educators of Beauty College of Cosmetology-Rockford,-88.98081,42.268515,"6943 East State Street, Rockford, IL - 61108"
Northwestern College,-87.742567,41.721406,"9400 S Cicero Ave., Oak Lawn, IL - 60453"
Douglas J Aveda Institute,-84.480467,42.734606,"331 East Grand River Ave, East Lansing, MI - 48823"
Ross Medical Education Center-Brighton,-83.796918,42.548468,"8110 Murphy Drive, Brighton, MI - 48116-7402"
Ross Medical Education Center-Ann Arbor,-83.666667,42.25294,"4741 Washtenaw, Ann Arbor, MI - 48108-1411"
Dorsey School of Beauty,-83.259322,42.254745,"23125 Ecorse Rd, Taylor, MI - 48180-1866"
Pike-Lincoln Technical Center,-91.019918,39.245484,"342 Vo-Tech Rd, Eolia, MO - 63344-0038"
West Virginia Junior College-United Career Institute,-79.652374,39.950525,"Mount Braddock Road, Mount Braddock, PA - 15465"
St Charles Community College,-90.641105,38.759703,"4601 Mid Rivers Mall Dr, Cottleville, MO - 63376-0975"
University of Massachusetts Global,-117.769012,33.656401,"16355 Laguna Canyon Road, Irvine, CA - 92618"
New College of Florida,-82.55858,27.384925,"5800 Bay Shore Road, Sarasota, FL - 34243-2109"
Montana Bible College,-108.615675,45.741788,"1519 S. Shiloh Road, Billings, MT - 59106"
Conservatory of Recording Arts and Sciences,-111.889544,33.407853,"2300 E Broadway Rd, Tempe, AZ - 85282-1707"
Adrian's Beauty College of Turlock,-120.863784,37.491448,"1340 W Main St, Turlock, CA - 95380"
San Joaquin Valley College-Fresno,-119.784003,36.829907,"295 East Sierra Avenue, Fresno, CA - 93710-3616"
Dr. Ida Rolf Institute,-105.203076,40.066263,"5055 Chaparral Court, Suite 103, Boulder, CO - 80301-0000"
Aveda Institute-Fort Myers,-81.870312,26.596006,"2040 Colonial Blvd, Fort Myers, FL - 33907"
Elizabeth Grady School of Esthetics and Massage Therapy,-71.12623,42.414728,"222 Boston Avenue, Medford, MA - 02155"
Ross Medical Education Center-Port Huron,-82.452984,43.024632,"2887 Krafft Road, Suite 700, Port Huron, MI - 48060-1530"
Raphael's School of Beauty Culture Inc-Alliance,-81.152086,40.902642,"2445 W. State St., Alliance, OH - 44601"
Metro Technology Centers,-97.478182,35.512549,"1900 Springlake Drive, Oklahoma City, OK - 73111-5240"
Luna Community College,-105.250865,35.616303,"336 Luna Drive, Las Vegas, NM - 87701"
Grabber School of Hair Design,-90.390799,38.557164,"9833 Watson Road, St. Louis, MO - 63126"
Yeshivah Gedolah Rabbinical College,-80.141334,25.782445,"1140 Alton Rd, Miami Beach, FL - 33139"
Raphael's School of Beauty Culture Inc-Brunswick,-81.806142,41.240245,"3307 Center Rd., Brunswick, OH - 44212"
Caribbean University-Ponce,-66.59425,18.006633,"AVE. EDNITA NAZARIO #1015, Ponce, PR - 00716-7733"
Caribbean University-Vega Baja,-66.40315,18.444882,"Carr 671 K.M. 5, Sector El Criollo, Bo. Algarrobo, Vega Baja, PR - 00964"
University of Advancing Technology,-111.976087,33.377712,"2625 W Baseline Rd, Tempe, AZ - 85283"
Paradise Valley Community College,-112.009865,33.652135,"18401 N 32nd St, Phoenix, AZ - 85032"
Chandler-Gilbert Community College,-111.795922,33.293897,"2626 E Pecos Rd, Chandler, AZ - 85225-2499"
Great Plains Technology Center,-98.450321,34.592907,"4500 SW Lee Blvd, Lawton, OK - 73505-8399"
Roane-Jackson Technical Center,-81.561142,38.82254,"9450 Spencer Rd, Leroy, WV - 25252-9700"
Pioneer Technology Center,-97.093516,36.72772,"2101 N Ash, Ponca City, OK - 74601"
Portage Lakes Career Center,-81.472008,40.943122,"4401 Shriver Rd, Uniontown, OH - 44685"
Bell Mar Beauty College,-87.767244,41.850656,"5717  W. Cermak Road, Cicero, IL - 60804"
Caddo Kiowa Technology Center,-98.443443,35.108561,"1415 N. 7th Street, Fort Cobb, OK - 73038-0190"
"Center for Instruction, Technology & Innovation",-76.259308,43.457841,"179 County  Route 64, Mexico, NY - 13114"
International School of Skin Nailcare & Massage Therapy,-84.359649,33.971309,"7840 Roswell Road Building 500 Suite 550, Sandy Springs, GA - 30350"
Palomar Institute of Cosmetology,-117.188351,33.13663,"355 Via Vera Cruz #3, San Marcos, CA - 92078"
Southern Oklahoma Technology Center,-97.082971,34.186239,"2610 Sam Noble Parkway, Ardmore, OK - 73401"
Autry Technology Center,-97.89719,36.419122,"1201 W Willow, Enid, OK - 73703-2506"
Greene County Career Center,-83.915659,39.662386,"532 Innovation Drive, Xenia, OH - 45385-9545"
Canadian Valley Technology Center,-97.881967,35.509208,"6505 E Hwy 66, El Reno, OK - 73036-9117"
Wilkes-Barre Area Career and Technical Center Practical Nursing,-75.810121,41.262154,"350 Jumper Rd, Wilkes Barre, PA - 18705-0699"
Meridian Technology Center,-97.108414,36.106981,"1312 South Sangre Road, Stillwater, OK - 74074-1899"
Waynesville Career Center,-92.21393,37.811315,"400 G. W. Lane, Waynesville, MO - 65583"
Capitol Beauty School,-96.082248,41.209501,"10803 John Galt Blvd., Omaha, NE - 68137-2325"
Morris County Vocational School District,-74.479263,40.877531,"400 E Main St, Denville, NJ - 07834"
Ross Medical Education Center-Roosevelt Park,-86.267098,43.191474,"950 W. Norton Avenue, Suite D, Roosevelt Park, MI - 49441-4188"
Ross Medical Education Center-Kentwood,-85.605379,42.880955,"4528 Breton S.E., Kentwood, MI - 49508-5271"
South Florida Bible College and Theological Seminary,-80.134508,26.30294,"2200 SW 10th Street, Deerfield Beach, FL - 33442"
Cloyd's Barber School 2 Inc,-92.090159,32.485377,"1311 Winnsboro Rd, Monroe, LA - 71201"
Universal Technical Institute of Illinois Inc,-88.104,41.80697,"2611 Corporate West Drive, Lisle, IL - 60532-0000"
Pennsylvania College of Technology,-77.023665,41.234145,"One College Ave, Williamsport, PA - 17701-5799"
Commonwealth Institute of Funeral Service,-95.430153,29.989545,"415 Barren Springs Dr, Houston, TX - 77090-5918"
Delta College of Arts & Technology,-91.113841,30.463619,"7380 Exchange Place, Baton Rouge, LA - 70806-1529"
InterCoast Colleges-Santa Ana,-117.85367,33.70497,"1720 E. Garry Ave, Suite 103, Santa Ana, CA - 92705"
Stone Child College,-109.870182,48.289808,"8294 Upper Box Elder Road, Box Elder, MT - 59521-9796"
New York Academy of Art,-74.006019,40.718388,"111 Franklin St, New York, NY - 10013-2911"
Suffolk County Community College,-73.056165,40.848963,"533 College Rd, Selden, NY - 11784-2899"
Las Positas College,-121.80058,37.710873,"3000 Campus Hill Drive, Livermore, CA - 94551-7650"
Blades School of Hair Design,-76.48376,38.286299,"22576-316 MacArthur Blvd, California, MD - 20619"
Ogeechee Technical College,-81.818517,32.395767,"One Joseph E. Kennedy Blvd, Statesboro, GA - 30458"
Remington College-Mobile Campus,-88.143941,30.67173,"4368 DOWNTOWNER LOOP S, Mobile, AL - 36609"
Southern Technical College,-81.877644,26.596097,"1685 Medical Lane, Fort Myers, FL - 33907-1108"
Mercy-St Luke's School of Radiologic Technology,-91.660609,41.985552,"1026 A Ave NE, Cedar Rapids, IA - 52402"
Southwest Acupuncture College-Santa Fe,-105.95544,35.6607,"2100 Calle de la Vuelta, Suite D103, Santa Fe, NM - 87505"
Northwest Technology Center-Alva,-98.675711,36.786733,"1801 11th St, Alva, OK - 73717"
Mercer County Career Center,-80.248614,41.250851,"776 Greenville Rd, Mercer, PA - 16137"
California State University-San Marcos,-117.159013,33.130569,"333 S Twin Oaks Valley Rd, San Marcos, CA - 92096-0001"
Hairmasters Institute of Cosmetology,-88.979453,40.474796,"506 S McClun St, Bloomington, IL - 61701"
Tricoci University of Beauty Culture LLC-Bloomington,-86.536403,39.181606,"1681 N. College Ave, Bloomington, IN - 47404"
Interactive College of Technology-Newport,-84.479078,39.084818,"76 Carothers Road, Newport, KY - 41071"
Miller-Motte College-McCann-Monroe,-92.10098,32.524328,"2319 Louisville Ave, Monroe, LA - 71201"
Ross Medical Education Center-Taylor,-83.250307,42.194933,"22311 Eureka Road, Taylor, MI - 48180-6016"
National Tractor Trailer School Inc-Liverpool,-76.193341,43.140652,"4650 Buckley Rd, Liverpool, NY - 13088-0208"
Interactive College of Technology,-95.539975,29.734143,"2950 S. Gessner, Houston, TX - 77063"
Butler Beauty Academy-New Castle Beauty Academy,-80.341891,40.999207,"314 E Washington St, New Castle, PA - 16101"
NorthWest Arkansas Community College,-94.17289,36.357704,"One College Drive, Bentonville, AR - 72712-5091"
H W Brewster Technical College,-82.461722,27.96373,"2222 N. Tampa Street, Tampa, FL - 33602"
Hodges University,-81.821419,26.610865,"4501 Colonial Blvd, Fort Myers, FL - 33966"
University of St. Augustine for Health Sciences,-117.165964,33.151849,"700 Windy Point Drive, San Marcos, CA - 92069"
Capital Area Career Center,-89.626262,39.718311,"2201 Toronto Rd, Springfield, IL - 62712-3803"
Hair Professionals Career College,-87.816614,41.702881,"10321 S Roberts Rd, Palos Hills, IL - 60465"
Empire Beauty School-Bloomfield,-74.199706,40.79497,"15 Ward Street, Bloomfield, NJ - 07003"
Southwest Technology Center,-99.341161,34.668194,"711 W. Tamarack, Altus, OK - 73521"
Western Area Career & Technology Center,-80.246117,40.254722,"688 Western Avenue, Canonsburg, PA - 15317"
Hussian College-Daymar College Clarksville,-87.312856,36.582865,"2691 Trenton Road, Clarksville, TN - 37040"
Nossi College of Art and Design,-86.738561,36.24323,"590 Creative Way, Nashville, TN - 37115"
Seguin Beauty School-New Braunfels,-98.125943,29.70187,"214 W San Antonio Street, New Braunfels, TX - 78130"
Pima Medical Institute-Seattle,-122.326844,47.699144,"9709 Third Ave NE Suite 400, Seattle, WA - 98115"
Mineral County Vocational Technical Center,-78.987462,39.427976,"981 Harley O Staggers Sr Dr, Keyser, WV - 26726"
Hypnosis Motivation Institute,-118.538719,34.170219,"18607 Ventura Blvd Ste 310, Tarzana, CA - 91356-4159"
Thanh Le College School of Cosmetology,-117.908306,33.789713,"12875 chapman ave, Garden Grove, CA - 92840"
Southeastern Technical College,-82.365827,32.20393,"3001 E First St, Vidalia, GA - 30474"
Massachusetts School of Law,-71.19954,42.682106,"500 Federal St Woodland Park, Andover, MA - 01810"
Universal Technical Institute-Auto Motorcycle & Marine Mechanics Institute Division-Orlando,-81.407041,28.420257,"2202 West Taft Vineland Road, Orlando, FL - 32837"
Erwin Technical College,-82.435933,27.997242,"2010 E. Hillsborough Avenue, Tampa, FL - 33610-8299"
Rosel School of Cosmetology,-87.838131,42.050202,"307 Golf Mill Center, Niles, IL - 60714"
Worsham College of Mortuary Science,-87.927374,42.147858,"495 Northgate Pkwy, Wheeling, IL - 60090-2646"
Bryan University,-93.248107,37.135397,"4255 S Nature Center Way, Springfield, MO - 65804"
Oregon College of Oriental Medicine,-122.671099,45.524121,"75 NW Couch, Portland, OR - 97209"
Central Pennsylvania Institute of Science and Technology,-77.740923,40.882168,"540 N Harrison Rd, Pleasant Gap, PA - 16823"
Northwest Educational Center,-95.473149,29.813796,"2910 Antoine B-100, Houston, TX - 77092"
PCI Health Training Center,-96.876316,32.82007,"8101 John Carpenter Fwy, Dallas, TX - 75247-4720"
Hamrick School,-81.728742,41.135812,"1156 Medina Rd, Medina, OH - 44256"
Fortis College,-88.205581,30.68413,"7033 Airport Blvd., Mobile, AL - 36608"
Downey Adult School,-118.115727,33.91965,"12340 Woodruff Ave., Downey, CA - 90241"
CRU Institute of Cosmetology and Barbering,-118.030758,33.790145,"11889 Valley View St Suite C, Garden Grove, CA - 92845-4321"
Modern Technology School,-117.918837,33.723142,"16560 Harbor Blvd., Suite K, Fountain Valley, CA - 92708-9821"
National Career Education,-121.273917,38.679835,"6249 Sunrise Blvd, Citrus Heights, CA - 95610"
North-West College-Glendale,-118.255462,34.148981,"221 North Brand, Glendale, CA - 91203"
Fremont University,-118.097019,33.868382,"18000 Studebaker Road Suite 900A, Cerritos, CA - 90703"
Pomona Unified School District Adult and Career Education,-117.720478,34.061736,"1444 E. Holt Avenue Suite 100, Pomona, CA - 91767"
Universal College of Beauty Inc-Los Angeles 2,-118.332236,34.004498,"3419 W 43rd Place, Los Angeles, CA - 90008"
IBMC College,-105.078989,40.534067,"3842 South Mason Street, Fort Collins, CO - 80525"
Avalon Institute-Aurora,-104.848602,39.676308,"2231 S Peoria Street, Aurora, CO - 80014"
Academy of Cosmetology,-80.70372,28.394053,"2088 N. Courtenay Parkway, Merritt Island, FL - 32953"
Fortis College-Smyrna,-84.543009,33.900255,"2140 South Cobb Drive, Smyrna, GA - 30080-1348"
Ross College-Davenport,-90.550669,41.555054,"1801 East Kimberly Road, Suite B, Davenport, IA - 52807-2095"
Pivot Point Academy,-88.076665,41.955935,"144 East Lake Street, Suite C, Bloomingdale, IL - 60108-0000"
Blalock's Professional Beauty College,-93.783796,32.426523,"8101 Kingston Rd Ste 103, Shreveport, LA - 71108-5745"
Diesel Driving Academy-Baton Rouge,-91.103287,30.465289,"8067 Airline Hwy, Baton Rouge, LA - 70815"
New England Hair Academy,-71.067282,42.427969,"492-500 Main St, Malden, MA - 02148"
Rob Roy Academy-Worcester,-71.807728,42.263673,"150 Pleasant St, Worcester, MA - 01609"
Upper Cape Cod Regional Technical School,-70.578837,41.745328,"220 Sandwich Road, Bourne, MA - 02532"
All-State Career-Baltimore,-76.544942,39.264664,"2200 Broening Hwy Ste 160, Baltimore, MD - 21224"
Adler Graduate School,-93.410236,44.893479,"10225 Yellow Circle Dr., Minnetonka, MN - 55343"
Academy of Hair Design-Jackson,-90.147044,32.376376,"5420 I-55 Frontage Rd N, Jackson, MS - 39211"
KC's School of Hair Design,-89.015947,34.256411,"280 Turnpike Rd, Pontotoc, MS - 38863-0000"
Lincoln Technical Institute-Moorestown,-74.955631,39.94847,"308 Route 38 W, Moorestown, NJ - 08057"
MCVSD,-74.249254,40.265559,"4000 Kozloski Rd, Freehold, NJ - 07728-5033"
National Tractor Trailer School Inc-Buffalo,-78.856393,42.864978,"175 Katherine St, Buffalo, NY - 14210-2007"
Yeshiva Gedolah Imrei Yosef D'spinka,-73.992328,40.628468,"1466 56th St, Brooklyn, NY - 11219"
Knox County Career Center,-82.475117,40.375889,"308 Martinsburg Rd, Mount Vernon, OH - 43050"
Madison Adult Career Center,-82.460912,40.774328,"600 Esley Ln, Mansfield, OH - 44905"
Remington College-Cleveland Campus,-81.579347,41.422951,"14445 Broadway Ave, Cleveland, OH - 44125-1957"
Toledo Academy of Beauty Culture-East,-83.469064,41.638647,"3341 NAVARRE AVE., OREGON, OH - 43616"
Brown & Clermont Adult Career Campuses,-84.094071,38.969393,"718 West Plane Street, Bethel, OH - 45106"
Chisholm Trail Technology Center,-98.20184,35.84221,"283 State Highway 33, Omega, OK - 73764-6335"
Gordon Cooper Technology Center,-96.908013,35.380321,"1 John C Bruton Blvd, Shawnee, OK - 74804"
Kiamichi Technology Center-McAlester,-95.745999,34.924173,"301 Kiamichi Dr, McAlester, OK - 74501"
YTI Career Institute-Altoona,-78.401194,40.485879,"3200 Pleasant Boulevard, Suite A, Altoona, PA - 16601"
Eastern Center for Arts and Technology,-75.108649,40.158437,"3075 Terwood Rd, Willow Grove, PA - 19090"
Empire Beauty School-Center City Philadelphia,-75.166566,39.950921,"1522 Chestnut St, Philadelphia, PA - 19102-2701"
CEM College-Humacao,-65.821107,18.148771,"8 Dr Vidal St, Humacao, PR - 00791-4210"
Colegio Mayor de Tecnologia Inc,-66.060473,17.970907,"151, Morse Street, Arroyo, PR - 00714-0270"
Institucion Chaviano de Mayaguez,-67.137002,18.200763,"Calle Ramos Antonini #116 Este, Mayaguez, PR - 00680"
Liceo de Arte-Dise-O y Comercio,-66.034057,18.233122,"42-49 Acosta St, Caguas, PR - 00725"
Universal Technology College of Puerto Rico,-67.155628,18.42812,"111 Comercio St, Aguadilla, PR - 00603"
Academy of Hair Technology,-82.327426,34.874681,"3715 E North St Ste F, Greenville, SC - 29615-2363"
Mr Wayne's School of Unisex Hair Design,-85.512381,36.158772,"170 S Willow Ave, Cookeville, TN - 38501"
Queen City College,-87.408706,36.573521,"1594 Fort Campbell Blvd, Clarksville, TN - 37042"
College of the Marshall Islands,171.378129,7.102688,"Oceanside Uliga - PO Box 1258, Majuro, MH - 96960"
Remington College-Fort Worth Campus,-97.24061,32.847676,"5555 Rufe Snow Drive, Suite 150, North Richland Hills, TX - 76180"
UCAS University of Cosmetology Arts & Sciences,-98.484836,29.354354,"910 Southeast Military, Suite 100, San Antonio, TX - 78214"
School of Automotive Machinists & Technology,-95.476017,29.805166,"1911 Antoine Drive, Houston, TX - 77055-1803"
Nuvani Institute,-98.498977,29.457062,"2402 San Pedro Ave., San Antonio, TX - 78212-1901"
Nuvani Institute,-100.506009,28.707864,"272 Commerical St, Eagle Pass, TX - 78852-4859"
Texas College of Cosmetology-Abilene,-99.747159,32.448891,"117 Sayles Blvd., Abilene, TX - 79605"
Centura College-Newport News,-76.517328,37.140484,"616 Denbigh Blvd., Newport News, VA - 23608"
Centura College-Norfolk,-76.232569,36.908434,"7020 North Military Highway, Norfolk, VA - 23518-4833"
Virginia Beach City Public Schools School of Practical Nursing,-76.074108,36.743065,"2925 N Landing Rd, Virginia Beach, VA - 23456-2499"
Northwest College of Art & Design,-122.43885,47.25249,"1126 Pacific Avenue, Suite 101, Tacoma, WA - 98402"
University of Washington-Bothell Campus,-122.191293,47.759773,"18115 Campus Way NE, Bothell, WA - 98011-8246"
University of Washington-Tacoma Campus,-122.438541,47.244594,"1900 Commerce St, Tacoma, WA - 98402-3100"
Huntington School of Beauty Culture,-82.325688,38.410212,"5636 U.S. Route 60 East, Huntington, WV - 25705-2030"
Valley College-Beckley,-81.187539,37.789287,"120 New River Town Center, Beckley, WV - 25801"
Valley College-Martinsburg,-77.959272,39.486897,"287 Aikens Ctr Edwin Miller Blvd, Martinsburg, WV - 25404-6203"
Bellus Academy-Poway,-117.042531,32.957184,"13266 Poway Rd, Poway, CA - 92064"
Capstone College,-118.149478,34.165741,"1200 N. Fair Oaks Ave Suite 32, Pasadena, CA - 91103"
Central Coast College,-121.652394,36.706345,"111 E Navajo Drive, Suite 100, Salinas, CA - 93906"
Pacific College of Health and Science,-117.16073,32.778391,"7445 Mission Valley Rd Ste 105, San Diego, CA - 92108-4407"
Artistic Nails and Beauty Academy-Tampa,-82.403486,27.951358,"4951-A Adamo Drive Ste 120, Tampa, FL - 33605"
National Aviation Academy of Tampa Bay,-82.721372,27.89484,"6225 Ulmerton Road, Clearwater, FL - 33760"
Madison Oneida BOCES-Practical Nursing Program,-75.560043,43.141074,"4937 Spring Rd, Verona, NY - 13478-0168"
College of Health Care Professions,-95.420012,29.678462,"2616 S. Loop West Suite 201, Houston, TX - 77054"
Center for Advanced Legal Studies,-95.558831,29.75302,"800 W Sam Houston Parkway S, Suite 100, Houston, TX - 77042-1912"
Houston Training School-Main Campus,-95.24417,29.77291,"10314 I-10 East Fwy, Houston, TX - 77029"
Bay Mills Community College,-84.606312,46.45482,"12214 W Lakeshore Dr, Brimley, MI - 49715"
Fond du Lac Tribal and Community College,-92.451326,46.690069,"2101 14th St, Cloquet, MN - 55720-2342"
Northwest Indian College,-122.614656,48.794131,"2522 Kwina Rd, Bellingham, WA - 98226-9217"
Provo College,-111.68431,40.245294,"1450 W 820 N, Provo, UT - 84601"
CET-Coachella,-116.185875,33.692248,"49-111 Highway 111, Ste. 5, Coachella, CA - 92236"
CET-Oxnard,-119.18145,34.194208,"761 South C St, Oxnard, CA - 93030"
CET-Santa Maria,-120.441978,34.943576,"509 W Morrison Ave, Santa Maria, CA - 93458"
Colorado Chinese Medicine University,-104.960118,39.739437,"1441 York St Ste 302, Denver, CO - 80206"
Michigan College of Beauty-Troy,-83.12734,42.570337,"3498 Rochester Rd, Troy, MI - 48083"
Ogle School Hair Skin Nails-Dallas,-96.754693,32.836833,"6333 East Mockingbird Lane, Suite 201, Dallas, TX - 75214-2389"
Phoenix Seminary,-111.910665,33.581645,"7901 E. Shea Blvd., Scottsdale, AZ - 85260"
Faust Institute of Cosmetology-Spirit Lake,-95.113596,43.42141,"1543 18th Street, Spirit Lake, IA - 51360"
Cheeks Beauty Academy,-105.078334,40.445169,"5010 Granite Street, Loveland, CO - 80538"
Colorado School of Healing Arts,-105.082406,39.697033,"7655 W Mississippi Ste 300, Lakewood, CO - 80226"
Mt. Diablo Adult Education-Mt. Diablo USD,-122.026805,37.968852,"Loma Vista Adult Center - 1266 San Carlos Avenue., Concord, CA - 94518-1199"
Greater Lowell Technical School,-71.38618,42.653908,"250 Pawtucket Blvd, Tyngsboro, MA - 01879"
Academy of Hair Design-Pearl,-90.115129,32.281983,"3167 Hwy 80 E, Pearl, MS - 39208"
Genesis Career College-Lebanon,-86.337952,36.21618,"1505 Noah Court, Lebanon, TN - 37087"
Southwest College for the Deaf,-101.50294,32.226498,"3200 Ave C, Big Spring, TX - 79720-7298"
Fortis College-Richmond,-77.488437,37.58153,"2000 Westmoreland Street, Suite A, Richmond, VA - 23230"
Midwest College of Oriental Medicine-Racine,-87.856679,42.678051,"6232 Bankers Road, Racine, WI - 53403-9747"
Hacienda La Puente Adult Education,-117.979139,34.043301,"14101 E. Nelson Ave, La Puente, CA - 91746-0002"
La Belle Beauty Academy,-80.241978,25.764817,"2960 SW 8th St, Miami, FL - 33135"
Hawaii Community College,-155.069653,19.704756,"1175 Manono Street, Hilo, HI - 96720-5096"
Robert Fiance Beauty Schools-North Plainfield,-74.427019,40.622543,"121 Watchung Ave, North Plainfield, NJ - 07060"
Long Island Beauty School-Hauppauge,-73.200285,40.828573,"544 Rte 111, Hauppauge, NY - 11788"
Buckeye Joint Vocational School,-81.401957,40.470531,"545 University Dr NE, New Philadelphia, OH - 44663-9450"
Sandusky Career Center,-82.766473,41.440957,"4501 Venice Heights Blvd., Sandusky, OH - 44870"
Greater Altoona Career & Technology Center,-78.398094,40.508337,"1500 Fourth Avenue, Altoona, PA - 16602-3616"
Central Texas Beauty College-Temple,-97.379234,31.084871,"2010 South 57th Street, Temple, TX - 76504-6948"
Erie 2 Chautauqua Cattaraugus BOCES-Practical Nursing Program,-79.387599,42.110198,"8685 Erie Rd, Angola, NY - 14006"
Empire Beauty School-Brooklyn,-73.989884,40.599279,"2384 86th St, Brooklyn, NY - 11214"
Eastern New Mexico University Ruidoso Branch Community College,-105.677273,33.346376,"709 Mechem Dr, Ruidoso, NM - 88345"
UEI College-Ontario,-117.547733,34.0694,"4730 Ontario Mills Parkway, Ontario, CA - 91764-5574"
UEI College-Reseda,-118.526784,34.200881,"18040 Sherman Way, Reseda, CA - 91335-4631"
Beacon College,-81.87415,28.811281,"105 E Main St, Leesburg, FL - 34748"
Acupuncture and Integrative Medicine College-Berkeley,-122.267636,37.862754,"2550 Shattuck Avenue, Berkeley, CA - 94704"
Estrella Mountain Community College,-112.343158,33.480722,"3000 N Dysart Rd, Avondale, AZ - 85392-1000"
Heartland Community College,-89.014776,40.53301,"1500 West Raab Road, Normal, IL - 61761-9446"
University of the Potomac-Washington DC Campus,-77.032531,38.90054,"1401 H Street NW, Washington, DC - 20005"
Rabbi Jacob Joseph School,-74.397954,40.501001,"One Plainfield Ave, Edison, NJ - 08817-4494"
The Salon Professional Academy-Melbourne,-80.651439,28.081445,"1700 W. New Haven Avenue - Ste 540A, Melbourne, FL - 32904"
Albert Einstein College of Medicine,-73.846327,40.852847,"1300 Morris Park Avenue, Bronx, NY - 10461-1900"
Fortis Institute-Scranton,-75.651683,41.417104,"517 Ash Street, Scranton, PA - 18509-2903"
Everglades University,-80.108331,26.391218,"5002 T-Rex Avenue, Suite 100, Boca Raton, FL - 33431"
Seminar L'moros Bais Yaakov,-73.985376,40.634863,"4409 15th Ave, Brooklyn, NY - 11219"
Herzing University-Orlando,-81.312669,28.615784,"1865 SR 436, Winter Park, FL - 32792"
Cortiva Institute,-80.150541,26.275351,"2001 W Sample Rd Ste 100, Pompano Beach, FL - 33064"
College of Biblical Studies-Houston,-95.506559,29.716676,"7000 Regency Square Blvd., Houston, TX - 77036-3211"
Mid-EastCTC-Adult Education,-81.976056,39.937192,"400 Richards Rd, Zanesville, OH - 43701"
Polaris Career Center,-81.832474,41.3644,"7285 Old Oak Blvd, Middleburg Heights, OH - 44130-3375"
P&A Scholars Beauty School,-83.157878,42.376091,"12001 Grandriver Avenue, Detroit, MI - 48204"
Sharp's Academy of Hairstyling,-83.624526,42.912036,"8166 N Holly Rd, Grand Blanc, MI - 48439"
The College of Health Care Professions-Northwest,-95.485204,29.836247,"12230 Northwest Freeway, Houston, TX - 77092"
"School of Professional Horticulture, New York Botanical Garden",-73.878164,40.866742,"2900 Southern Blvd., Bronx, NY - 10458-5126"
Fortis College,-95.64832,29.732861,"1201 West Oaks Mall, Houston, TX - 77082"
UEI College-Gardena,-118.287234,33.893016,"661 West Redondo Beach Boulevard, Gardena, CA - 90247-4201"
Asian-American International Beauty College,-117.991643,33.759524,"7871 Westminster Blvd, Westminster, CA - 92683"
Copper Mountain Community College,-116.213939,34.140464,"6162 Rotary Way, Joshua Tree, CA - 92252"
Diversified Vocational College,-118.272364,34.056102,"1670 Wilshire Blvd, Los Angeles, CA - 90017-1604"
UEI College-Fresno,-119.789002,36.782858,"3602 N. Blackstone, Suite 0268, Fresno, CA - 93726-5398"
Santiago Canyon College,-117.766762,33.795449,"8045 E Chapman, Orange, CA - 92869-4512"
Southern California Institute of Technology,-117.950661,33.8381,"525 N. Muller Street, Anaheim, CA - 92801-3758"
Soka University of America,-117.735344,33.554546,"1 University Drive, Aliso Viejo, CA - 92656-8081"
Summit College,-117.26818,34.072073,"804 E Brier Dr, San Bernardino, CA - 92408"
Advance Beauty College,-117.952637,33.759905,"10121 Westminster Ave, Garden Grove, CA - 92843"
Los Angeles Pacific College,-118.295073,34.062096,"3325 Wilshire Boulevard Suite 550, Los Angeles, CA - 90010-1758"
World Mission University,-118.289484,34.064918,"500 Shatto Pl Ste 600, Los Angeles, CA - 90020"
Yo San University of Traditional Chinese Medicine,-118.442756,33.993287,"13315 W. Washington Boulevard, Los Angeles, CA - 90066"
John Amico School of Hair Design,-87.736464,41.613957,"15301 South Cicero Avenue, Oak Forest, IL - 60452-2501"
Delta College Inc,-90.086695,30.467468,"19231 N. 6th Street, Covington, LA - 70433-8947"
Tri-State Cosmetology Institute,-106.3372,31.749969,"1120 Vista de Oro Dr, El Paso, TX - 79935"
Frontier Community College,-88.392194,38.380271,"2 Frontier Drive, Fairfield, IL - 62837"
Lincoln Trail College,-87.689001,39.01958,"11220 State Hwy 1, Robinson, IL - 62454"
Wabash Valley College,-87.778448,38.42889,"2200 College Drive, Mount Carmel, IL - 62863"
Brookline College-Tempe,-111.961365,33.4163,"1140-1150 S. Priest Drive, Tempe, AZ - 85281"
Inter American University of Puerto Rico-School of Optometry,-66.182473,18.351631,"500 John Will Harris Avenue, Bayamon, PR - 00957"
Schiller International University,-82.459292,27.947866,"400 N Tampa St. Suite 1700, Tampa, FL - 33602"
Coconino Community College,-111.645631,35.171328,"2800 S. Lone Tree Rd., Flagstaff, AZ - 86005-2701"
University System of Maryland-Research Centers,-76.605479,39.286077,"701 E. Pratt St., Baltimore, MD - 21201"
Emma's Beauty Academy-Juana Diaz,-66.504191,18.041587,"101 Carr 592, Juana Diaz, PR - 00795"
Brillare Beauty Institute,-84.881446,35.191417,"1605 Professional Park Drive NW, Cleveland, TN - 37312-3862"
Pima Medical Institute-Denver,-105.00252,39.831679,"7475 Dakin St. Suite 100, Denver, CO - 80221"
Ohio State School of Cosmetology-Heath,-82.440975,40.03011,"789 Hebron Road, Ste J, Heath, OH - 43056"
Yeshivas Novominsk,-73.989968,40.623395,"1690 60th Street, Brooklyn, NY - 11204-2138"
Southern Careers Institute-Corpus Christi,-97.363145,27.68504,"2422 Airline Road, Corpus Christi, TX - 78414"
Rabbinical College of Ohr Shimon Yisroel,-73.956772,40.704389,"215-217 Hewes St, Brooklyn, NY - 11211"
Carroll Community College,-76.991113,39.531805,"1601 Washington Rd, Westminster, MD - 21157"
Galen College of Nursing-Tampa Bay,-82.648151,27.865391,"10200 Dr. Martin Luther King Jr. Street N, Saint Petersburg, FL - 33716"
Galen College of Nursing-San Antonio,-98.585653,29.507685,"7411 John Smith Drive, Suite 1400, San Antonio, TX - 78229"
Sarasota School of Massage Therapy,-82.485901,27.389606,"5899 Whitfield Ave Suite 300, Sarasota, FL - 34243-6130"
Schuyler Steuben Chemung Tioga Allegany BOCES,-76.837531,42.148617,"459 Philo Road, Elmira, NY - 14903"
Delaware Chenango Madison Otsego BOCES-Practical Nursing Program,-75.520079,42.585293,"6678 County Rd 32, Norwich, NY - 13815-3554"
Central Susquehanna Intermediate Unit LPN Career,-76.850178,40.970401,"15 Lawton Lane, Milton, PA - 17847"
Myotherapy Massage College,-111.871866,40.686411,"3950 South 700 East, Suite 100, Millcreek City, UT - 84107"
City College-Gainesville,-82.417302,29.654852,"7001 N.W. 4th Blvd., Gainesville, FL - 32607"
G Skin & Beauty Institute,-87.949684,41.851403,"1200 Harger Road, Suite 100, Oakbrook, IL - 60523"
Cosmetology Training Center,-92.073116,30.180961,"5520 Johnston Street, Suite H2, Lafayette, LA - 70503"
Stage One-The Hair School,-93.221606,30.195982,"209 W College St, Lake Charles, LA - 70605"
Empire Beauty School-Malden,-71.076619,42.427368,"347 Pleasant St, Malden, MA - 02148"
Stephanie Moss Academy,-96.044713,41.201963,"8516 Park Drive, Omaha, NE - 68127-3622"
Orlo School of Hair Design and Cosmetology,-73.784587,42.674053,"232 North Allen St, Albany, NY - 12206"
Eastland-Fairfield Career and Technical Schools,-82.884305,39.88667,"4300 Amalgamated Place, Groveport, OH - 43125-9236"
Empire Beauty School-Cincinnati,-84.588841,39.22325,"8419 Colerain Ave, Cincinnati, OH - 45239"
Mahoning County Career and Technical Center,-80.787668,41.032696,"7300 N Palmyra Rd., Canfield, OH - 44406-9710"
Pickaway Ross Joint Vocational School District,-83.0027,39.362601,"1410 Industrial Drive, Chillicothe, OH - 45601-1038"
Pioneer Career and Technology Center,-82.670445,40.903305,"27 Ryan Rd, Shelby, OH - 44875"
Raphael's School of Beauty Culture Inc-Boardman,-80.679801,41.02371,"615 Boardman-Canfield Rd, Boardman, OH - 44512"
Scioto County Career Technical Center,-82.979481,38.854707,"951 Vern Riffe Drive, Lucasville, OH - 45648-0766"
Trumbull Career & Technical Center,-80.824807,41.280649,"528 Educational Highway, Warren, OH - 44483"
Pacific Bible College,-122.880612,42.326183,"516 W 4th Street, Medford, OR - 97501"
Lake Erie College of Osteopathic Medicine,-80.105969,42.080699,"1858 W Grandview Blvd, Erie, PA - 16509-1025"
UCAS University of Cosmetology Arts & Sciences-Harlingen,-97.684044,26.20168,"801 N. 13th Street Suite 2, Harlingen, TX - 78550-5034"
KaiStar,-122.304472,47.320505,"2222 So. 314 St, Federal Way, WA - 98003"
Empire Beauty School-Green Bay,-88.076427,44.477375,"940 Hansen Road, Ashwaubenon, WI - 54304-4838"
Warren County Career Center,-84.202969,39.488772,"3525 North State Route 48, Lebanon, OH - 45036-1099"
Paul Mitchell the School-Wichita,-97.2432,37.741502,"3242 N. Rock Road Suite 106, Wichita, KS - 67226-0000"
Pinnacle Institute of Cosmetology,-80.816426,35.596894,"461-C  East Plaza Drive, Mooresville, NC - 28115"
Southern Careers Institute-Pharr,-98.201038,26.211217,"1500 N. Jackson Rd, Pharr, TX - 78577"
Laurel Technical Institute,-80.222294,41.626047,"11618 Cotton Road, MEADVILLE, PA - 16335"
Florida National University-Main Campus,-80.321846,25.86178,"4425 West. Jose Regueiro (20th) Avenue, Hialeah, FL - 33012"
Georgia Institute of Cosmetology,-83.454584,33.936847,"3529 Atlanta Hwy, Athens, GA - 30606-3152"
Nouvelle Institute,-80.249645,25.779494,"3271 NW 7th St Suite#106, Miami, FL - 33125"
Franklin Technology Center Adult Education,-94.516401,37.082409,"810 S. Wall Avenue, Joplin, MO - 64801"
Professional Technical Institution,-66.174733,18.377668,"Calle Comerio Final Km. 20.5  Bo. La Aldea, Bayamon, PR - 00959"
Erikson Institute,-87.632178,41.890663,"451 N. LaSalle Street, Chicago, IL - 60654-4510"
South Texas College,-98.253634,26.217591,"3201 W. Pecan, McAllen, TX - 78501"
Tennessee Board of Regents,-86.690409,36.167183,"1 Bridgestone Park, Nashville, TN - 37214"
Pike County Joint Vocational School District,-83.007113,39.054045,"175 Beaver Creek Rd, Piketon, OH - 45661"
Lorain County Joint Vocational School District,-82.213852,41.262182,"15181 St Rte 58 S, Oberlin, OH - 44074"
Roger Williams University School of Law,-71.261978,41.650974,"Ten Metacom Ave, Bristol, RI - 02809-5171"
California State University-Monterey Bay,-121.796178,36.652397,"100 Campus Center, Seaside, CA - 93955-8001"
Ohio Media School-Valley View,-81.615624,41.393531,"9885 Rockside Rd., Suite 160, Valley View, OH - 44125-4220"
EINE Inc,-71.220396,42.598024,"1501 Main St, Ste 50, Tewksbury, MA - 01876"
Marian Health Careers Center-Los Angeles Campus,-118.295073,34.062096,"3325 Wilshire Blvd Ste 1010, Los Angeles, CA - 90010"
Cleveland Clinic Health System-School of Diagnostic Imaging,-81.548554,41.598918,"18901 Lakeshore Blvd, Euclid, OH - 44119"
Academy for Nursing and Health Occupations,-80.121497,26.70653,"5154 Okeechobee Blvd Ste 201, West Palm Beach, FL - 33417"
Shawsheen Valley School of Practical Nursing,-71.217926,42.546696,"100 Cook St, Billerica, MA - 01821-5499"
Shear Ego International School of Hair Design,-77.602821,43.208124,"525 Titus Ave, Rochester, NY - 14617"
Remington College-Memphis Campus,-89.989881,35.071403,"2710 Nonconnah Blvd, Memphis, TN - 38132"
Fayette Institute of Technology,-81.146785,37.988801,"300 West Oyler Avenue, Oak Hill, WV - 25901"
Capella University,-93.268796,44.976286,"225 South 6th Street, 9th Floor, Minneapolis, MN - 55402-3389"
College of Menominee Nation,-88.625628,44.859044,"N172 State Highway 47&55, Keshena, WI - 54135-1179"
Leech Lake Tribal College,-94.651563,47.395686,"6945 Littlewolf Road NW, Cass Lake, MN - 56633"
Spartan College of Aeronautics & Technology,-118.377744,33.956018,"8911 Aviation Blvd, Inglewood, CA - 90301-2904"
Yukon Beauty College Inc,-97.74668,35.508293,"221 W. MAIN STREET, Yukon, OK - 73099"
United Education Institute-Morrow,-84.335896,33.574109,"1564 Southlake Parkway, Morrow, GA - 30260-2941"
Mitchells Academy,-78.742438,35.764652,"1301 Buck Jones Road, Raleigh, NC - 27606"
Artistic Academy of Hair Design,-74.486405,40.855589,"301 Gibraltar Drive, Suite 1-A, Morris Plains, NJ - 07950"
Motoring Technical Training Institute,-71.324909,41.791885,"1241 Fall River Avenue, Seekonk, MA - 02771"
Mech-Tech College,-66.053276,18.237102,"Num 39-40 B St W Industrial Pk, Caguas, PR - 00725-0000"
Baldwin Beauty School-North Austin,-97.729371,30.365855,"8440 Burnet Rd., Ste 140, Austin, TX - 78757-7068"
Jean Madeline Aveda Institute,-75.148414,39.940744,"315A Bainbridge St, Philadelphia, PA - 19147"
Pacific College of Health and Science,-74.006721,40.7088,"110 William St. 19th Fl, New York, NY - 10038"
Tricoci University of Beauty Culture-Indianapolis,-86.03113,39.928723,"9725 Crosspoint Commons, Indianapolis, IN - 46256"
Trine University-Regional/Non-Traditional Campuses,-85.008009,41.632502,"1 University Avenue, Angola, IN - 46703"
Pennsylvania Highlands Community College,-78.837175,40.26408,"101 Community College Way, Johnstown, PA - 15904-2949"
Nevada Career Institute,-115.20842,36.217975,"3231 North Decatur Boulevard, Las Vegas, NV - 89130"
Phillips Theological Seminary,-95.868146,36.167983,"901 N Mingo Rd, Tulsa, OK - 74116-5612"
Empire Beauty School-Hanover,-76.995146,39.818109,"Clearview Shp Ctr., 1000 Carlisle St, S4, Hanover, PA - 17331"
Industrial Management Training Institute,-73.035893,41.549618,"233 Mill St, Waterbury, CT - 06706"
Allen School-Jamaica,-73.796295,40.704694,"163-18 Jamaica Avenue, Jamaica, NY - 11432"
Premiere Career College,-117.990894,34.079755,"12901 Ramona Blvd, Irwindale, CA - 91706-3746"
The University of Texas MD Anderson Cancer Center,-95.396804,29.707016,"1515 Holcombe Blvd., Houston, TX - 77030-4009"
Paul Mitchell the School-Huntsville,-86.752565,34.681465,"3810 Sullivan St Ste E, Madison, AL - 35758"
Estes Institute of Cosmetology Arts and Science,-119.289234,36.330422,"324 E Main St, Visalia, CA - 93291"
Baldwin Park Adult & Community Education,-117.959486,34.09673,"4640 N. Maine Ave, Baldwin Park, CA - 91706-4221"
Ventura Adult and Continuing Education,-119.219561,34.256061,"5200 Valentine Rd, Ventura, CA - 93003-0000"
CT Aerotech,-72.652583,41.735051,"500 Lindbergh Drive, Hartford, CT - 06114"
Stratford School for Aviation Maintenance Technicians,-73.130761,41.161259,"200 Great Meadow Road, Stratford, CT - 06615"
City College-Altamonte Springs,-81.402219,28.663604,"177 Montgomery Road, Altamonte Springs, FL - 32714"
Career Center of Southern Illinois,-89.948787,38.289727,"6137 Beck Rd, Red Bud, IL - 62278"
Crave Beauty Academy,-97.387374,37.684374,"3804 W Douglas, Wichita, KS - 67203"
Hastings Beauty School,-92.85026,44.744595,"221 Second Street East, Hastings, MN - 55033"
Kirksville Area Technical Center,-92.565103,40.18649,"1103 S Cottage Grove, Kirksville, MO - 63501"
Southern Missouri Technical Institute,-91.856803,36.738067,"407 W. Thornburgh, West Plains, MO - 65775"
Saline County Career Center,-93.213659,39.094261,"SCCC Adult Education Center, 2285 S Hwy 65, Marshall, MO - 65340-1698"
Warrensburg Area Career Center,-93.70714,38.761649,"205 S. Ridgeview Dr, Warrensburg, MO - 64093"
Cass Career Center,-94.333774,38.660248,"1600 E Elm, Harrisonville, MO - 64701-2024"
Applied Technology Services,-90.413236,38.542285,"12721 West Watson Road, Sunset Hills, MO - 63127"
Central College of Cosmetology,-92.142861,37.806945,"690 Missouri Avenue ,  Suite #3, Saint Robert, MO - 65584"
Southeast Missouri Hospital College of Nursing and Health Sciences,-89.54587,37.302453,"2001 William Street, Cape Girardeau, MO - 63703-4507"
Messenger College,-97.161015,32.85076,"2701 Brown Trail, Suite 408, Bedford, TX - 76021"
Union County Vocational Technical School,-74.358205,40.616491,"1776 Raritan Rd, Scotch Plains, NJ - 07076"
Prism Career Institute-Philadelphia,-75.046375,40.057804,"8040 Roosevelt Boulevard, Philadelphia, PA - 19152"
Clinton Essex Warren Washington BOCES,-73.517906,44.693228,"1585 Military Turnpike, Plattsburgh, NY - 12901-0455"
Jefferson Lewis BOCES-Practical Nursing Program,-75.97014,43.970515,"20104 State Route 3, Watertown, NY - 13601-9509"
Veeb Nassau County School of Practical Nursing,-73.520569,40.766548,"30 East Cherry Street, Hicksville, NY - 11801-4302"
Cattaraugus Allegany BOCES-Practical Nursing Program,-78.405395,42.093196,"1825 Windfall Rd, Olean, NY - 14760"
Orange Ulster BOCES-Practical Nursing Program,-74.00786,41.501084,"3 Washington Center, Newburgh, NY - 12550"
Wayne Finger Lakes BOCES-Practical Nursing Program,-77.081794,43.038167,"131 Drumlin Ct, Newark, NY - 14513-1863"
Broome Delaware Tioga BOCES-Practical Nursing Program,-75.96581,42.115372,"1100 East Main Street, Endicott, NY - 13760"
Washington Saratoga Warren Hamilton Essex BOCES-Practical Nursing Program,-73.594331,43.32149,"1051 Dix Ave, Hudson Falls, NY - 12839"
Albany BOCES-Adult Practical Nursing Program,-73.824182,42.744858,"900  Watervliet Shaker Rd, Albany, NY - 12205"
Eastern Suffolk BOCES,-73.086618,40.738793,"30 Greene Avenue, Sayville, NY - 11782"
Rockland County BOCES-Practical Nursing Program,-73.979871,41.121255,"65 Parrott Rd, Bldg 3, West Nyack, NY - 10994"
New York College of Health Professions,-73.51534,40.811129,"6851 Jericho Tpk, Suite 210, Syosset, NY - 11791-4413"
Charles Stuart School of Diamond Setting,-73.95856,40.608484,"1420 Kings Hwy 2nd Fl, Brooklyn, NY - 11229"
Penta County Joint Vocational School,-83.571594,41.584263,"9301 Buck Road, Perrysburg, OH - 43551-4594"
Career and Technology Education Centers of Licking County,-82.429175,40.099973,"150 Price Rd, Newark, OH - 43055-3399"
Northern Career Institute,-81.447126,41.653845,"34050 Glen Drive, Suite 2, Eastlake, OH - 44094"
Washington County Career Center-Adult Technical Training,-81.50106,39.43299,"21740 State Route 676, Marietta, OH - 45750"
Ohio Media School-Cincinnati,-84.458763,39.158005,"4411 Montgomery Road, Norwood, OH - 45212"
Vantage Career Center,-84.570198,40.882295,"818 North Franklin Street, Van Wert, OH - 45891"
Indian Capital Technology Center-Muskogee,-95.311895,35.774921,"2403 N 41st St E, Muskogee, OK - 74403-1889"
Western Technology Center,-99.180998,35.352842,"621 Sooner Drive, Burns Flat, OK - 73624-1469"
Mid-America Technology Center,-97.364174,34.912498,"27438 State Hwy 59, Wayne, OK - 73095-0210"
Eastern Oklahoma County Technology Center,-97.266991,35.516891,"4601 N Choctaw Rd, Choctaw, OK - 73020-9017"
Wes Watkins Technology Center,-96.266262,35.233305,"7892 Highway 9, Wetumka, OK - 74883-6155"
York County School of Technology-Adult & Continuing Education,-76.685449,39.929887,"2179 S Queen St, York, PA - 17402-4696"
Chester County Intermediate Unit,-75.679627,40.005793,"443 Boot Road, Downingtown, PA - 19335"
Jefferson County Dubois Area Vocational Technical Practical Nursing Program,-78.892397,41.109805,"576 Vo-Tech Road, Reynoldsville, PA - 15851"
Greater Johnstown Career and Technology Center,-78.83114,40.272734,"445 Schoolhouse Rd, Johnstown, PA - 15904-2998"
Mifflin County Academy of Science and Technology,-77.554092,40.605321,"700 Pitt St, Lewistown, PA - 17044-1697"
Lenape Technical School Practical Nursing Program,-79.521054,40.767446,"104 Armstrong Street, Ford City, PA - 16226"
Venango County Area Vocational Technical School,-79.687135,41.426492,"1 Vo-Tech Dr, Oil City, PA - 16301"
Lancaster County Career and Technology Center,-76.266186,39.984811,"1730 Hans Herr Dr, Willow Street, PA - 17584"
Lebanon County Area Vocational Technical School,-76.390376,40.341562,"833 Metro Dr, Lebanon, PA - 17042"
Indiana County Technology Center,-79.121853,40.646071,"441 Hamill Rd, Indiana, PA - 15701-1465"
Northern Tier Career Center,-76.487394,41.801739,"120 Career Center Lane, Towanda, PA - 18848-9731"
Hazleton Area Career Center,-75.99218,40.971393,"1451 West 23rd Street, Hazle TWP., PA - 18202"
All-State Career School-Pittsburgh,-79.93713,40.358492,"1200 Lebanon Road, West Mifflin, PA - 15122"
Quality Technical and Beauty College,-66.158268,18.399415,"Bo Pueblo Carr 167 Calle Parque Local #10, Bayamon, PR - 00961"
D'Mart Institute,-66.294065,18.182628,"Carr 156 Km 17.3 Barrio Honduras, Barranquitas, PR - 00794"
Automeca Technical College-Aguadilla,-67.1418,18.448502,"Parque Industrial La Montana Km09 Edif932, Aguadilla, PR - 00605"
North Central Institute,-87.425177,36.61484,"168 Jack Miller Blvd, Clarksville, TN - 37042"
Pipo Academy of Hair Design,-106.459711,31.78446,"3000 Pershing Dr, El Paso, TX - 79903"
Tint School of Makeup and Cosmetology-Dallas,-97.009636,32.710362,"510 W Pioneer Pkwy, Suite 300, Grand Prairie, TX - 75051"
United Technical Center,-80.358395,39.310658,"251 Marietta Street, Clarksburg, WV - 26301-6313"
Charles H McCann Technical School,-73.10149,42.664578,"70 Hodges Cross Rd, North Adams, MA - 01247-3999"
Central California School of Continuing Education,-120.64847,35.262091,"3195 McMillan Ste F, San Luis Obispo, CA - 93401"
HCA Florida Mercy Hospital School of Practical Nursing,-80.213971,25.740254,"3663 S Miami Ave, Miami, FL - 33133"
Marion Technical College,-82.147877,29.178271,"1014 SW 7th Rd, Ocala, FL - 34471-3172"
Rivertown School of Beauty Barber Skin Care and Nails,-84.935823,32.511932,"3625 Manchester Expy, Columbus, GA - 31909"
Atlanta Institute of Music and Media,-84.105311,33.961164,"2875 Breckinridge Blvd., Suite 700, Duluth, GA - 30096"
Illinois Media School,-87.838707,41.986156,"8501 W. Higgins Rd. Suite 450, Chicago, IL - 60631"
New Dimensions School of Hair Design,-94.509389,37.085286,"621 Kentucky Ave., Joplin, MO - 64801-5017"
Jna Institute of Culinary Arts,-75.167678,39.935232,"1212 S Broad St, Philadelphia, PA - 19146"
Putnam Career and Technical Center,-81.923563,38.535038,"300 Roosevelt Boulevard, Eleanor, WV - 25070-0640"
Crawford County Career and Technical Center Practical Nursing Program,-80.126167,41.633675,"860 Thurston Rd, Meadville, PA - 16335"
Texas College of Cosmetology-San Angelo,-100.47194,31.420928,"3504 Knickerbocker Road, San Angelo, TX - 76904"
Automeca Technical College-Bayamon,-66.180088,18.406325,"Carr.No.2 Km14.0 Hato Tejas, Bayamon, PR - 00961"
Automeca Technical College-Caguas,-66.037144,18.230554,"Calle Munoz Rivera No.69, Caguas, PR - 00725"
Automeca Technical College-Ponce,-66.636854,18.011391,"Calle Villa No.452, Ponce, PR - 00731"
Centura College-Chesapeake,-76.227712,36.765954,"932 Ventures Way, Chesapeake, VA - 23320"
University of Phoenix-Hawaii,-158.08161,21.334103,"949 Kaokila Blvd, Kapolei, HI - 96707-2082"
Prism Career Institute-Cherry Hill,-75.051138,39.931301,"3 Executive Campus Rt 70, Suite 280, Cherry Hill, NJ - 08002"
Sonoran University of Health Sciences,-111.89442,33.40789,"2140 E Broadway Rd, Tempe, AZ - 85282"
Escuela de Peritos Electricistas de Isabela Inc,-67.030787,18.485146,"Ave. Agustin Ramos Calero Calle Surinam 1059  P.R. 112 Norte, Isabela, PR - 00662"
Yeshiva D'monsey Rabbinical College,-74.064721,41.114173,"2 Roman Blvd, Monsey, NY - 10952"
Lincoln Technical Institute-Mahwah,-74.148846,41.083771,"70 McKee Dr, Mahwah, NJ - 07430"
Career Technical Institute,-77.032461,38.904,"1101 Vermont Avenue, N.W suite L002, Washington, DC - 20005"
Northwest Vista College,-98.70513,29.471308,"3535 N. Ellison Drive, San Antonio, TX - 78251"
Oconee Fall Line Technical College,-82.839621,32.996687,"1189 Deepstep Rd, Sandersville, GA - 31082"
York County Community College,-70.590783,43.306797,"112 College Drive, Wells, ME - 04090"
Western Suffolk BOCES,-73.343689,40.877083,"152 Laurel Hill Rd, Northport, NY - 11768"
Arkansas State University-Mountain Home,-92.388581,36.320466,"1600 South College Street, Mountain Home, AR - 72653"
Columbia Gorge Community College,-121.190197,45.590724,"400 E Scenic Dr, The Dalles, OR - 97058"
Bakke Graduate University,-96.753976,32.894605,"8515 Greenville Ave, Suite S206, Dallas, TX - 75243-7039"
Tillamook Bay Community College,-123.813624,45.456603,"4301 Third St., Tillamook, OR - 97141"
Arizona Board of Regents,-112.074267,33.478133,"2700 N Central Ave, Suite 400, Phoenix, AZ - 85004"
Manhattan School of Computer Technology,-73.967118,40.63473,"931 Coney Island Avenue, Brooklyn, NY - 11230-1401"
Ross College-Hopkinsville,-87.474774,36.834025,"4001 Ft. Campbell Blvd., Hopkinsville, KY - 42240-4948"
Paul Mitchell the School-St. George,-113.606488,37.083414,"1487 S Silicon Way Ste #A3, Saint George, UT - 84770-0000"
Cadillac Institute of Cosmetology,-85.400655,44.251375,"205 North Mitchell Street, Cadillac, MI - 49601-1800"
Arizona College of Nursing-Tempe,-111.965808,33.403079,"1620 West Fountainhead Parkway, Tempe, AZ - 85282-1840"
Vanguard-Sentinel Adult Career and Technology Center,-83.128188,41.365056,"1306 Cedar St, Fremont, OH - 43420"
Academy of Beauty Professionals,-94.467053,38.812989,"800 W Foxwood Dr., Raymore, MO - 64083-9195"
New York Conservatory for Dramatic Arts,-73.993388,40.740148,"39 W 19th Street Fl 2, New York, NY - 10011-4225"
Eastern International College-Jersey City,-74.060452,40.735178,"684 Newark Ave, Jersey City, NJ - 07306"
Academia Serrant Inc,-66.61529,18.009658,"7033 Mendez Vigo, Ponce, PR - 00717-1250"
San Joaquin Valley College-Trades Education Center,-119.72824,36.776798,"4985 East Anderson Avenue, Fresno, CA - 93727-1501"
Pacific College,-117.873382,33.680043,"3160 Red Hill Ave, Costa Mesa, CA - 92626-3402"
American College of Healthcare and Technology,-117.493507,33.901581,"11801 Pierce St., Suite 100, Riverside, CA - 92505"
Compu-Med Vocational Careers Corp,-80.306915,25.848446,"2900 W 12th Ave 3rd Fl #28, Hialeah, FL - 33012-4861"
Advantage Technical College,-66.493759,18.427879,"3 Ramos Velez St, Manati, PR - 00674"
Mid Cities Barber College,-97.006955,32.710329,"2345 Southwest 3rd Street, Suite101, Grand Prairie, TX - 75051-4892"
Midwestern University-Glendale,-112.183633,33.663853,"19555 N 59th Ave, Glendale, AZ - 85308"
Oregon Coast Community College,-124.046973,44.603136,"400 SE College Way, Newport, OR - 97366"
Gwinnett College-Sandy Springs,-84.378704,33.937705,"6690 Roswell Road NE  Ste. 2200, Sandy Springs, GA - 30328"
Mildred Elley-Pittsfield Campus,-73.256461,42.4491,"100 West Street, Pittsfield, MA - 01201-5300"
Embry-Riddle Aeronautical University-Worldwide,-81.048367,29.189903,"1 Aerospace Blvd., Daytona Beach, FL - 32114-3900"
Merkaz Bnos-Business School,-73.997176,40.601511,"2115 Benson Avenue, Brooklyn, NY - 11214"
Lia Schorr Institute of Cosmetic Skin Care Training,-73.976807,40.764401,"57 west 57 street suite 1409, New York, NY - 10019"
CET-Alexandria,-77.142637,38.802702,"6295 Edsall Rd, Plaza 500, Ste. 220, Alexandria, VA - 22312"
Aviation Institute of Maintenance-Norfolk,-76.216995,36.914293,"2329 E. Little Creek Road, Norfolk, VA - 23518"
Centura College-Richmond Main,-77.543157,37.499343,"7914 Midlothian Turnpike, North Chesterfield, VA - 23235-5250"
Osceola Technical College,-81.349696,28.298648,"501 Simpson Rd, Kissimmee, FL - 34744"
Miami Ad School,-80.190728,25.808818,"225 NE 34th St 203, Miami, FL - 33137"
Green Country Technology Center,-95.9365,35.63293,"1100 OK-56 Loop, Okmulgee, OK - 74447-1217"
Nova College de Puerto Rico,-66.160559,18.398358,"#137 Dr. Veve Street, Bayamon, PR - 00960"
John Wesley International Barber and Beauty College,-118.18469,33.778235,"920 Atlantic Avenue Suite 200, Long Beach, CA - 90813"
Southeastern College-West Palm Beach,-80.085966,26.702216,"1756 North Congress Avenue, West Palm Beach, FL - 33409"
Ottawa University-Milwaukee,-88.115185,43.02963,"245 South Executive Drive, Suite 340, Brookfield, WI - 53005"
Klamath Community College,-121.698855,42.195028,"7390 South Sixth Street, Klamath Falls, OR - 97603-7121"
San Bernardino Community College District,-117.273664,34.067005,"550 E. Hospitality Lane, Suite 200, San Bernardino, CA - 92408"
Minnesota State Colleges and Universities System Office,-93.09568,44.94796,"30 East 7TH ST, ST PAUL, MN - 55101"
American College of Acupuncture and Oriental Med,-95.524765,29.735747,"9100 Park  West Drive, Houston, TX - 77063-4104"
AOMA Graduate School of Integrative Medicine,-97.800643,30.228551,"4701 Westgate Blvd, Austin, TX - 78745"
Urban College of Boston,-71.0642,42.352922,"2 Boylston Street, 2nd Floor, Boston, MA - 02116"
Strayer University-Maryland,-76.918039,38.827438,"5110 Auth Way, Suitland, MD - 20746"
Empire Beauty School-Monroeville,-79.785227,40.434651,"The Plaza, 320 Mall Blvd, Monroeville, PA - 15146-2229"
Southern Careers Institute-San Antonio,-98.494238,29.355774,"238 SW Military Drive, Suite 101, San Antonio, TX - 78221"
Cayce/Reilly School of Massage,-75.990945,36.892698,"215 67th Street, Virginia Beach, VA - 23451"
Prism Career Institute-West Atlantic City,-74.493112,39.377288,"8025 Black Horse Pike Bayport One Suite 250, West  Atlantic City, NJ - 08232"
Studio Jewelers,-73.983774,40.745464,"32 E 31 St, New York, NY - 10016-4112"
Praxis Institute,-80.225327,25.765385,"1850 SW 8th St 4th Fl, Miami, FL - 33135"
San Juan Bautista School of Medicine,-66.050389,18.220528,"Carretera 172  Urb. Turabo Gardens, Caguas, PR - 00725-4968"
Texas Health and Science University,-97.785289,30.233143,"4005 Menchaca Rd, Austin, TX - 78704"
Carver Career Center,-81.562988,38.289708,"4799 Midland Dr, Charleston, WV - 25306-6397"
Cayuga Onondaga BOCES-Practical Nursing Program,-76.587981,42.9419,"Center for Learning 12 Allen Street, Auburn, NY - 13021"
Clearfield County Career and Technology Center,-78.418679,41.030572,"1620 River Road, Clearfield, PA - 16830"
Colegio de Cinematografía Artes y Television,-66.155509,18.399507,"Dr. Veve #51 Esq. Degetau, Bayamon, PR - 00961"
Delaware County Technical School-Practical Nursing Program,-75.367229,39.988428,"85 North Malin Road, Broomall, PA - 19008"
Mid-Del Technology Center,-97.402578,35.455237,"1621 Maple Dr, Midwest City, OK - 73110-4825"
New York Institute of Massage Inc,-78.695815,42.976035,"4701 Transit Rd, Williamsville, NY - 14221"
Dutchess BOCES-Practical Nursing Program,-73.866875,41.743538,"5 BOCES Road, Poughkeepsie, NY - 12601-6599"
Escuela Tecnica de Electricidad,-66.619944,18.010451,"Villa Street #190, Ponce, PR - 00730-4875"
Institute of Technology,-119.723249,36.83679,"564  W Herndon, Clovis, CA - 93612"
Bristol Technical Education Center,-72.990101,41.69004,"431 Minor Street, Bristol, CT - 06010"
Genesee Valley BOCES-Practical Nursing Program,-78.182909,43.014665,"Adult Education Office  8250 State St Rd, Batavia, NY - 14020"
Henrico County-Saint Marys Hospital School of Practical Nursing,-77.568129,37.601392,"1420 North Parham Road, Richmond, VA - 23229"
Herkimer County BOCES-Practical Nursing Program,-74.986641,43.03504,"420 East German Street, Herkimer, NY - 13350"
Graduate America College,-96.645638,32.945805,"1225 Beltline Rd Ste 7, Garland, TX - 75040-3294"
Cape Coral Technical College,-81.976156,26.658582,"360 Santa Barbara Blvd North, Cape Coral, FL - 33993-2479"
UPMC Mercy School of Nursing,-79.986445,40.435584,"1401 Blvd of the Allies, Pittsburgh, PA - 15219-5166"
Ocean County Vocational-Technical School,-74.195622,39.985095,"137 Bey Lea  Rd, Toms River, NJ - 08753"
Yeshiva of the Telshe Alumni,-73.911096,40.896668,"4904 Independence Ave, Riverdale, NY - 10471-2897"
Kenneth Shuler School of Cosmetology-Rock Hill,-80.995498,34.969958,"2375 Cherry Road Suite #102, Rock Hill, SC - 29732"
South Orange County Community College District,-117.665584,33.553346,"28000 Marguerite Pky, Mission Viejo, CA - 92692-6399"
CET-El Paso,-106.323115,31.696199,"294 Candelaria Street, El Paso, TX - 79907"
Appalachian School of Law,-82.095648,37.277669,"1169 Edgewater Drive, Grundy, VA - 24614"
Platt College-Ontario,-117.571744,34.068595,"3700 Inland Empire Boulevard, Ste 400, Ontario, CA - 91764"
Delaware College of Art and Design,-75.549882,39.741947,"600 N Market St, Wilmington, DE - 19801-3007"
American University of Health Sciences,-118.171366,33.796849,"1600 East Hill St, Signal Hill, CA - 90755-3612"
Career Networks Institute,-117.8478,33.721058,"1610 E. Saint Andrew Place Suite 200, Santa Ana, CA - 92705"
Monty Tech,-71.860827,42.560648,"1050 Westminster St, Fitchburg, MA - 01420"
Okaloosa Technical College,-86.614844,30.46866,"1976 Lewis Turner Blvd, Fort Walton Beach, FL - 32547"
Lincoln Technical Institute-Lincoln,-71.47748,41.9385,"622 George Washington Hwy, Lincoln, RI - 02865"
Wayne County Schools Career Center,-81.868927,40.863781,"518 W Prospect St, Smithville, OH - 44677"
Carolinas College of Health Sciences,-80.927508,35.181863,"2110 Water Ridge Parkway, Charlotte, NC - 28217"
Western Governors University,-111.869752,40.68481,"4001 South 700 East Suite 700, Salt Lake City, UT - 84107"
California Aeronautical University,-119.049264,35.434905,"1450 Boughton Drive, Bakersfield, CA - 93308"
Herzing University-New Orleans,-90.155851,30.019252,"3900 N. Causeway Blvd., Metairie, LA - 70002"
Florida Gulf Coast University,-81.7726,26.463638,"10501 Fgcu Blvd S, Fort Myers, FL - 33965-6565"
Little Priest Tribal College,-96.467881,42.234983,"601 E. College Drive, Winnebago, NE - 68071-0270"
South Louisiana Community College,-92.050933,30.218616,"1101 Bertrand Drive, Lafayette, LA - 70506-4109"
Pima Medical Institute-Chula Vista,-117.093388,32.619858,"780 Bay Blvd Suite101, Chula Vista, CA - 91910"
Lincoln College of Technology-Marietta,-84.483943,33.904619,"2359 Windy Hill Road, Marietta, GA - 30067"
Academy of Hair Design-Lufkin,-94.718704,31.330724,"512 S Chestnut, Lufkin, TX - 75904"
Pathway Vocational Academy,-94.122709,30.067103,"3141 College, Suite A10, Beaumont, TX - 77701-4650"
Cortiva Institute,-76.672532,39.215919,"517 Progress Drive      Suite A - J, Linthicum, MD - 21090"
Toni & Guy Hairdressing Academy-Worcester,-71.808255,42.284822,"6 Park Avenue, Worcester, MA - 01605-2213"
Northwest HVAC/R Training Center,-117.407702,47.67364,"204 E. Nora Ave, Spokane, WA - 99207"
Myotherapy Institute,-96.607025,40.811958,"245 South 84th ST #100, Lincoln, NE - 68510"
Florida College of Integrative Medicine,-81.401757,28.46359,"7100 Lake Ellenor Dr, Orlando, FL - 32809-5721"
New Professions Technical Institute,-80.261873,25.771488,"4000 W.  Flagler St., Miami, FL - 33134"
Strand College of Hair Design,-78.815961,33.748079,"423 79th Ave N, Myrtle Beach, SC - 29572"
City College-Miami,-80.345545,25.768251,"9300 S Dadeland Blvd., Suite 200, Miami, FL - 33156"
Ilisagvik College,-156.679486,71.324702,"100 Stevenson Street, Barrow, AK - 99723"
Community College of Baltimore County,-76.48211,39.352647,"7201 Rossville Boulevard, Baltimore, MD - 21237"
White Earth Tribal and Community College,-95.953099,47.3175,"2250 College Road, Mahnomen, MN - 56557"
Blue Cliff College-Metairie,-90.172771,30.002779,"3200 Cleary Ave, Metairie, LA - 70002-5714"
Creative Images Institute of Cosmetology-North Dayton,-84.188407,39.855992,"7535 Poe Avenue, Dayton, OH - 45414"
Dewey University-Carolina,-65.958397,18.376596,"Road 3 Compound 11 Lot 7 Carolina Industrial Park, Carolina, PR - 00986"
Yeshiva College of the Nations Capital,-77.030566,39.042404,"1216 Arcola Ave, Silver  Spring, MD - 20902"
Louisiana State University Health Sciences Center-Shreveport,-93.761018,32.480683,"1501 Kings Hwy, Shreveport, LA - 71103"
Hair Academy II,-76.948572,38.839246,"Iverson Mall, 3705 Branch Avenue, Lower Level, Hillcrest Heights, MD - 20748-1401"
Southwest Acupuncture College-Boulder,-105.199471,40.069443,"6630 Gunpark Dr Suite 200, Boulder, CO - 80301"
River Parishes Community College,-90.930804,30.191006,"925 West Edenborne Parkway, Gonzales, LA - 70737"
Los Angeles Film School,-118.3284,34.098338,"6363 Sunset Blvd, Hollywood, CA - 90028"
Century College,-66.06559,18.40919,"Calle Teniente Cesar Gonzalez #680, San Juan, PR - 00918"
FINE Mortuary College,-71.19293,42.181479,"150 Kerry Place, Norwood, MA - 02062"
International Baptist College and Seminary,-111.879629,33.273788,"2211 W Germann Road, Chandler, AZ - 85286"
Gwinnett College,-78.586818,35.854605,"3200 Spring Forest Road, Suite 214, Raleigh, NC - 27616"
Fortis College-Foley,-87.681828,30.40611,"200 East Laurel Avenue, Foley, AL - 36535"
Medical Training College,-91.069449,30.427312,"10525 Plaza Americana Drive, Baton Rouge, LA - 70816-5820"
Toni & Guy Hairdressing Academy-Plano,-96.797544,33.026159,"1921 Preston Road #2022, Plano, TX - 75093"
University of Connecticut-Waterbury Campus,-73.039242,41.555617,"99 East Main Street, Waterbury, CT - 06702"
University of Connecticut-Avery Point,-72.065336,41.316419,"1084 Shennecossett Rd, Groton, CT - 06340-6097"
University of Connecticut-Stamford,-73.542206,41.056081,"One University Place, Stamford, CT - 06901-2315"
University of Management and Technology,-77.072001,38.89743,"1901 Fort Myer Drive, Suite 700, Arlington, VA - 22209-1609"
Baton Rouge Community College,-91.137935,30.448276,"201 Community College Drive, Baton Rouge, LA - 70806"
IYRS School of Technology & Trades,-71.314724,41.480948,"449 Thames St, Newport, RI - 02840"
Midwest Technical Institute-Illinois,-89.595331,39.840996,"2731 Farmers Market Road, Springfield, IL - 62707"
Advanced Barber College and Hair Design,-97.958247,26.131543,"2818 S International, Weslaco, TX - 78596"
The College of Health Care Professions-Austin,-97.699064,30.322978,"6330 E. Highway 290 Suite 180, Austin, TX - 78723"
New Community Career & Technical Institute,-74.19585,40.739017,"274 South Orange Avenue, Newark, NJ - 07103-2419"
The Chicago School-College of Nursing,-96.75721,32.979753,"2101 Waterview Pkwy, Richardson, TX - 75080"
Professional Golfers Career College,-117.163739,33.528952,"26109 Ynez Road, Temecula, CA - 92591"
Chester Career College,-77.374112,37.348882,"751 WEST HUNDRED ROAD, CHESTER, VA - 23836"
Milan Institute-San Antonio Ingram,-98.624719,29.463767,"6804 Ingram Road, San Antonio, TX - 78238"
Rudae's School of Beauty Culture-Ft Wayne,-85.139946,41.128125,"5317 Coldwater Rd Coldwater Crossing, Fort Wayne, IN - 46825-5444"
Carrington College-San Jose,-121.777062,37.248411,"5883 Rue Ferrari #125, San Jose, CA - 95138"
Brookline College-Tucson,-110.875869,32.217799,"300 S. Craycroft Rd Suite 100, Tucson, AZ - 85711"
Miller-Motte College-McCann-Lewisburg,-76.885311,40.98239,"7495 Westbranch Hwy, Lewisburg, PA - 17837"
Carrington College-Pleasant Hill Campus,-122.072153,37.962649,"380 Civic Drive, Suite 300, Pleasant Hill, CA - 94523-1984"
Cortiva Institute,-81.397179,28.629921,"2600 Lake Lucien Drive   Suite#240, Maitland, FL - 32751"
Modern Hairstyling Institute-Carolina,-65.963611,18.379812,"Carretera 887 Km 0.9 Barrio Martin Gonzalez Victoria Park, Carolina, PR - 00985"
Universal Technical Institute of California Inc,-117.576366,34.082782,"9494 Haven Avenue, Rancho Cucamonga, CA - 91730-0000"
American InterContinental University-Atlanta,-84.354907,33.938779,"6600 Peachtree Dunwoody Road, 500 Embassy Row, Atlanta, GA - 30328"
Rancho Santiago Community College District Office,-117.868261,33.767331,"2323 N Broadway, Santa Ana, CA - 92706-1640"
The Academy of Hair Design Six,-89.31781,31.310341,"5912 US Hwy 49, Hattiesburg, MS - 39401-7569"
Eastern West Virginia Community and Technical College,-78.932546,39.075562,"316 Eastern Drive, Moorefield, WV - 26836-0000"
Aviation Institute of Maintenance-Indianapolis,-86.288273,39.753062,"7251 W. McCarty St., Indianapolis, IN - 46241"
IVAEM College,-66.033732,18.23502,"14 Calle Intendente Ramirez, Caguas, PR - 00725-0000"
Midwest College of Oriental Medicine-Skokie,-87.754597,42.044312,"8950 Gross Point Rd. Suite 400, Skokie, IL - 60077"
Carrington College-Spokane,-117.268126,47.675918,"10102 E. Knox Ave., Ste. 200, Spokane, WA - 99206-4187"
Texas Tech University System Administration,-101.892826,33.581169,"1508 Knoxville Avenue, Lubbock, TX - 79409-2013"
Cascadia College,-122.191572,47.760915,"18345 Campus Way NE, Bothell, WA - 98011-8205"
CBD College,-118.306221,34.06231,"3699 Wilshire Blvd., Fourth Floor, Los Angeles, CA - 90010"
East West College of Natural Medicine,-82.551571,27.368451,"3808 N. Tamiami Tr, Sarasota, FL - 34234-0000"
Atlantic Institute of Oriental Medicine,-80.142235,26.121964,"100 E Broward Blvd, Suite 100, Fort Lauderdale, FL - 33301-3510"
MDT College of Health Sciences,-87.626495,41.882931,"25 East Washington, #200, Chicago, IL - 60602"
Bennett Career Institute,-76.995965,38.93264,"700 Monroe Street N.E., Washington, DC - 20017"
Blue Cliff College-Lafayette,-92.011131,30.18811,"120 James Comeaux Rd., Lafayette, LA - 70508"
Community Care College,-95.905178,36.101615,"4242 South Sheridan, Tulsa, OK - 74145"
Erie 1 BOCES,-78.78642,42.851567,"355 Harlem Rd, West Seneca, NY - 14224"
HDS Truck Driving Institute,-110.856474,32.13887,"6251 S. Wilmot Road, Tucson, AZ - 85756"
International Training Careers,-80.314727,25.746905,"7360 SW 24th Street  Suite 31, Miami, FL - 33155"
The King's University,-97.121526,32.93973,"2121 E. Southlake Boulevard, Southlake, TX - 76092"
Fortis College-Baton Rouge,-91.024833,30.366448,"14111 Airline Hwy, Suite 101, Baton Rouge, LA - 70817"
My Le's Beauty College,-121.452325,38.494851,"4516 Florin Road, Sacramento, CA - 95823-2513"
New Concept Massage and Beauty School,-80.304747,25.759873,"1164 SW 67 Ave, Miami, FL - 33144"
New York College of Traditional Chinese Medicine,-73.638911,40.73945,"200 Old Country Road, Suite 500, Mineola, NY - 11501"
Fortis College-Orange Park,-81.759035,30.148278,"700 Blanding Blvd. Suite 16, Orange Park, FL - 32065"
Northeastern Seminary,-77.8007,43.122873,"2265 Westside Dr, Rochester, NY - 14624"
Omega Institute of Cosmetology,-90.752356,29.602712,"229 B South Hollywood Rd, Houma, LA - 70360-2716"
Pacific Islands University,144.835821,13.465046,"172 Kinney's Road, Mangilao, GU - 96913-5917"
PCI College,-118.100169,33.87475,"17215 Studebaker Rd #310, Cerritos, CA - 90703"
Rosedale Bible College,-83.456645,40.077583,"2270 Rosedale Rd, Irwin, OH - 43029"
Seattle Institute of East Asian Medicine,-122.325399,47.544948,"6363 7th Ave S, Seattle, WA - 98108"
Shawnee Beauty College,-96.912574,35.356032,"2024 N Harrison, Shawnee, OK - 74801"
Acupuncture and Massage College,-80.364141,25.686382,"10506 N Kendall Drive, Miami, FL - 33176"
Upper Valley Educators Institute,-72.230822,43.637595,"194 Dartmouth College Highway, Lebanon, NH - 03766-1358"
Keck Graduate Institute,-117.72351,34.093329,"535 Watson Dr, Claremont, CA - 91711"
Aviation Institute of Maintenance-Atlanta,-84.147864,33.948914,"2025 Satellite Pointe, Duluth, GA - 30096"
Empire Beauty School-Kennesaw,-84.56688,34.012704,"Town Center Oaks, 2615 George Busbee Parkway, Ste 9, Kennesaw, GA - 30144"
Antioch University-System Administration,-83.908684,39.80321,"900 Dayton Street, Yellow Springs, OH - 45387"
New York Automotive and Diesel Institute,-73.780592,40.705073,"178-18 Liberty Avenue, Jamaica, NY - 11433-1433"
Remington College-Baton Rouge Campus,-91.052999,30.411857,"4520 South Sherwood Forrest Boulevard, Baton Rouge, LA - 70816"
New Saint Andrews College,-117.001804,46.731422,"405 S. Main Street, Moscow, ID - 83843-1525"
Arkansas State University-Newport,-91.190594,35.640492,"7648 Victory Blvd, Newport, AR - 72112"
Atenas College,-66.488422,18.429776,"Paseo del Atenas  #101, Manati, PR - 00674-0000"
Onondaga Cortland Madison BOCES,-76.174381,43.096302,"Main Campus, Liverpool, NY - 13088"
National American University-Ellsworth,-103.072726,44.131301,"223 Main Gate Rd, Box Elder, SD - 57719-2003"
Interactive College of Technology,-95.213765,29.690435,"213 W Southmore St    Suite 101, Pasadena, TX - 77502"
Pillar College,-74.169153,40.738539,"60 Park Place, Suite 701, Newark, NJ - 07102"
Miami Ad School-San Francisco,-122.401198,37.795155,"500 Sansome St, B1, San Francisco, CA - 94111"
Oregon State University-Cascades Campus,-121.333703,44.042795,"1500 SW Chandler Avenue, Bend, OR - 97702"
Milan Institute-Amarillo,-101.916984,35.185278,"7001 I-40 West, Amarillo, TX - 79106"
Southern University Law Center,-91.194417,30.523898," , Baton Rouge, LA - 70813"
Texas Barber College,-95.532975,29.69036,"8201 S. Gessner Road, Suite A, Houston, TX - 77036"
Miller-Motte College-Charleston,-80.044585,32.953274,"8085 Rivers Ave., Ste E, Charleston, SC - 29406"
American Career College-Anaheim,-117.975599,33.849912,"1200 N. Magnolia Ave., Anaheim, CA - 92801-0000"
Saginaw Chippewa Tribal College,-84.731862,43.607747,"2274 Enterprise Dr, Mount Pleasant, MI - 48858"
Richmont Graduate University,-85.274642,35.036337,"1815 McCallie Ave, Chattanooga, TN - 37404"
The Seattle School of Theology & Psychology,-122.350945,47.613373,"2501 Elliott Avenue, Seattle, WA - 98121"
Northwest College-Hillsboro,-123.001688,45.520534,"1049 SW Baseline Rd, Suite 500, Building E, Hillsboro, OR - 97123"
East Valley Institute of Technology,-111.863966,33.412268,"1601 W Main St, Mesa, AZ - 85201"
Smith Chason College,-118.302836,34.061409,"3580 Wilshire Blvd., 4th Floor, Los Angeles, CA - 90010"
Irell & Manella Graduate School of Biological Sciences at City of Hope,-117.972791,34.129048,"1500 East Duarte Road, Duarte, CA - 91010-3000"
Design's School of Cosmetology,-120.672526,35.648459,"2727 Buena Vista Drive #105, Paso Robles, CA - 93446"
Ultimate Medical Academy,-82.78558,27.965294,"1255 Cleveland St, Clearwater, FL - 33755-4933"
Florida Barber Academy,-80.203691,26.122056,"51 N State Road 7, Plantation, FL - 33317"
M-DCPS The English Center,-80.25167,25.74027,"3501 SW 28 St., Miami, FL - 33133-2703"
Florida Education Institute,-80.290496,25.76325,"5818 SW 8th St, Miami, FL - 33144"
Texas County Technical College,-91.964963,37.300967,"6915 S Hwy 63, Houston, MO - 65483"
Aviation Institute of Maintenance-Kansas City,-94.498289,39.049869,"4100 Raytown Road, Kansas City, MO - 64129"
Blue Cliff College-Gulfport,-89.039348,30.442482,"12251 Bernard Pkwy, Gulfport, MS - 39503"
Metropolitan Learning Institute,-73.858441,40.72921,"97-77 Queens Blvd, 9th Floor, Rego Park, NY - 11374"
Orleans Niagara BOCES-Practical Nursing Program,-78.692579,43.169631,"50 Main Street, Lockport, NY - 14094"
Yeshiva Shaarei Torah of Rockland,-74.090159,41.12362,"91 W Carlton Rd, Suffern, NY - 10901-4003"
Leon Studio One School of Beauty Knowledge,-78.752161,42.961017,"5385 Main St, Williamsville, NY - 14221"
American Institute of Alternative Medicine,-82.988733,40.102442,"6685 Doubletree Ave, Columbus, OH - 43229"
Brown Aveda Institute-Mentor,-81.324318,41.672002,"8816 Mentor Ave, Mentor, OH - 44060"
Institute of Technology,-122.967715,44.969198,"4700 Silverton Road NE, Salem, OR - 97305"
Susquehanna County Career and Technology Center,-75.9558,41.7386,"2380 Elk Lake School Road, Springville, PA - 18844"
Universidad Pentecostal Mizpa,-66.085117,18.358258,"Bo Caimito Rd 199 Km 0.3, Rio Piedras, PR - 00928"
Caribbean Forensic and Technical College,-66.074179,18.450952,"Ave. Ponce De Leon #1207, San Juan, PR - 00907"
Concorde Career College-Grand Prairie,-97.05498,32.675369,"305 W. Interstate 20, Grand Prairie, TX - 75052-3831"
Lamar Institute of Technology,-94.077126,30.047885,"855 E Lavaca, Beaumont, TX - 77705"
Aviation Institute of Maintenance-Dallas,-96.941822,32.836068,"400 E. Airport Freeway, Irving, TX - 75061"
Healing Mountain Massage School,-111.876409,40.761391,"363 South 500 East, Suite 210, Salt Lake City, UT - 84102-4002"
Eastern Virginia Career College,-77.495581,38.24116,"10304 Spotsylvania Ave, Suite 400, Fredericksburg, VA - 22408"
"Rudy & Kelly Academy, A Paul Mitchell Partner School",-76.189382,36.779382,"1920 Centerville Turnpike, Suite 114, Virginia Beach, VA - 23464"
Nevada State University,-114.938044,35.982345,"1300 Nevada State Drive, Henderson, NV - 89002"
California State University-Channel Islands,-119.04356,34.162949,"1 University Drive, Camarillo, CA - 93012"
Franklin W Olin College of Engineering,-71.263378,42.293527,"1000 Olin Way, Needham, MA - 02492-1200"
Won Institute of Graduate Studies,-75.078944,40.201117,"800 Jacksonville Rd, Warminster, PA - 18974"
Lincoln Technical Institute-Paramus,-74.057574,40.915145,"240 Bergen Town Center, Paramus, NJ - 07652-5002"
Pima Medical Institute-Colorado Springs,-104.820989,38.914019,"5725 Mark Dabling Blvd, Suite 150, Colorado Springs, CO - 80919"
Paul Mitchell the School-Costa Mesa,-117.927468,33.695103,"3309 Hyland Ave., Suite J, Costa Mesa, CA - 92626"
Ave Maria School of Law,-81.731358,26.242138,"1025 Commons Circle, Naples, FL - 34119"
Tulsa Welding School-Jacksonville,-81.560428,30.282647,"3500 Southside Blvd, Jacksonville, FL - 32216"
Pennsylvania College of Health Sciences,-76.247035,40.060419,"850 Greenfield Road, Lancaster, PA - 17601"
West Virginia Junior College-Bridgeport,-80.271826,39.284512,"176 Thompson Dr., Bridgeport, WV - 26330"
St Louis College of Health Careers-Fenton,-90.470904,38.544635,"1297 North Highway Drive, Fenton, MO - 63026"
Interactive College of Technology-Gainesville,-83.855524,34.276597,"2323-C Browns Bridge Rd, Gainesville, GA - 30504"
San Joaquin Valley College-Ontario,-117.55038,34.068584,"4580 Ontario Mills Parkway, Ontario, CA - 91764-5107"
Alaska Christian College,-151.136005,60.490459,"35109 Royal Place, Soldotna, AK - 99669"
University of Arkansas Grantham,-92.343582,34.775996,"2402 N University Ave, LIttle Rock, AR - 72207"
Carrington College-Albuquerque,-106.633361,35.110048,"1001 Menaul Blvd. N.E., Albuquerque, NM - 87107-1642"
NASCAR Technical Institute,-80.855128,35.605305,"220 Byers Creek Road, Mooresville, NC - 28117"
University of the Potomac-VA Campus,-77.216062,38.906944,"7799 LEESBURG PIKE, FALLS CHURCH, VA - 22043-2536"
Milan Institute-Palm Desert,-116.353268,33.783343,"75-030 Gerald Ford Drive, Suite 203, Palm Desert, CA - 92211"
Tohono O'odham Community College,-111.715445,31.989869,"AZ Hwy 86, Mile Post 125.5, Sells, AZ - 85634-3129"
Edward Via College of Osteopathic Medicine,-80.406089,37.199747,"2265 Kraft Drive, Blacksburg, VA - 24060"
Pacific College of Health and Science,-87.625488,41.886588,"65 East Wacker Place, 21st fl, Chicago, IL - 60601"
Southwest Institute of Healing Arts,-111.913584,33.39428,"1538 E. Southern Ave, Tempe, AZ - 85282"
InterCoast Colleges-Riverside,-117.281383,33.888511,"21840 Van Buren Blvd, Riverside, CA - 92508"
University of Antelope Valley,-118.134968,34.683587,"44055 Sierra Highway, Lancaster, CA - 93534"
Brighton Center's Center for Employment Training,-84.490096,39.092904,"601 Washington Ave., Suite 140, Newport, KY - 41071-1968"
California Healing Arts College,-118.265919,33.844718,"500 East Carson Plaza Drive, Suite 103, Carson, CA - 90746-7323"
Dallas Barber & Stylist College,-96.737009,32.909891,"9357 Forest Lane, Dallas, TX - 75243"
NorthShore University HealthSystem School of Nurse Anesthesia,-87.684445,42.065549,"2650 Ridge Ave, Rm G603C, Evanston, IL - 60201-1718"
Faith International University,-122.51687,47.280168,"3504 N Pearl St, Tacoma, WA - 98407-0186"
Family of Faith Christian University,-96.901413,35.462234,"30 Kinville, Shawnee, OK - 74804"
Hood Theological Seminary,-80.480643,35.644603,"1810 Lutheran Synod Drive, Salisbury, NC - 28144"
Colegio Educativo Tecnologico Industrial Inc,-66.714906,18.471007,"#68 Calle Puro Girau, Arecibo, PR - 00612-0000"
Irene's Myomassology Institute,-83.287169,42.480113,"26061 Franklin Road, Southfield, MI - 48033"
Jay's Technical Institute,-95.525281,29.64877,"11910 Fondren Meadow, Houston, TX - 77071"
NTMA Training Centers of Southern California,-118.074231,33.94302,"12131 Telegraph Road, Santa Fe Springs, CA - 90670"
P C Age-Jersey City,-74.06691,40.732114,"2815 Kennedy Blvd, 3rd Floor, Jersey City, NJ - 07306"
PC AGE-Metropark,-74.325692,40.561771,"120 Wood Avenue South Suite 511, Iselin, NJ - 08830"
Hollywood Institute,-80.199738,26.243429,"5000-C Coconut Creek Parkway, Margate, FL - 33063"
South Florida Institute of Technology,-80.239586,25.780018,"720 NW 27th Avenue, 2nd Floor, Miami, FL - 33125"
Southeastern College-Charleston,-80.027313,32.900527,"2431 Aviation Avenue, Suite 703, North Charleston, SC - 29406"
Tigi Hairdressing Academy-Colorado Springs,-104.777572,38.905898,"5125 North Academy Blvd., Colorado Springs, CO - 80918"
Trend Barber College,-95.522116,29.65621,"8250 W Bellfort, Houston, TX - 77071-2202"
Valley Grande Institute for Academic Studies,-97.990391,26.158256,"345 S. Texas Blvd., Weslaco, TX - 78596"
West Coast University-Los Angeles,-118.39941,34.187134,"12215 Victory Boulevard, North Hollywood, CA - 91606"
Williamson Christian College,-86.828311,35.95616,"274 Mallory Station Rd., Franklin, TN - 37067"
Illinois Eastern Community College-System Office,-88.081976,38.729684,"233 E Chestnut Street, Olney, IL - 62450"
Triangle Tech Inc-Sunbury,-76.765478,40.855276,"191 Performance Road, Sunbury, PA - 17801"
DigiPen Institute of Technology,-122.150603,47.68871,"9931 Willows Rd NE, Redmond, WA - 98052"
Pierpont Community and Technical College,-80.192304,39.432199,"500 Galliher Drive, Fairmont, WV - 26554"
Dewey University-Hato Rey,-66.043033,18.417614,"Barbosa Ave #427 3rd Floor - Malco Bldg, Hato Rey, PR - 00910"
InterCoast Colleges-West Covina,-117.897148,34.073357,"2235 East Garvey Ave. North, West Covina, CA - 91791"
American College of Healthcare Sciences,-122.675858,45.486902,"5005 S. Macadam Ave, Portland, OR - 97239"
Colorado Media School,-104.898784,39.637456,"4380 S. Syracuse St. Suite 400, Denver, CO - 80237"
Paul Mitchell the School-Rhode Island,-71.459056,41.755208,"30 Chapel View Blvd., Suite 100, Cranston, RI - 02920"
Miller-Motte College-Chattanooga,-85.181925,35.034287,"6397 Lee Highway, Suite 100, Chattanooga, TN - 37421"
Milan Institute-Sparks,-119.757909,39.524564,"950 Industrial Way, Sparks, NV - 89431"
Interactive College of Technology,-95.403559,29.945555,"16801 Greenspoint Park Drive Suite 150, Houston, TX - 77060-2303"
"Bexley Hall Seabury Western Theological Seminary Federation, Inc.",-87.591178,41.785701,"1407 East 60th Street, Chicago, IL - 60637"
University of North Texas System,-96.795217,32.78176,"1901 Main Street, Dallas, TX - 75201"
Altierus Career College-Norcross,-84.155475,33.934121,"1750 Beaver Ruin Rd-Ste 500, Norcross, GA - 30093-2813"
Strayer University-Tennessee,-89.901042,35.076643,"2650 Thousand Oaks Blvd Ste 1120, Memphis, TN - 38118"
Strayer University-Pennsylvania,-74.962991,40.13955,"3800 Horizon Blvd Ste 100, Trevose, PA - 19053"
Charlie's Guard-Detective Bureau and Academy Inc,-67.153612,18.469662,"Road 107 Km 3.1 Bo. Borinquen, Aguadilla, PR - 00603"
PCI Academy-Plymouth,-93.508453,45.033765,"4315 Peony Lane N, Plymouth, MN - 55446"
Creative Images Institute of Cosmetology-South Dayton,-84.174179,39.627019,"568 Miamisburg-Centerville Rd, Dayton, OH - 45459"
Brookline College-Albuquerque,-106.68749,35.08781,"4201 Central Ave NW-Ste J, Albuquerque, NM - 87105"
Byzantine Catholic Seminary of Saints Cyril and Methodius,-80.015825,40.484409,"3605 Perrysville Avenue, Pittsburgh, PA - 15214-2229"
Northcentral University,-117.127296,32.829299,"9388 Lightwave Avenue, San Diego, CA - 92123"
Bayamon Community College,-66.155908,18.398313,"17 Maceo St, Bayamon, PR - 00961"
Folsom Lake College,-121.127486,38.661372,"10 College Parkway, Folsom, CA - 95630"
LeGrand Institute of Cosmetology Inc,-80.609117,34.271931,"2418 Broad St, Camden, SC - 29020"
Hussian College-Daymar College Murfreesboro,-86.404395,35.8543,"855 W. College Street, Suite H, Murfreesboro, TN - 37129"
Cambridge Technical Institute,-66.019673,18.248604,"200 Rafael Cordero Avenue Plaza Centro Suite 18, Caguas, PR - 00705"
Empire Beauty School-Midlothian,-77.593651,37.43843,"10807 Hull Street Rd, Midlothian, VA - 23112"
Empire Beauty School-Owings Mills,-76.761993,39.403672,"9616 Reisterstown Rd, Suite 105, Owings Mills, MD - 21117"
Empire Beauty School-West Mifflin,-79.946147,40.344669,"2394 Mountainview Dr, West Mifflin, PA - 15122"
ATI College-Whittier,-118.003687,33.948364,"15141 Whittier Blvd Suite 420, Whitter, CA - 90603-0000"
Advance Science International College,-80.284567,25.924708,"5190 nw 167 st STE 200, Miami Lakes, FL - 33014"
ATA College,-116.981781,32.819023,"1810 Gillespie Way, Suite 104, El Cajon, CA - 92020"
American Advanced Technicians Institute,-80.323025,25.884901,"6801 W 20th St, Hialeah, FL - 33014"
Baptist University of the Americas,-98.541223,29.342919,"2418 W. Ansley Blvd., San Antonio, TX - 78224-1443"
The Beauty Institute,-80.111689,26.710119,"2215 N Military Trl suite I, West  Palm Beach, FL - 33409"
Beis Medrash Heichal Dovid,-73.751633,40.596845,"211 Beach Seventeenth Street, Far Rockaway, NY - 11691-4433"
Blue Cliff Career College,-88.114952,30.670281,"2970 Cottage Hill Rd., Suite 175, Mobile, AL - 36606"
Lawrenceburg Technical College,-87.335851,35.239905,"113 South Military Avenue, Lawrenceburg, TN - 38464"
Paul Mitchell the School-Gastonia,-81.178335,35.255515,"284 E Garrison Blvd, Gastonia, NC - 28054"
CES College,-118.303297,34.180401,"401 S. Glenoaks Blvd. Suite 206, Burbank, CA - 91502-2750"
Stellar Career College,-121.071015,37.701963,"4300 Sisk Rd, Modesto, CA - 95356"
Auguste Escoffier School of Culinary Arts-Austin,-97.717865,30.326455,"6020-B Dillard Circle, Austin, TX - 78752"
Culinary Institute Inc,-95.378633,29.823623,"7070 Allensby, Houston, TX - 77022-4322"
Escuela Hotelera de San Juan,-66.046598,18.417008,"229 Guayama St, Hato Rey, PR - 00917"
Orion Institute,-83.598514,41.556265,"340 Three Meadows Drive, Perrysburg, OH - 43551"
Moore Career College,-91.024786,30.367301,"14141 Airline Highway, Building 1, Suite X, Baton Rouge, LA - 70817"
Industrial Technical College,-65.828111,18.149582,"Francisco Vega No. 15, Humacao, PR - 00791"
Institute of Clinical Acupuncture & Oriental Med,-157.86111,21.313602,"100 N. Beretania Street, Suite 203B, Honolulu, HI - 96817"
Gwinnett College-Marietta Campus,-84.479102,33.928592,"1130 Northchase Pkwy, Ste 100, Marietta, GA - 30067"
Leston College,-66.154995,18.399291,"Calle Dr Veve #52, Bayamon, PR - 00961"
Charlotte Christian College and Theological Seminary,-80.737194,35.159664,"7520 East Independence Blvd, Suite 100, Charlotte, NC - 28227-9446"
Nightingale College,-111.887917,40.767465,"95 S State St Suite 400, Salt Lake City, UT - 84111"
PITC Institute,-75.145122,40.097592,"827 Glenside Ave, Admin Bldg. A, Wyncote, PA - 19095"
Skinworks School of Advanced Skincare,-111.884177,40.724925,"2121 South 230 East, Salt Lake City, UT - 84115"
Southeastern College-Columbia,-80.962083,34.062946,"581 Columbia Mall Boulevard, Columbia, SC - 29223"
Turning Point Beauty College,-111.689601,32.87795,"580 n camino mercado, Chandler, AZ - 85225-4775"
Unitech Training Academy-Lafayette,-92.074298,30.182982,"3253 Ambassador Caffery, Lafayette, LA - 70506"
Mountwest Community and Technical College,-82.458186,38.392635,"One Mountwest Way, Huntington, WV - 25701"
American InterContinental University System,-111.804036,33.278816,"2200 E Germann Road, Suite 100, Chandler, AZ - 85286"
Toyota Technological Institute at Chicago,-87.592682,41.784721,"6045 S. Kenwood Avenue, Chicago, IL - 60637"
American InterContinental University-Houston,-95.548302,29.728216,"9999 Richmond Avenue, Houston, TX - 77042"
University of California-Merced,-120.424944,37.366237,"5200 North Lake Road, Merced, CA - 95343-5603"
Remington College-North Houston Campus,-95.424881,29.946769,"11310 Greens Crossing Blvd, Ste 300, Houston, TX - 77067"
Paul Mitchell the School-Orlando,-81.234215,28.663679,"1285 Oviedo Mall Blvd, Oviedo, FL - 32765"
Pima Medical Institute-Las Vegas,-115.102238,36.114105,"3333 East Flamingo Road, Las Vegas, NV - 89121"
Remington College-Nashville Campus,-86.665629,36.152337,"441 Donelson Pk Ste 150, Nashville, TN - 37214"
Central Methodist University-College of Graduate and Extended Studies,-92.685253,39.150497,"411 Central Methodist Square, Fayette, MO - 65248-1198"
North-West College-Riverside,-117.485881,33.9145,"4550 La Sierra Ave, Riverside, CA - 92503"
Altierus Career College-Bissonnet,-95.544702,29.677415,"9700 Bissonnet St-Ste 1400, Houston, TX - 77036-8001"
Colegio Tecnico de Electricidad Galloza,-67.176343,18.354438,"Carr 4416 Km 2.5 Int. Bo Laguna, Aguada, PR - 00602"
Arthur's Beauty College,-92.445479,35.109764,"2320 Washington Avenue, Conway, AR - 72032"
Spa Tech Institute-Westboro,-71.635686,42.285984,"227 Turnpike Rd.  - Suite 1, Westborough, MA - 01581"
Spa Tech Institute-Plymouth,-70.704453,41.958481,"59 Industrial Park Rd, Plymouth, MA - 02360"
Neumont College of Computer Science,-111.890573,40.766096,"143 South Main Street, Salt Lake City, UT - 84111-1917"
Johnson & Wales University-Charlotte,-80.851208,35.233502,"Academic Center, 801 West Trade Street, Charlotte, NC - 28202"
Roseman University of Health Sciences,-115.064633,36.073182,"11 Sunset Way, Henderson, NV - 89014"
Fortis Institute-Port Saint Lucie,-80.303751,27.3016,"9022 South US Highway 1, Port Saint Lucie, FL - 34952"
Aviation Institute of Maintenance-Manassas,-77.514594,38.794493,"10640 Davidson Place, Manassas, VA - 20109"
Cosmetology School of Arts & Sciences,-113.78718,42.561068,"485 E 5th st N, Burley, ID - 83318"
Universal Technical Institute of Pennsylvania Inc,-75.685133,40.070513,"750 Pennsylvania Drive, Exton, PA - 19341"
Kenneth Shuler School of Cosmetology-Spartanburg,-81.972727,34.923366,"1515 John B White SR Blvd, Spartanburg, SC - 29301"
Kenneth Shuler School of Cosmetology-Columbia,-80.942005,33.964545,"7474 Garners Ferry Road, Columbia, SC - 29209"
Divine Mercy University,-77.437576,38.979728,"45154 Underwood Lane, Sterling, VA - 20166"
Lincoln Technical Institute-Shelton,-73.132014,41.271974,"8 Progress Drive, Shelton, CT - 06484"
Northwest Career College,-115.255585,36.203875,"7398 Smoke Ranch Road, Ste 100, Las Vegas, NV - 89128"
Soma Institute-The National School of Clinical Massage Therapy,-87.62572,41.878063,"55 E. Jackson Boulevard - Ste 300, Chicago, IL - 60604-4110"
American Academy of Health and Wellness,-93.157929,45.008212,"2233 Hamline Ave N, Suite 432, Roseville, MN - 55113"
Arizona School of Acupuncture and Oriental Medicine,-110.929118,32.264559,"2856 E Fort Lowell Rd, Tucson, AZ - 85716-1518"
Ave Maria University,-81.438945,26.335983,"5050 Ave Maria Blvd, Ave Maria, FL - 34142-9505"
CALC Institute of Technology,-90.175979,38.927494,"200A North Center Dr, Alton, IL - 62002"
Sutter County Career Training Center,-121.652275,39.139961,"990A Klamath Lane, Yuba City, CA - 95993"
Cambridge College of Healthcare & Technology,-81.375722,28.66306,"460 E. Altamonte Drive, 3rd Floor, Altamonte Springs, FL - 32701"
Career Care Institute,-118.15638,34.678236,"43770 15th Street West Ste 115, Lancaster, CA - 93534"
ATA Career Education,-82.595376,28.452699,"7351 Spring Hill Drive, Suite 11, Spring Hill, FL - 34606"
Community Christian College,-117.217101,34.068664,"1174 Nevada Street, Suite 200, Redlands, CA - 92374-2893"
Culpeper Cosmetology Training Center,-77.994727,38.471182,"311 South East Street #120, Culpeper, VA - 22701-1055"
Eastern School of Acupuncture and Traditional Medicine,-74.19716,40.79361,"440 Franklin Street, Suite 500, Bloomfield, NJ - 07003-3551"
Ecclesia College,-94.236643,36.2141,"9653 Nations Dr, Springdale, AR - 72762"
Employment Solutions-College for Technical Education,-84.483346,37.982131,"1165 Centre Parkway Suite #120, Lexington, KY - 40517"
Estelle Medical Academy,-87.74816,42.059097,"4905 Old Orchard Center, suite 710, Skokie, IL - 60077"
Evergreen Beauty and Barber College-Everett,-122.221962,47.909189,"802 SE Everett Mall Way Ste A, Everett, WA - 98208"
Paul Mitchell the School-Great Lakes,-82.458848,42.978839,"2950 Lapeer Road, Port Huron, MI - 48060"
Healthcare Training Institute,-74.268253,40.696519,"1969 Morris Ave, Union, NJ - 07083"
John D Rockefeller IV Career Center,-80.620719,40.53276,"80 Rockefeller Circle, New Cumberland, WV - 26047"
Los Angeles College of Music,-118.150113,34.139293,"300 S Fair Oaks Ave, Pasadena, CA - 91105"
Rosslyn Training Academy of Cosmetology,-67.18791,18.37922,"Calle Paz 213, Aguada, PR - 00602"
SAE Institute of Technology-Nashville,-86.790448,36.15039,"7 Music Circle N, Nashville, TN - 37203"
Southern Technical College,-81.399661,28.44862,"1485 Florida Mall Avenue, Orlando, FL - 32809"
Stanbridge University,-117.857636,33.678879,"2041 Business Ctr Dr Ste 107, Irvine, CA - 92612"
Universal College of Healing Arts,-95.961539,41.339162,"8702 North 30th Street, Omaha, NE - 68112-1810"
Uta Mesivta of Kiryas Joel,-74.161179,41.333864,"48 Bakertown Rd Suite 501, Monroe, NY - 10950"
Harrisburg University of Science and Technology,-76.880261,40.26193,"326 Market Street, Harrisburg, PA - 17101-2208"
Blue Ridge Community and Technical College,-78.001918,39.43529,"13650 Apple Harvest Drive, Martinsburg, WV - 25403"
Colorado State University-System Office,-104.989255,39.745405,"410 17th Street, Suite 2440, Denver, CO - 80202"
Daytona College,-81.080155,29.270088,"425 South Nova Road, Ormond Beach, FL - 32174-8445"
Delta Technical College-Mississippi,-89.99937,34.955269,"6530  Interstate Blvd., Horn Lake, MS - 38637"
United States University,-117.162166,32.761148,"404 Camino del Rio South, Suite 102, San Diego, CA - 92108"
Empire Beauty School-Avondale,-112.274477,33.463388,"9945 W McDowell Road #112, Avondale, AZ - 85323"
Empire Beauty School-Littleton,-105.097089,39.608128,"8996 W. Bowles Ave. # E-F, Littleton, CO - 80123"
Empire Beauty School-Aurora,-104.792572,39.695935,"16800 E. Mississippi Ave., Aurora, CO - 80017"
Joyce University of Nursing and Health Sciences,-111.892792,40.527932,"12257 South Business Park Drive, Draper, UT - 84020-6545"
San Joaquin Valley College-Modesto,-121.092991,37.717403,"5380 Pirrone Road, Salida, CA - 95368-9090"
Eagle Gate College-Layton,-111.973885,41.073374,"915 N 400 W, Layton, UT - 84041"
Academy of Hair Design-Jasper,-94.004879,30.908648,"348 Spring Hill St, Jasper, TX - 75951"
Unitech Training Academy-West Monroe,-92.129419,32.506463,"111 Crosley Street, West Monroe, LA - 71291"
New River Community and Technical College,-81.136085,37.76767,"280 University Drive, Beaver, WV - 25813-8987"
The College of Health Care Professions-Southwest Houston,-95.517146,29.701897,"7322 SOUTHWEST FREEWAY SUITE 110, Houston, TX - 77074"
UEI College-Chula Vista,-117.065355,32.608605,"1261 Third Avenue, Suite A, Chula Vista, CA - 91911-3262"
UEI College-West Covina,-117.90946,34.075984,"339 N. Azusa Avenue, West Covina, CA - 91731-2806"
Georgia Gwinnett College,-84.00459,33.979409,"1000 University Center Lane, Lawrenceville, GA - 30043"
Phoenix Institute of Herbal Medicine & Acupuncture,-112.068783,33.52289,"301 E Bethany Home Rd Ste A100, Phoenix, AZ - 85012"
Tucson College of Beauty,-110.996047,32.278944,"3955 N Flowing Wells Rd, Tucson, AZ - 85705"
California Career College,-118.601794,34.197566,"7003 Owensmouth Avenue, Canoga Park, CA - 91303-2006"
Palladium Technical Academy Inc,-118.04358,34.091838,"10229 Lower Azusa Rd., Temple City, CA - 91780"
Los Angeles College of Aesthetics,-118.309491,34.044739,"1517 S Western Ave, Los Angeles, CA - 90006"
National Polytechnic College,-118.143809,33.860528,"4105 South Street, Lakewood, CA - 90712"
American Career College-Ontario,-117.583814,34.068204,"3130 East Sedona Court, Ontario, CA - 91764"
Asher College,-121.415767,38.587784,"1215 Howe Ave, Sacramento, CA - 95825"
American Institute of Massage Therapy,-117.847971,33.713238,"1560 Brookhollow Drive, Suite 222, Santa Ana, CA - 92705-5411"
University of East-West Medicine,-121.997011,37.3864,"595 Lawrence Expressway, Sunnyvale, CA - 94085-3922"
Blake Austin College,-121.945606,38.378548,"611 Orange Dr Ste K, Vacaville, CA - 95687"
Aviator College of Aeronautical Science and Technology,-80.367303,27.48718,"3800 St Lucie Blvd, Fort Pierce, FL - 34946"
Trendsetters School of Beauty & Barbering,-81.741549,30.30832,"5486 Normandy Blvd., Jacksonville, FL - 32205"
American Institute of Beauty,-82.749094,27.915072,"3665 East Bay Drive Suite 164, Largo, FL - 33771"
North Florida Cosmetology Institute,-84.294583,30.476972,"2424 Allen Rd, Tallahassee, FL - 32312"
Florida Academy of Health & Beauty,-80.181569,26.16627,"2901 West Oakland Park Blvd B16, Oakland Park, FL - 33311"
Augusta School of Massage,-82.135503,33.529159,"608 Ponder Place Dr, Evans, GA - 30809"
ATA College,-85.563365,38.223667,"10200 Linn Station Rd Ste 125, Louisville, KY - 40223"
SUM Bible College and Theological Seminary,-121.054758,38.620833,"1101 Investment Blvd. #200, El Dorado Hills, CA - 95762"
Compass Career College,-90.479356,30.476327,"42353 Deluxe Plaza, Suite 16, Hammond, LA - 70403"
Hair Expressions Academy,-77.115852,39.061372,"12450 Parklawn Dr 2nd fl, Rockville, MD - 20852"
Nuvo College of Cosmetology,-86.266315,43.190304,"919 w Norton Ave, Norton Shores, MI - 49441"
WellSpring School of Allied Health-Kansas City,-94.604997,38.963226,"9140 Ward Pkwy Ste 100, Kansas City, MO - 64114-3313"
The Salon Professional Academy-Fargo,-96.858729,46.859013,"4377 15th Ave South, Fargo, ND - 58103"
Aveda Arts & Sciences Institute-New York,-74.00497,40.725861,"233 Spring St, New York, NY - 10013"
MyrAngel Beauty Institute,-65.961757,18.188811,"57 Calle Munoz Rivera Sur, San Lorenzo, PR - 00754"
Texas Health School,-95.586269,29.783709,"11511 Katy Fwy Ste 200, Houston, TX - 77079"
Paul Mitchell the School-Logan,-111.831152,41.756122,"1300 N Main Street, Suite 1136, Logan, UT - 84341"
Careers Unlimited,-111.731006,40.275775,"1176 South 1480 West, Orem, UT - 84058"
Mountainland Technical College,-111.886031,40.419941,"2301 West Ashton Blvd., Lehi, UT - 84043"
Avi Career Training,-77.296823,38.974295,"10130-a Colvin Run Rd, Great Falls, VA - 22066"
Mountain State School of Massage,-81.579417,38.317659,"601 50th St, Charleston, WV - 25304"
Arkansas State University System,-92.28758,34.74582,"501 Woodlane Drive, Suite 600, Little Rock, AR - 72201"
San Joaquin Valley College-Rancho Cordova,-121.28191,38.595187,"11050 Olson Drive, Rancho Cordova, CA - 95670-5642"
San Joaquin Valley College-Central Administrative Office,-119.333362,36.298938,"3828 W. Caldwell Ave., Visalia, CA - 93277"
Broken Arrow Beauty College,-95.852816,36.060431,"11122 E 71st St, Tulsa, OK - 74133"
Universal Technical Institute of Northern California Inc,-121.529503,38.64575,"4100 Duckhorn Drive, Sacramento, CA - 95834"
Lemoore College,-119.823866,36.292431,"555 College Avenue, Lemoore, CA - 93245"
Stautzenberger College-Brecksville,-81.645056,41.288862,"8001 Katherine Boulevard, Brecksville, OH - 44141"
West Hills Community College District,-120.351047,36.153306,"275 Phelps Avenue, Coalinga, CA - 93210"
Unitech Training Academy-Houma,-90.75482,29.633202,"6007 West Park Avenue, Houma, LA - 70364"
Rasmussen University-Illinois,-88.998854,42.267628,"6000 East State Street, 4th Floor, Rockford, IL - 61108-2513"
International Institute for Restorative Practices,-75.382203,40.621324,"531 Main Street, Bethlehem, PA - 18018"
Automotive Training Center-Warminster,-75.075375,40.200656,"900 Johnsville Blvd, Warminster, PA - 18974"
Empire Beauty School-Milwaukee,-87.950452,42.94256,"5655 South 27th St, Milwaukee, WI - 53221"
Triangle Tech Inc-Bethlehem,-75.428281,40.65445,"3184 Airport Road, Bethlehem, PA - 18017"
Milan Institute-Clovis,-119.725573,36.810625,"731 W Shaw Ave, Suite A, Clovis, CA - 93612"
Strayer University-Florida,-82.35991,27.997442,"5650 Breckenridge Park Drive Suite 300, Tampa, FL - 33610"
Pima Medical Institute-Renton,-122.211383,47.469017,"555 South Renton Village Place Suite 110, Renton, WA - 98057"
CBT Technology Institute-Main Campus,-80.329161,25.769052,"8230 W Flagler St., Miami, FL - 33144"
CBT Technology Institute-Hialeah,-80.302213,25.867003,"935 West 49 Street # 203, Hialeah, FL - 33012"
Dewey University-Juana Díaz,-66.509285,18.057023,"Bo. Lomas, Road 149, Km. 67.02, Juana Diaz, PR - 00910"
The College of Health Care Professions-San Antonio,-98.576627,29.488876,"4738 N. W. Loop 410, San Antonio, TX - 78229"
Brittany Beauty Academy,-73.897121,40.860976,"210 East 188th St, Bronx, NY - 10458"
Lincoln Technical Institute-Whitestone,-73.82885,40.784113,"15-30 Petracca Pl, Whitestone, NY - 11357"
American Public University System,-77.860121,39.287826,"111 W Congress St, Charles Town, WV - 25414"
Huntsville Bible College,-86.594888,34.750363,"906 Oakwood Ave, Huntsville, AL - 35811"
Beaumont Adult School,-116.964728,33.951365,"1575 Cherry Ave, Beaumont, CA - 92223"
Gnomon,-118.329083,34.089501,"1015 N Cahuenga Blvd Ste 54301, Hollywood, CA - 90038"
Coachella Valley Beauty College,-116.278254,33.708193,"79450 Highway 111, La Quinta, CA - 92253"
Valley College of Medical Careers,-118.606731,34.221839,"8399 Topanga Canyon Blvd Ste 200, West Hills, CA - 91304"
Academy of Natural Therapy Inc,-104.691075,40.426259,"625 8th Ave, Greeley, CO - 80631-9441"
Academy Di Capelli-School of Cosmetology,-72.806335,41.490402,"950 Yale Ave Unit 20, Wallingford, CT - 06492"
Delaware Learning Institute of Cosmetology,-75.256051,38.541187,"32448 Royal Blvd. Suite A, Dagsboro, DE - 19939"
Dragon Rises College of Oriental Medicine,-82.312769,29.667368,"1000 NE 16th Ave., Building F, Gainesville, FL - 32601"
Palm Beach Academy of Health & Beauty,-80.115507,26.63948,"2601 S. Military Trail Suite 13, West Palm Beach, FL - 33415-2904"
SABER College,-80.261299,25.771518,"3990 W Flagler St., Ste 103, Miami, FL - 33134"
Taylor College,-82.102824,29.189031,"2531 East Silver Springs Boulevard, Ocala, FL - 34470"
Pensacola School of Massage Therapy & Health Careers,-87.195529,30.494755,"2409 Creighton Rd, Pensacola, FL - 32504"
Ideal Beauty Academy,-85.730456,38.288401,"1401 Youngstown Dr, Jeffersonville, IN - 47130"
Denmark College,-87.357915,41.469921,"8101 Polo Club Dr, Merrillville, IN - 46410"
Louisiana Culinary Institute,-91.066085,30.409979,"10550 Airline Hwy, Baton Rouge, LA - 70816"
Bais Medrash Toras Chesed,-74.21127,40.099704,"901 Monmouth Ave, Lakewood, NJ - 08701"
Ace Institute of Technology,-73.993385,40.753658,"312 West 36 Street, 2nd Floor, New York, NY - 10018"
New Age Training,-73.991591,40.748345,"145 West 30th Street, 8th Floor, New York, NY - 10001-4034"
Dayton School of Medical Massage,-84.168901,39.682932,"4457 Far Hills Ave, Dayton, OH - 45429"
ATA College,-95.856621,36.098554,"10820 E 45th St Suite 100, Tulsa, OK - 74146"
Visible Music College,-90.049381,35.144586,"200 Madison Ave, Memphis, TN - 38103"
CCI Training Center-Arlington,-97.101289,32.755006,"770 E. Road To Six Flags # 140, Arlington, TX - 76011"
Champion Beauty College,-95.489161,29.99352,"3920 FM 1960 West #210, Houston, TX - 77068"
Southeast Texas Career Institute,-94.169885,30.341896,"975 Hwy 327 E Suite 150, Silsbee, TX - 77656"
Southwest Technical College,-113.069916,37.664147,"757 West 800 South, Cedar City, UT - 84720"
Virginia Beach Theological Seminary,-76.189475,36.765993,"2221 Centerville Turnpike, Virginia Beach, VA - 23464-6847"
Milwaukee Career College,-88.048714,43.074192,"3077 N Mayfair Rd Ste 300, Milwaukee, WI - 53222"
University of the West,-118.082964,34.045985,"1409 Walnut Grove Ave, Rosemead, CA - 91770"
American College of Education,-86.160161,39.76975,"101 West Ohio Street, Suite 1200, Indianapolis, IN - 46204"
South University-Tampa,-82.500357,27.982269,"4401 N Himes Ave, Suite 175, Tampa, FL - 33614-7095"
Milan Institute of Cosmetology-San Antonio Military,-98.500738,29.358241,"605 SW Military Drive, San Antonio, TX - 78221"
Appalachian College of Pharmacy,-82.006195,37.211629,"1060 Dragon Road, Oakwood, VA - 24631"
Paul Mitchell the School-Tampa,-82.574571,28.06864,"7823 Citrus Park Town Center Mall, Tampa, FL - 33625"
Paul Mitchell the School-San Diego,-117.160838,32.719128,"410 A Street, San Diego, CA - 92101"
Paul Mitchell the School-Michigan,-83.028804,42.593439,"40688 Van Dyke Ave, Sterling Heights, MI - 48313"
Paul Mitchell the School-Sherman Oaks,-118.467289,34.154315,"15301 Ventura Blvd Unit P2, Sherman Oaks, CA - 91403"
Paul Mitchell the School-Tysons Corner,-77.222536,38.916957,"8041-L Tysons Corner Ctr, McLean, VA - 22102"
Blue Cliff College-Houma,-90.718451,29.59157,"803 Barrow St, Houma, LA - 70360"
Fortis College-Columbus,-82.900188,40.083063,"4151 Executive Parkway Ste 120, Westerville, OH - 43081"
Fortis College-Cincinnati,-84.444969,39.283312,"11499 Chester Road Ste 200, Cincinnati, OH - 45246"
Blue Cliff College-Fayetteville,-94.144491,36.11393,"3448 N. College, Fayetteville, AR - 72703"
Blue Cliff College-Alexandria,-92.475371,31.276699,"1505 Metro Dr Ste 1, Alexandria, LA - 71301"
Strayer University-Delaware,-75.547914,39.743357,"800 North King Street Suite 101, Wilmington, DE - 19801"
Brite Divinity School,-97.359137,32.710145,"2800 S. University Dr., Fort Worth, TX - 76129"
Strayer University-Alabama,-86.80574,33.513375,"2 20th Street North, #150, Birmingham, AL - 35203"
Brown Aveda Institute-Strongsville,-81.826226,41.312522,"17901 Southpark Center - Space 160, Strongsville, OH - 44136"
Clary Sage College,-95.903835,36.117058,"3131 South Sheridan, Tulsa, OK - 74145"
Rasmussen University-Wisconsin,-88.080783,44.526244,"904 South Taylor Street, Suite 100, Green Bay, WI - 54303-2349"
Empire Beauty School-Richmond,-77.550607,37.634052,"9049 West Broad St. #3, Richmond, VA - 23294"
Empire Beauty School-North Hills,-80.004389,40.51987,"4768 McKnight Road, Pittsburgh, PA - 15237"
Empire Beauty School-Concord,-80.712059,35.364022,"Shoppes at Kings Grant 10075 Weddington Rd, Concord, NC - 28027"
Lexington Healing Arts Academy,-84.522938,38.013756,"272 Southland Drive, Lexington, KY - 40503"
Empire Beauty School-Hooksett,-71.44412,43.054992,"1328 Hooksett Rd, Hooksett, NH - 03106"
The Institute of Beauty and Wellness,-87.906535,43.03494,"327 East Saint Paul Avenue, Milwaukee, WI - 53202-0000"
Carrington College-Stockton,-121.323199,37.998992,"1313 West Robinhood Drive B, Stockton, CA - 95207-5509"
Carrington College-Citrus Heights,-121.371383,38.556104,"8915 Folsom Boulevard, Sacramento, CA - 95826"
Trend Barber College,-95.435485,29.982205,"14806 Ella Blvd., Houston, TX - 77090"
Euphoria Institute of Beauty Arts & Sciences-Summerlin,-115.298988,36.147552,"9340 W. Sahara Ave Ste. 205, Las Vegas, NV - 89117"
Columbia Southern University,-87.653162,30.329288,"21982 University Lane, Orange Beach, AL - 36561-9000"
Arizona Culinary Institute,-111.831237,33.581935,"10585 N 114th St Ste 401, Scottsdale, AZ - 85259"
Healthcare Career College,-118.149645,33.889719,"8527 Alondra Blvd, #174, Paramount, CA - 90723-5258"
Coastline Beauty College,-117.921471,33.728821,"16151 Harbor Blvd, Fountain Valley, CA - 92708"
Branford Academy of Hair and Cosmetology,-72.8537,41.277187,"251 West Main St, Branford, CT - 06405"
Academy of Massage and Bodywork,-75.666786,39.628779,"1218 Pulaski Hwy Ste 324, Bear, DE - 19701"
Academy for Five Element Acupuncture,-82.321994,29.650075,"305 SE 2nd Ave, Gainesville, FL - 32601"
Academy of Career Training,-81.439569,28.306092,"3501 W Vine St Ste 111, Kissimmee, FL - 34741"
Miami Regional University,-80.267007,25.810667,"700 S Royal Poinciana Blvd, Miami Springs, FL - 33166"
Paul Mitchell the School-Miami,-80.313201,25.68739,"8905 Dadeland Blvd, Miami, FL - 33156"
Aveda Institute-South Florida,-80.251766,26.070447,"4186 S. University Drive, Davie, FL - 33328"
Aveda Institute-Tallahassee,-84.317892,30.442037,"2020 W. Pensacola St., Tallahassee, FL - 32304"
Shear Excellence Hair Academy,-82.503396,28.027145,"3663 & 3679 W. Waters Avenue, Tampa, FL - 33614"
Carlson College of Massage Therapy,-91.356125,42.103743,"11809 Country Rd X28, Anamosa, IA - 52205"
MyComputerCareer at Indianapolis,-86.25478,39.729314,"2601 Fortune Circle Dr E, Suite 100C, Indianapolis, IN - 46241"
Z Hair Academy,-94.666351,38.867002,"14471 Metcalf, Overland Park, KS - 66223"
DiGrigoli School of Cosmetology,-72.630272,42.146311,"1578 Riverdale St, West Springfield, MA - 01089"
Elevate Salon Institute,-83.164514,42.525165,"4050 Crooks Rd., Royal Oak, MI - 48073"
Lakewood School of Therapeutic Massage,-82.425714,42.97236,"1102 6th St, Port Huron, MI - 48060"
The Salon Professional Academy-Battle Creek,-85.224127,42.297776,"1416 W. Columbia Ave., Battle Creek, MI - 49015"
Trend Setters School,-89.556451,37.285482,"835 South Kings Highway, Cape Girardeau, MO - 63703-7607"
Academy of Hair Design-Springfield,-93.261354,37.180584,"1834 S Glenstone, Springfield, MO - 65804"
Corinth Academy of Cosmetology,-88.520546,34.934036,"509 Cruise St, Corinth, MS - 38834"
Southeastern College-Charlotte,-80.894622,35.152455,"207 Regency Executive Park Drive, Charlotte, NC - 28217"
Yeshivas Be'er Yitzchok,-74.213255,40.682465,"1391 North Ave, Elizabeth, NJ - 07208"
Yeshiva Toras Chaim,-74.182143,40.098692,"999 Ridge Ave, Lakewood, NJ - 08701"
Talmudical Seminary of Bobov,-73.995378,40.634485,"5120 New Utrecht Ave, Brooklyn, NY - 11219"
Center for Allied Health Education,-73.958977,40.608783,"1401 Kings Highway, Brooklyn, NY - 11229"
Monroe 2 Orleans BOCES-Center for Workforce Development,-77.790297,43.194444,"3589 Big Ridge Rd, Spencerport, NY - 14559"
Aveda Fredric's Institute-Cincinnati,-84.361091,39.35541,"7664 Voice of America Centre Drive, West Chester, OH - 45069"
MyComputerCareer at Columbus,-82.911015,40.047771,"4349 Easton Way Suite 145, Columbus, OH - 43219"
CDE Career Institute,-75.303611,41.033423,"2942 Route 611, Tannersville, PA - 18372"
Instituto Educativo Premier,-66.61498,18.010734,"CALLE Villa #123, Ponce, PR - 00730"
Charleston School of Law,-79.937382,32.790942,"385 Meeting Street, Charleston, SC - 29403"
Elite College of Cosmetology,-88.409149,35.657876,"459 North Main Street, Lexington, TN - 38351"
Manuel and Theresa's School of Hair Design-Bryan,-96.370573,30.667077,"715 s texas ave, Bryan, TX - 77803"
Southwest University at El Paso,-106.413158,31.788346,"1414 Geronimo, El Paso, TX - 79925"
Paul Mitchell the School-Austin,-97.740293,30.386375,"9503 Research Blvd Building 3 Suite 310, Austin, TX - 78759"
Aveda Institute-Provo,-111.658335,40.236621,"210 N. University Avenue, Provo, UT - 84601"
Dixie Technical College,-113.591475,37.098418,"610 S. Tech Ridge Drive, Saint George, UT - 84770"
Victoria's Academy of Cosmetology,-119.118142,46.206992,"23 W. 1st Ave., Kennewick, WA - 99336"
Paul Mitchell the School-San Antonio,-98.465779,29.610611,"18402 US Highway 281, Suite 124, San Antonio, TX - 78259"
CEM College-Bayamon,-66.155406,18.398651,"25 Degetau St, Bayamón, PR - 00961"
Bryant & Stratton College-Wauwatosa,-88.050983,43.043215,"10950 W Potter Road, Wauwatosa, WI - 53226"
The Art Institute of Austin,-97.313486,30.110905,"1204 Chestnut St., Bastrop, TX - 78602"
Remington College-Houston Southeast Campus,-95.118946,29.501276,"2051 West Main Street, League City, TX - 77573"
Remington College-Shreveport Campus,-93.793578,32.403166,"2106 Bert Kouns Industrial Loop, Shreveport, LA - 71118"
TC Beauty,-82.354566,36.32439,"222 E Unaka Ave, Johnson City, TN - 37601-4626"
Patrick Henry College,-77.690939,39.138687,"10 Patrick Henry Circle, Purcellville, VA - 20132"
The Hair Academy,-100.76032,46.805857,"2101 East Broadway Avenue, Bismarck, ND - 58501"
Ross Medical Education Center-New Baltimore,-82.751334,42.677429,"51133 Birch Street, Ste 100, New Baltimore, MI - 48047-1581"
Ross College-Sylvania,-83.680536,41.714006,"5834 Monroe Street, Suite F-J, Sylvania, OH - 43560-2265"
Escuela De Troqueleria Y Herramentaje,-66.143939,18.374732,"150 Rd 174 Urb Industrial Minillas, Bayamon, PR - 00959"
Fortis Institute-Nashville,-86.696299,36.084542,"3354 Perimeter Hill Drive, Suite 105, Nashville, TN - 37211"
ATA College-Cincinnati,-84.478867,39.29671,"225 Pictoria Drive, Suite 200, Cincinnati, OH - 45246"
Community Technology Learning Center of Portage,-81.241336,41.156019,"243 S Prospect Street, Ravenna, OH - 44266"
Dental Assistant Pro LLC-Columbus,-82.932055,40.109752,"191 West Shrock Road, Westerville, OH - 43081"
Dental Assistant Pro-Lebanon,-84.190385,39.445803,"568 S Liberty Keuter Road, Lebanon, OH - 45036"
Elite Welding Academy LLC,-84.468434,39.313738,"4670 Dues Drive, Cincinnati, OH - 45246-1013"
Galen College of Nursing-Cincinnati,-84.365946,39.283693,"100 E Business Way Ste 200, Cincinnati, OH - 45241"
Strayer University-North Carolina,-79.882713,36.051694,"4900 Koger Boulevard Suite 400, Greensboro, NC - 27407-2638"
Strayer University-New Jersey,-74.474974,40.554506,"242 Old New Brunswick Road, Ste 200, Piscataway, NJ - 08854"
International Culinary Arts and Sciences Institute,-81.331711,41.523821,"8700 Mayfield Rd, Chesterland, OH - 44026"
Ohio Media School-Columbus,-82.8554,39.955294,"5330 East Main St., Suite 200, Columbus, OH - 43213"
Ohio Medical Career College,-84.195816,39.742339,"1133 S. Edwin C Moses Blvd, Suite 110, Dayton, OH - 45417"
The King's College,-74.012342,40.706677,"56 Broadway, New York, NY - 10004"
Chamberlain University-Administrative Office,-87.640164,41.880848,"500 W. Monroe Street, Suite 1300, Chicago, IL - 60661"
Chamberlain University-Illinois,-88.038558,41.949727,"1221 N. Swift Road, Addison, IL - 60101"
Chamberlain University-Ohio,-82.912163,40.054055,"4111 Worth Avenue, Columbus, OH - 43219"
Chamberlain University-Arizona,-112.104601,33.565758,"2149 W. Dunlap Avenue, Phoenix, AZ - 85021"
The Salon Professional Academy-Appleton,-88.457898,44.26019,"3355 W College Ave, Appleton, WI - 54914"
Milan Institute of Cosmetology-Vacaville,-121.960688,38.370051,"1679 E Monte Vista Ave, Vacaville, CA - 95688"
Milan Institute of Cosmetology-Reno,-119.788456,39.485964,"4020 Kietzke Lane, Reno, NV - 89502"
Ottawa University-Online,-94.635461,38.932055,"4370 West 109th  Street, Suite 200, Overland Park, KS - 66211"
Paul Mitchell the School-Esani,-84.333674,34.042224,"1003 Mansell Rd, Roswell, GA - 30076"
Paul Mitchell the School-Birmingham,-86.808018,33.388978,"1694 Montgomery Hwy Ste 124, Hoover, AL - 35216"
Taft University System,-104.941215,39.692532,"1325 S. Colorado Blvd. Building B, Suite 404, Denver, CO - 80222"
Mayfield College,-116.458827,33.790822,"35-325 Date Palm Dr Ste 101, Cathedral City, CA - 92234"
Academy of Esthetics and Cosmetology,-118.444228,34.285043,"1242 San Fernando Rd, San Fernando, CA - 91340-3212"
Borner's Barber College,-118.309291,33.95588,"8913 S Western Ave, Los Angeles, CA - 90047"
Paul Mitchell the School-Pasadena,-118.133403,34.144765,"825 E Green Street, Pasadena, CA - 91101"
San Francisco Institute of Esthetics & Cosmetology Inc,-122.407083,37.777043,"1067 Folsom St, San Francisco, CA - 94103"
Laurus College,-120.669519,35.2682,"81 Higuera St Ste 110, San Luis Obispo, CA - 93401"
Healing Hands School of Holistic Health,-117.078694,33.124571,"344 East Valley Parkway, Escondido, CA - 92025"
Career Development Institute Inc,-118.386067,34.045817,"1830 S Robertson Blvd, Los Angeles, CA - 90035"
Auguste Escoffier School of Culinary Arts-Boulder,-105.250075,39.983475,"637 S Broadway, Ste H, Boulder, CO - 80305"
Aspen University,-111.981317,33.412164,"4615 E. Elwood St., Suite 100, Phoenix, AZ - 85040"
Institute of Taoist Education and Acupuncture,-105.139431,39.987676,"317 W South Boulder Rd, Suite 5, Louisville, CO - 80027"
Denver College of Nursing,-104.994725,39.75303,"1401 19th St, Denver, CO - 80202"
Cambridge College of Healthcare & Technology,-80.123788,26.438379,"5150 Linton Blvd, Suite 340, Delray Beach, FL - 33484"
Cozmo Beauty School,-81.7803,26.330412,"10347 Bonita Beach Rd SE Ste 103, Bonita Springs, FL - 34135"
Celebrity School of Beauty,-80.323333,25.761658,"855 SW 79th Avenue, Miami, FL - 33144"
Paul Mitchell the School-Atlanta,-84.414967,33.781326,"887 West Marietta Street Suite A, Atlanta, GA - 30318"
Evans Hairstyling College-Rexburg,-111.812372,43.824716,"67 Winn Dr, Rexburg, ID - 83440"
Paul Mitchell the School-Rexburg,-111.803591,43.814348,"557 Mariah Ave, Rexburg, ID - 83440"
University of Aesthetics & Cosmetology,-87.671255,41.906602,"1357 N Milwaukee Ave, Chicago, IL - 60622-2151"
The University of Aesthetics & Cosmetology,-88.011242,41.79354,"1037-1043 Curtiss St., Downers Grove, IL - 60515"
Tricoci University of Beauty Culture-Chicago NW,-87.806767,41.97766,"5321 N Harlem Ave, Chicago, IL - 60656"
Tricoci University of Beauty Culture-Glendale Heights,-88.065213,41.90467,"530 E North Ave, Glendale Heights, IL - 60139"
Tricoci University of Beauty Culture-Peoria,-89.601356,40.746311,"602 W Glen Ave, Peoria, IL - 61614"
Tricoci University of Beauty Culture-Rockford,-89.009435,42.263898,"5485 E State St, Rockford, IL - 61108"
Omega Studios' School of Applied Recording Arts & Sciences,-77.113268,39.06427,"12712 Rock Creek Mill Rd #A14, Rockville, MD - 20852"
French Academy of Cosmetology,-86.198004,43.075898,"111 W Exchange St Ste A, Spring Lake, MI - 49456"
Healing Arts Center,-90.387718,38.603239,"10073 Manchester Road, Suite 100, St. Louis, MO - 63122"
Paul Mitchell the School-Springfield,-93.31815,37.159135,"3017 S Kansas Expy, Springfield, MO - 65807"
Urshan Graduate School of Theology,-90.830252,38.808034,"155 Urshan Way, Wentzville, MO - 63385"
Mississippi Institute of Aesthetics Nails & Cosmetology,-90.327649,32.330039,"460-B Springridge Rd, Clinton, MS - 39056"
College of Western Idaho,-116.507314,43.614106,"5500 East Opportunity Drive, Nampa, ID - 83687"
Aveda Institute-Chapel Hill,-79.026769,35.927944,"201 S. Estes Drive, Space 200 B, Chapel Hill, NC - 27514-7001"
Daoist Traditions College of Chinese Medical Arts,-82.568537,35.606831,"382 Montford Ave, Asheville, NC - 28801"
Total Image Beauty Academy,-74.026091,40.77578,"3900 Bergenline ave 2nd Floor, Union City, NJ - 07087"
Jersey College,-74.057936,40.862137,"546 U.S. Highway 46, Teterboro, NJ - 07608"
American Institute of Medical Sciences & Education,-74.437251,40.56114,"4500 New Brunswick Ave, Piscataway, NJ - 08854"
Casal Institute of Nevada,-115.117387,36.101143,"4856 S Eastern Ave, Las Vegas, NV - 89119"
Career School of NY,-74.078168,40.641352,"350 St. Marks Pl, Staten Island, NY - 10301"
Yeshiva of Machzikai Hadas,-73.990592,40.636104,"1301 47th Street, Brooklyn, NY - 11219-1408"
Aveda Institute-Columbus,-83.043021,40.062719,"889 Bethel Road, Columbus, OH - 43214"
Paul Mitchell the School-Cincinnati,-84.392501,39.291618,"11956 Lebanon Rd, Cincinnati, OH - 45241"
Hands on Therapy,-96.60627,32.787719,"1804 N Galloway Ave, Mesquite, TX - 75149"
MediaTech Institute-Dallas,-96.902721,32.92427,"13300 Branch View Lane, Dallas, TX - 75234"
Aveda Arts & Sciences Institute-San Antonio,-98.452126,29.637354,"21003 Encino Commons Ste 121, San Antonio, TX - 78259-2792"
Skin Science Institute,-111.851628,40.564549,"10299 S. 1300 E., Sandy, UT - 84094"
Pacific Northwest University of Health Sciences,-120.45598,46.602872,"200 University Parkway, Yakima, WA - 98901"
The Chicago School at Anaheim,-117.882312,33.804604,"2400 E. Katella Ave., Suite 1200, Anaheim, CA - 92806"
Fortis College-Dothan,-85.37446,31.243014,"200 Vulcan Way, Dothan, AL - 36303"
Fortis Institute-Pensacola,-87.183112,30.510415,"4081 E Olive Rd Ste B, Pensacola, FL - 32514"
Fortis College-Montgomery,-86.252163,32.384006,"3736 Atlanta Hwy, Montgomery, AL - 36109"
Woodland Community College,-121.73533,38.660392,"2300 E Gibson Rd, Woodland, CA - 95776"
Fortis Institute-Birmingham,-86.862659,33.442921,"100 London Pkwy, Birmingham, AL - 35211"
The Chicago School at Los Angeles,-118.257045,34.049478,"707 Wilshire Boulevard, Los Angeles, CA - 90017"
Cardiac and Vascular Institute of Ultrasound,-88.112324,30.650045,"2936 North McVay Drive, Mobile, AL - 36606"
Studio Academy of Beauty,-111.860316,33.314894,"610 N Alma School Rd Ste 38, Chandler, AZ - 85224"
California Nurses Educational Institute,-116.490142,33.816672,"5200 E. Ramon Rd. Suite I-1, Palm Springs, CA - 92264"
Paul Mitchell the School-Sacramento,-121.41594,38.594752,"2100 Arden Way Ste 265, Sacramento, CA - 95825"
Providence Christian College,-118.141062,34.149327,"464 E Walnut St, Pasadena, CA - 91101"
Oxford Academy of Hair Design Inc,-73.061063,41.397798,"153 North Street, Seymour, CT - 06483"
Institute of World Politics,-77.036112,38.910537,"1521 16th St NW, Washington, DC - 20036"
Pontifical John Paul II Institute for Studies on Marriage and Family,-76.998606,38.933246,"620 Michigan Ave NE - McGivney Hall, Washington, DC - 20064-9997"
Medical Institute of Palm Beach,-80.134959,26.620478,"5821-B Lake Worth Road, Greenacres, FL - 33463"
Oliver Finley Academy of Cosmetology,-116.281478,43.667102,"6843 N Strawberry Glen Rd. #140, Boise, ID - 83714"
National Career College,-118.446211,34.22245,"14355 Roscoe Blvd, Panorama City, CA - 91402"
Aveda Institute-Chicago,-87.645838,41.933493,"2828 N Clark St, Chicago, IL - 60657"
Tricoci University of Beauty Culture-Libertyville,-87.942702,42.28167,"751 E Park Ave, Libertyville, IL - 60048"
Tricoci University of Beauty Culture-Bridgeview,-87.80309,41.734829,"7350 W 87th St, Bridgeview, IL - 60455"
The Temple-A Paul Mitchell Partner School,-77.411651,39.415249,"22 W Church St, Frederick, MD - 21701"
Center for Massage,-82.55114,35.593919,"16 Eagle Street, Suite 100, Asheville, NC - 28801"
The Academy of Hair Design LLC,-97.557189,35.612955,"2501 W Memorial Rd Suite 229, Oklahoma City, OK - 73134-8055"
Toni & Guy Hairdressing Academy-Cranston,-71.478386,41.734598,"1279 Oaklawn Ave, Cranston, RI - 02920"
South Texas Training Center,-98.177752,26.211808,"213 E. Ferguson, Pharr, TX - 78577"
Columbia College,-77.249152,38.928425,"8620 Westwood Center Drive, Vienna, VA - 22182"
Vermont College of Fine Arts,-72.567616,44.25521,"36 College St, Montpelier, VT - 05602"
Advanced Welding Institute,-73.139437,44.45588,"2 Green Tree Dr Suite 3, South Burlington, VT - 05403"
Paul Mitchell the School-Memphis,-89.947956,35.129595,"3419 Plaza Avenue, Memphis, TN - 38111"
Pima Medical Institute-East Valley,-111.689497,33.376378,"2160 S Power Rd, Mesa, AZ - 85209"
Paul Mitchell the School-Cleveland,-81.463033,41.330927,"10735 Ravenna Rd, Twinsburg, OH - 44087"
Paul Mitchell the School-Columbus,-82.938765,40.059575,"3000 Morse Rd, Columbus, OH - 43231"
Empire Beauty School-Spring Lake Park,-93.26237,45.117185,"8205 University Ave, Spring Lake Park, MN - 55432"
MediaTech Institute-Houston,-95.568341,29.724809,"3324 Walnut Bend Ln, Houston, TX - 77042"
Urbana Theological Seminary,-88.233772,40.108244,"314 East Daniel Street, Urbana, IL - 61820"
Miller-Motte College-Raleigh,-78.585676,35.834569,"3901 Capital Blvd Ste 151, Raleigh, NC - 27604-6072"
Lamson Institute,-98.607504,29.481426,"5819 NW Loop 410-Ste 160, San Antonio, TX - 78238"
College of Hair Design-East Campus,-96.596462,40.732974,"9000 Andermatt Dr, Lincoln, NE - 68526"
Fortis College-Salt Lake City,-111.870502,40.685819,"3949 S 700 E Ste 150, Salt Lake City, UT - 84107"
Polytechnic University of Puerto Rico-Miami,-80.328482,25.80915,"8180 N.W. 36 St., Suite 401, Miami, FL - 33166"
Polytechnic University of Puerto Rico-Orlando,-81.253943,28.55158,"550 N Econlockhatchee Tr, Orlando, FL - 32825"
Ross Medical Education Center-Fort Wayne,-85.14454,41.115114,"4122 Lima Road, Unit A5, Fort Wayne, IN - 46805-1046"
Ross Medical Education Center-Battle Creek,-85.20031,42.247801,"3600 Capital Ave., SW, Suite 104, Battle Creek, MI - 49015-9393"
Geisinger Commonwealth School of Medicine,-75.655478,41.413415,"525 Pine St, Scranton, PA - 18509"
"Josef's School of Hair, Skin & Body-Fargo",-96.83183,46.86216,"3223 13 AVE S, Ste A, Fargo, ND - 58103"
Miller-Motte College-McCann-Allentown,-75.448981,40.64006,"2200 N Irving St, Allentown, PA - 18109"
Salon Success Academy-Fontana,-117.437904,34.099087,"16803 Arrow Hwy, Fontana, CA - 92335"
Salon Success Academy-Redlands,-117.218933,34.062342,"1915 W Redlands Blvd Ste 111, Redlands, CA - 92373"
Strayer University-West Virginia,-81.92619,38.454588,"135 Corporate Center Drive Suite 531, Scott Depot, WV - 25560"
Paul Mitchell the School-Baton Rouge,-91.044491,30.41107,"12158 Coursey Blvd, Baton Rouge, LA - 70816"
San Joaquin Valley College-Hesperia,-117.383116,34.420693,"9331 Mariposa Road, Hesperia, CA - 92344-8086"
South Texas Vocational Technical Institute-Brownsville,-97.502052,25.944046,"1900 North Expressway, Suite O, Brownsville, TX - 78521"
Miller-Motte College-STVT-Corpus Christi,-97.433269,27.739649,"2000 South Padre Island Dr, Corpus Christi, TX - 78416"
University of Minnesota-Rochester,-92.463471,44.022339,"111 South Broadway, Suite 300, Rochester, MN - 55904"
Health And Style Institute,-79.840799,36.037762,"500 Four Seasons Town Centre, Greensboro, NC - 27407"
CBT Technology Institute-Cutler Bay,-80.356565,25.590468,"19151 South Dixie Hwy.  Suite # 205, Cutler Bay, FL - 33157"
Capri Beauty College,-87.927816,41.509958,"1938 E Lincoln Hwy, New Lenox, IL - 60451"
Milan Institute-Bakersfield,-119.023088,35.385513,"2822 F Street, Ste H, Bakersfield, CA - 93301"
Homestead Schools,-118.35009,33.809096,"23800 Hawthorne Blvd. Ste 200, Torrance, CA - 90505"
Carrington College-Las Vegas,-115.118231,36.08486,"5740 S. Eastern Ave., Ste. 140, Las Vegas, NV - 89119"
Carrington College-Reno,-119.786947,39.463165,"5580 Kietzke Ln., Reno, NV - 89511"
Chamberlain University-Florida,-81.586421,30.243517,"5200 Belfort Road, Suite 100, Jacksonville, FL - 32256"
Washington Barber College Inc,-92.335352,34.69065,"5300 West 65th Street, Little Rock, AR - 72209-3820"
InterCoast Colleges-Rancho Cordova,-121.334243,38.561309,"9738 Lincoln Village Dr. Suite 120, Rancho Cordova, CA - 95827"
Horizon University,-85.986809,39.894654,"7700 Indian Lake Road, Indianapolis, IN - 46236-2622"
Beyond 21st Century Beauty Academy,-118.041477,33.916443,"13640 Imperial Hwy Ste 6-8, Santa Fe Springs, CA - 90670"
Academy for Jewish Religion California,-118.415744,33.97085,"1LMU Drive, STE 3400, Los Angeles, CA - 90045"
Angeles College,-118.29903,34.061223,"3440 Wilshire Blvd Ste 310, Los Angeles, CA - 90010"
Angeles Institute,-118.080741,33.875772,"17100 PIONEER BLVD, SUITE 170, ARTESIA, CA - 90701-2713"
Paul Mitchell the School-Temecula,-117.146674,33.507316,"27536 Ynez Rd Ste E-1, Temecula, CA - 92591"
TIGI Hairdressing Academy Guilford,-72.677612,41.28773,"860 Boston Post Road, Guilford, CT - 06437"
International Institute of Cosmetology,-72.661782,41.707932,"632 Silas Deane Hwy, Wethersfield, CT - 06109"
Florida School of Traditional Midwifery,-82.31585,29.652269,"810 E University Ave, Gainesville, FL - 32601"
Emerald Coast Technical College,-86.128061,30.73209,"761 N 20th St, DeFuniak Springs, FL - 32433"
Immokalee Technical College,-81.425148,26.426526,"508 N 9th St, Immokalee, FL - 34142"
American Academy of Cosmetology,-81.798803,30.123757,"1330 Blanding Blvd Ste 125, Orange Park, FL - 32065"
University of Fort Lauderdale,-80.204938,26.147098,"4131 NW 16th St, Lauderhill, FL - 33313"
Aviation Institute of Maintenance-Orlando,-81.334196,28.680653,"2725 South US Highway 17/92, Casselberry, FL - 32707"
Summit Salon Academy,-82.525411,28.051825,"4802 Gunn Hwy Suite 144, Tampa, FL - 33624"
Summit Salon Academy-Gainesville,-82.416921,29.654808,"6915 NW 4th Blvd., Suite B, Gainesville, FL - 32607"
Tenaj Salon Institute,-82.028094,28.929944,"11915 County Road 103, The Villages, FL - 32162"
Profile Institute of Barber-Styling,-84.392992,33.680654,"122 Cleveland Ave SW, Atlanta, GA - 30315"
Keune Academy by 124,-84.02253,33.96488,"755 Lawrenceville-Suwannee Rd Bldg 1300, Lawrenceville, GA - 30043"
Pacific Rim Christian University,-157.888379,21.328198,"2223 Hoonee Pl., Honolulu, HI - 96819-2228"
Paul Mitchell the School-Twin Falls,-114.469533,42.555761,"113 Main Ave E, TWIN FALLS, ID - 83301"
Ambria College of Nursing,-88.2109,42.075628,"5210 Trillium Blvd, Hoffman Estates, IL - 60192"
Midwestern Career College,-87.632009,41.886233,"203 N LaSalle, Chicago, IL - 60601"
Paul Mitchell the School-Normal,-88.959619,40.50938,"1503 E College Ave Ste L, Normal, IL - 61761"
Innovations Design Academy,-90.669693,40.457778,"214 E. Washington St, Macomb, IL - 61455"
Aveda Fredric's Institute-Indianapolis,-86.117678,39.959878,"2208 East 116th Street, Carmel, IN - 46032"
Summit Salon Academy,-85.654184,40.063021,"1944 East 53rd Street, Anderson, IN - 46013"
Eric Fisher Academy,-97.422011,37.693713,"6727 W Central, Wichita, KS - 67212"
My Le's Beauty College,-90.029931,29.902428,"601 Terry Parkway Ste. A, Gretna, LA - 70056"
Blackstone Valley Vocational Regional School District,-71.616243,42.16382,"65 Pleasant St, Upton, MA - 01568-1499"
Southern Worcester County Regional Vocational School District,-71.957564,42.133623,"57 Old Muggett Hill Rd, Charlton, MA - 01507-1331"
L'esprit Academy,-83.457386,42.321904,"42083 Ford Road, Canton, MI - 48187-3669"
Marketti Academy of Cosmetology,-83.374733,42.683352,"4390 Dixie Hwy, Waterford, MI - 48329"
Avalon School of Cosmetology,-95.602503,43.631842,"1428 N McMillan St, Worthington, MN - 56187"
City Vision University,-94.569475,39.101164,"1100 E 11th Street, Kansas City, MO - 64106-3028"
Montana Academy of Salons,-111.303922,47.49941,"501 2nd St S, Great Falls, MT - 59405"
National Career Institute,-74.222091,40.76137,"134 Evergreen Place, East Orange, NJ - 07018"
Paul Mitchell the School-Albuquerque,-106.566537,35.102306,"2201 Uptown Loop Rd NE, Ste F, Albuquerque, NM - 87110"
International Academy of Style,-119.783208,39.516281,"2295 Market st, Reno, NV - 89502-1559"
EDP School,-73.952901,40.58605,"1601 Voorhies Ave 2nd Floor, Brooklyn, NY - 11235"
New York Medical Career Training Center,-73.829753,40.7608,"136-20 38th Avenue Suite 5F, Flushing, NY - 11354"
Institute of Culinary Education,-74.015637,40.712449,"225 Liberty Street, New York, NY - 10281"
The Salon Professional Academy-Tonawanda,-78.824364,42.981584,"2309 Eggert Rd, Tonawanda, NY - 14150"
Paul Mitchell the School-NYC,-74.114517,40.573227,"187 New Dorp Lane, Staten Island, NY - 10306"
Four County Career Center,-84.303115,41.452808,"22-900 State Rte 34, Archbold, OH - 43502"
Summit Salon Academy-Perrysburg,-83.620281,41.54424,"116 W South Boundary St., Perrysburg, OH - 43551"
Portland Actors Conservatory,-122.681845,45.524258,"128 NW 11th Ave., Portland, OR - 97209"
Somerset County Technology Center,-79.029641,40.00475,"281 Technology Dr, Somerset, PA - 15501-4309"
Metro Beauty Academy,-75.555591,40.56865,"4977 Medical Center Circle, Allentown, PA - 18106"
Academy for Careers and Technology,-79.340157,34.186433,"2697 E Hwy 76, Mullins, SC - 29574"
Love Beauty School Inc,-86.093863,35.488524,"1161 Murfreesboro Hwy, Manchester, TN - 37355"
Houston International College Cardiotech Ultrasound School,-95.592909,29.675203,"12135 Bissonnet Ste E, Houston, TX - 77099"
DuVall's School of Cosmetology,-97.168105,32.852275,"201 Harwood Rd Ste 218, Bedford, TX - 76021"
Texas Beauty College,-97.265311,32.826045,"4123 Denton Hwy, Haltom city, TX - 76117"
Avenue Five Institute,-97.728961,30.369503,"8620 Burnet Rd Ste 300, Austin, TX - 78757"
The Salon Professional Academy-Lewisville,-96.964907,33.005024,"2440 B S Stemmons Fwy, Lewisville, TX - 75067"
Renaissance Academie,-111.665961,40.25395,"1460 N. Moonriver Drive, Provo, UT - 84604"
Ascent College,-77.624657,38.805988,"14525 John Marshall Hwy., Gainesville, VA - 20155"
Institute of Advanced Medical Esthetics,-77.475904,37.758005,"405 england st, Ashland, VA - 23005-2111"
Aveda Arts & Sciences Institute Seattle,-122.319241,47.614494,"802 East Pike Street, Seattle, WA - 98122"
Northwest School of Wooden Boat Building,-122.752588,48.03413,"42 N Water St, Port Hadlock, WA - 98339"
The Salon Professional Academy-Onalaska,-91.19732,43.87382,"566 Theater Rd, Onalaska, WI - 54650"
West Coast University-Orange County,-117.911811,33.81104,"1477 S Manchester Ave, Anaheim, CA - 92802-2905"
West Coast University-Ontario,-117.590035,34.066591,"2855 E. Guasti Rd, Ontario, CA - 91761-7698"
Paul Mitchell the School-Chicago,-87.646644,41.866213,"1225 S Halsted St, Chicago, IL - 60607"
Miller-Motte College-Fayetteville,-78.88167,35.11096,"3725 Ramsey St., Fayetteville, NC - 28311"
European Massage Therapy School-Las Vegas,-115.300577,36.145445,"9440 W. Sahara Ave., suite 250, Las Vegas, NV - 89117"
Miller-Motte College-Columbus,-84.935912,32.479997,"1800 Box Rd, Columbus, GA - 31907"
The Art Institute of Virginia Beach,-76.131737,36.842383,"Two Columbus Center, 4500 Main St Ste 100, Virginia Beach, VA - 23462"
Fortis College-Indianapolis,-86.223181,39.9184,"9001 N Wesleyan Rd Ste 101, Indianapolis, IN - 46268"
Empire Beauty School-E Memphis,-89.90197,35.115499,"568 Colonial Rd, Memphis, TN - 38117"
Empire Beauty School-Nashville,-86.814676,35.967868,"7106 Moore's Ln, Brentwood, TN - 37027"
Empire Beauty School-Jackson,-88.847611,35.63694,"1433 Hollywood Dr, Jackson, TN - 38301"
Empire Beauty School-Springfield,-75.349771,39.93765,"799 W Sproul Rd, Springfield, PA - 19064"
Empire Beauty School-Speedway,-86.261512,39.80055,"5750 A Crawfordsville Rd, Speedway, IN - 46224"
Empire Beauty School-Morrow,-84.32568,33.564936,"1958 Mt Zion Rd, Ste 205, Morrow, GA - 30260"
Strayer University-Arkansas,-92.271192,34.745489,"322 Main Street, Ste 501, Little Rock, AR - 72201"
Strayer University-Georgia,-84.267177,33.870686,"2965 Flowers Road South, Ste 100, Chamblee, GA - 30341"
Strayer University-Mississippi,-90.188097,32.300562,"100 East Capitol Street Suite 100, Jackson, MS - 39201"
Strayer University-South Carolina,-82.399535,34.839766,"823 S. Church Street, Ste B, Greenville, SC - 29601"
Strayer University-Texas,-96.887509,32.910744,"2711 LBJ Freeway, Farmers Branch, TX - 75234"
The Art Institute of San Antonio,-98.56556,29.532925,"10000 IH-10 W Ste 200, San Antonio, TX - 78230"
Empire Beauty School-Charlotte,-80.7837,35.25855,"4901-B N Tryon St, Charlotte, NC - 28213"
Empire Beauty School-Winston-Salem,-80.282751,36.152612,"7740 N Point Blvd, Winston-Salem, NC - 27106"
Empire Beauty School-West Palm,-80.107401,26.705541,"4258  Okeechobee Blvd, West Palm Beach, FL - 33409"
Empire Beauty School-Pineville,-80.865367,35.089864,"8700 Pineville-Matthews Rd, Charlotte, NC - 28226"
Paul Mitchell the School-Phoenix,-112.133047,33.523667,"3423 W Bethany Home Road, Phoenix, AZ - 85017"
Paul Mitchell the School-Modesto,-120.993745,37.68301,"3100 McHenry Ave, Modesto, CA - 95350"
Cosmo Beauty Academy,-121.401027,38.62883,"3500 Fulton Avenue, Sacramento, CA - 95821-6800"
Paul Mitchell the School-Fresno,-119.782437,36.809778,"5091 N Fresno Street Ste 104, Fresno, CA - 93710"
Unitek College,-121.961761,37.50904,"4670 Auto Mall Pkwy, Fremont, CA - 94538"
Gurnick Academy of Medical Arts,-121.912991,37.364294,"1641 N. First Street, San Jose, CA - 95112"
Paul Mitchell the School-East Bay,-122.061226,37.94492,"100 Crescent Dr., Suite D, Pleasant Hill, CA - 94523"
South University-Richmond,-77.599967,37.64706,"2151 Old Brick Rd, Glen Allen, VA - 23060"
South University-Virginia Beach,-76.124288,36.8336,"301 Bendix Rd, Ste 100, Virginia Beach, VA - 23452"
Aveda Institute-Denver,-105.000615,39.729146,"801 Kalamath, Denver, CO - 80204"
Paul Mitchell the School-Colorado Springs,-104.828339,38.832889,"118 West Colorado Avenue, Colorado Springs, CO - 80903"
The Salon Professional Academy-Colorado Springs,-104.750884,38.896966,"4388 Austin Bluffs Pkwy, Colorado Springs, CO - 80918"
Paul Mitchell the School-Delaware,-75.680231,39.62274,"1420 Pulaski Hwy, Newark, DE - 19702"
Fred K Marchman Technical College,-82.691779,28.271196,"7825 Campus Dr., New Port Richey, FL - 34653"
The Salon Professional Academy-Ft Myers,-81.887326,26.595568,"1388 Colonial Blvd, Fort Myers, FL - 33907"
Universal Spa Training Academy,-87.99384,41.796008,"340 Burlington Ave, Downers Grove, IL - 60515"
The Salon Professional Academy-Evansville,-87.483521,37.98732,"5545 Vogel Rd, Evansville, IN - 47715"
Tri County Regional Vocational Technical High School,-71.421577,42.094957,"147 Pond St, Franklin, MA - 02038"
Compass College of Film and Media,-85.667065,42.961875,"41 Sheldon Ave. SE, Grand Rapids, MI - 49503"
Nova Academy of Cosmetology,-92.509748,44.08537,"5979 Bandel Road, Rochester, MN - 55901"
Sage School of Massage & Esthetics,-121.358102,44.058731,"2855 NW Crossing Drive, Suite 201, Bend, OR - 97703"
Peloton College,-96.768104,32.89622,"10830 N Central Expwy Ste 252, Dallas, TX - 75231"
ABC Beauty Academy,-96.685333,32.931698,"2109 Buckingham Rd., Richardson, TX - 75081"
Salon & Spa Institute,-97.508606,25.938911,"2695 North Coria Street, Brownsville, TX - 78520-8809"
American Beauty Academy,-111.733488,40.034634,"87 W 600 S, Payson, UT - 84651"
Summit Salon Academy,-122.472325,47.223485,"3702 S Fife Street Ste B102, Tacoma, WA - 98409"
Paul Mitchell the School-Milwaukee,-88.055994,43.074156,"11415 W Burleigh Street #107, Wauwatosa, WI - 53222"
Touro University Worldwide,-118.057754,33.808683,"10601 Calle Lee  #179, Los Alamitos, CA - 90720"
Touro University California,-122.263949,38.085479,"1310 Club Drive, Vallejo, CA - 94592"
The Chicago School at Washington DC,-77.033071,38.90163,"901 15th St., NW, Washington, DC - 20005"
Touro University Nevada,-115.024012,36.043189,"874 American Pacific Drive, Henderson, NV - 89014"
Herzing University-Kenosha,-87.820105,42.582628,"5800 7th Avenue, Kenosha, WI - 53140"
Herzing University-Brookfield,-88.110994,43.035738,"15895 W Bluemound Rd, Brookfield, WI - 53005"
Texas A&M University-San Antonio,-98.52417,29.304762,"One University Way, San Antonio, TX - 78224"
Fortis Institute,-95.395051,29.93744,"450 N Sam Houston Pkwy E Ste 200, Houston, TX - 77060"
Southern Careers Institute-Brownsville,-97.501124,25.936988,"935 N. Expressway, Brownsville, TX - 78520"
Southern Careers Institute-Harlingen,-97.675281,26.20385,"1122 Morgan Boulevard, Harlingen, TX - 78550"
Strayer University-Global Region,-77.034133,38.904881,"1133 15th St NW, Suite 200, Washington, DC - 20005"
Kenneth Shuler School of Cosmetology-Florence,-79.80945,34.238425,"2443 West Lucas Street, Florence, SC - 29501"
Fortis College-Columbia,-81.081809,34.01512,"246 Stoneridge Dr Ste 101, Columbia, SC - 29210"
Ross Medical Education Center-Davison,-83.516551,43.021829,"815 South State Street, Davison, MI - 48423-1751"
Ross Medical Education Center-Granger,-86.174277,41.717835,"445 E. University Drive, Granger, IN - 46530-4479"
Ross Medical Education Center-Niles,-80.746465,41.212037,"5555 Youngstown-Warren Rd, Unit 909, Niles, OH - 44446-4810"
Ross Medical Education Center-Canton,-83.482675,42.324442,"44958 Ford Rd, Canton, MI - 48187-5071"
Pima Medical Institute-Houston,-95.562287,29.838306,"11125 Equity Drive, Suite 100, Houston, TX - 77041"
Illinois Media School-Chicago Campus,-87.631178,41.879215,"105 W. Adams, Suite 1900, Chicago, IL - 60602"
Miller-Motte College-STVT-San Antonio,-98.4891,29.35599,"734 SE Military Drive, San Antonio, TX - 78214"
Concorde Career College-Dallas,-96.741711,32.91856,"12606 Greenville Ave Ste 130, Dallas, TX - 75243"
Concorde Career Institute-Orlando,-81.340421,28.55984,"3444 McCrory Place, Orlando, FL - 32803"
Concorde Career College-San Antonio,-98.582351,29.49003,"4803 NW Loop 410, San Antonio, TX - 78229"
Johnson & Wales University-Online,-71.41277,41.819956,"8 Abbott Park Pl, Providence, RI - 02903"
Fairfax University of America,-77.347751,38.84905,"4401 Village Drive, Fairfax, VA - 22030-0000"
Geisinger-Lewistown Hospital School of Nursing,-77.567654,40.619424,"400 Highland Avenue, Lewistown, PA - 17044"
Moreno Valley College,-117.20271,33.88744,"16130 Lasselle St, Moreno Valley, CA - 92551"
Norco College,-117.570212,33.917387,"2001 Third St, Norco, CA - 92860"
Dorsey College-Saginaw,-83.973056,43.47055,"4390 Bay Rd, Saginaw, MI - 48603"
Milan Institute-Boise,-116.295195,43.59086,"9050 W. Overland Rd. Suite 200, Boise, ID - 83709"
Milan Institute of Cosmetology-El Paso,-106.300156,31.749325,"1580 George Dieter Dr., Ste 207, El Paso, TX - 79936"
Universal Technical Institute-Dallas Fort Worth,-97.012741,32.93806,"5151 Regent Blvd., Irving, TX - 75063"
ICPR Junior College,-66.493841,18.429025,"Carretera #2 K.M. 49.9 Puerta del Norte Mall 4to. Piso Suite 17, Manati, PR - 00674"
Artistic Nails and Beauty Academy-Lakeland,-81.94718,28.053634,"985 E Memorial Blvd, Lakeland, FL - 33801"
Hawaii Medical College,-157.847652,21.295164,"1221 Kapiolani Boulevard Ste. 644, Honolulu, HI - 96814-3518"
Carolina College of Hair Design Inc,-82.601533,35.584088,"1302 Patton Ave Suite 20, Asheville, NC - 28806-2711"
Integrated Massage Therapy Services,-112.335853,43.200889,"1600 Highland Drive, Blackfoot, ID - 83221"
Miller-Motte College-Jacksonville,-77.432163,34.797826,"105 New Frontier Way, Jacksonville, NC - 28546"
Miller-Motte College-Augusta,-82.055083,33.423915,"3128 Deans Bridge Road, Suite A, Augusta, GA - 30906"
Miller-Motte College-Conway,-78.993461,33.788822,"2451 Highway 501 East, Conway, SC - 29526-9508"
Aveda Institute-Portland,-122.68474,45.525507,"325 Northwest 13th Avenue, Portland, OR - 97209-3144"
Chamberlain University-Virginia,-77.220505,38.910459,"1951 Kidwell Drive, Vienna, VA - 22182"
Penrose Academy,-111.927617,33.608309,"13402 North Scottsdale Road Suite B160, Scottsdale, AZ - 85254-4065"
Skin Institute,-90.364232,38.527717,"25 Ronnie's Plaza, Saint Louis, MO - 63126"
Beauty Academy of South Florida,-80.323571,25.86289,"9800 NW 77 Avenue, Hialeah Gardens, FL - 33016-2421"
Ogle School Hair Skin Nails-North Dallas,-96.803615,32.984161,"17174 Preston Road, Dallas, TX - 75248-1216"
The Salon Professional Academy,-92.20198,34.858161,"13125 HWY 107, Sherwood, AR - 72120"
The Salon Professional Academy-St Charles,-90.538719,38.788891,"3141 West Clay Street, St. Charles, MO - 63301-1021"
Mildred Elley-New York Campus,-74.013948,40.70563,"25 Broadway 16th Floor, New York, NY - 10004-1010"
National Paralegal College,-112.064275,33.530663,"717 E Maryland Ave, Phoenix, AZ - 85014-1561"
Carolina College of Biblical Studies,-78.939514,35.05141,"817 South McPherson Church Road, Fayetteville, NC - 28303-5157"
Northeast Technology Center,-95.309265,36.294408,"511 S Elliott St, Pryor, OK - 74361"
Allstate Hairstyling & Barber College,-81.704403,41.484002,"2546 Lorain Avenue, Cleveland, OH - 44113-3413"
Omega Graduate School,-85.053774,35.468142,"500 Oxford Drive, Dayton, TN - 37321-6736"
Jung Tao School of Classical Chinese Medicine,-81.785303,36.263233,"207 Dale Adams Road, Sugar Grove, NC - 28679-9657"
New York Film Academy,-118.335567,34.152076,"3300 West Riverside Drive, Burbank, CA - 91505"
International College of Cosmetology,-122.220803,37.774887,"3701 International Boulevard, Oakland, CA - 94601-3525"
Bella Capelli Academy,-79.781557,40.432534,"151 Wyngate Drive, Monroeville, PA - 15146-2388"
Institute of Medical Careers,-79.823825,40.465286,"133 Jefferson Road, Pittsburgh, PA - 15235-3718"
Flagler Technical College,-81.211337,29.47629,"5400 E. Highway 100, Palm Coast, FL - 32164"
Galaxy Medical College,-118.396209,34.186976,"6400 Laurel Canyon Boulevard, Suite 115, North Hollywood, CA - 91606-1593"
American Medical Sciences Center,-118.256991,34.147117,"225 West Broadway, Suite 410, Glendale, CA - 91204-5108"
Mandalyn Academy,-111.78129,40.371763,"648 East State Road, Unit B, American Fork, UT - 84003-2161"
Jose Maria Vargas University,-80.281548,26.009656,"10131 Pines Boulevard, Pembroke Pines, FL - 33026"
D A Dorsey Technical College,-80.225732,25.839575,"7100 N. W. 17th Avenue, Miami, FL - 33147-6304"
Keweenaw Bay Ojibwa Community College,-88.507761,46.782535,"111 Beartown Road, Baraga, MI - 49908-0000"
Meridian Institute of Surgical Assisting,-86.842536,36.187738,"1507 County Hospital Road, Nashville, TN - 37218"
Mauna Loa Helicopters,-156.041847,19.729107,"73-310 U'u Street, Kailua Kona, HI - 96740-2650"
Acaydia School of Aesthetics,-111.65823,40.234627,"86 North University Avenue, Suite 130, Provo, UT - 84601-0000"
Holistic Massage Training Institute,-76.603096,39.322479,"2834 Loch Raven Road, Baltimore, MD - 21218"
Diamonds College,-96.606125,33.673442,"3321 Loy Lake Rd, Sherman, TX - 75090-2657"
Northern Virginia School of Therapeutic Massage,-77.160302,38.873422,"6402 Arlington Blvd, Suite 840, Falls Church, VA - 22042-4302"
Paul Mitchell the School-St Louis,-90.262731,38.64474,"30 Maryland Plaza Suite 200, St. Louis, MO - 63108-1554"
Advanced Training Institute,-115.206821,36.09589,"5150 S. Decatur Blvd., Las Vegas, NV - 89118-1519"
Shepherds Theological Seminary,-78.742623,35.744334,"6051 Tryon Road, Cary, NC - 27518-9316"
Taylor Andrews Academy of Hair Design-West Jordan,-111.934309,40.586803,"9052 South 1510 West, West Jordan, UT - 84088-6577"
Santa Ana Beauty Academy,-117.835205,33.766402,"2231 North Tustin Avenue, Santa Ana, CA - 92705-7820"
Manna University,-78.961305,35.058616,"5117 Cliffdale Road, Fayetteville, NC - 28314-2343"
Evolve Beauty Academy,-91.013977,38.551723,"2 Wainwright St -100, Washing, MO - 63090"
Aveda Institute-New Mexico,-106.667464,35.091873,"1816 Central Ave SW, Albuquerque, NM - 87104-1160"
American Trade School,-90.380141,38.72876,"3925 Industrial Drive, Saint Ann, MO - 63074-1807"
Estelle Skin Care and Spa Institute,-87.747041,42.06358,"10024 Skokie Blvd, #301, Skokie, IL - 60077-9945"
Paul Mitchell the School-Honolulu,-157.800379,21.282135,"1123 Eleventh Avenue, Suite 102, Honolulu, HI - 96816-2433"
Elite Cosmetology School,-116.394724,33.723624,"72-840 HWY 111, PALM DESERT, CA - 92260"
American Technical Institute,-66.184489,18.379307,"Ave Castiglioni U-27, Bayamon Gardens, Bayamon, PR - 00957-0000"
Bergin University of Canine Studies,-122.68099,38.302849,"10201 Old Redwood Hwy, Penngrove, CA - 94951"
Aveda Institute-Boise,-116.309994,43.620545,"10222 W Fairview Ave, Boise, ID - 83704-4406"
Pima Medical Institute-Aurora,-104.831481,39.6956,"13750 E. Mississippi Avenue, Aurora, CO - 80012-0000"
Capilo School of Hair Design,-69.777717,44.317693,"43 Bridge Street, Augusta, ME - 04330-0000"
Pure Aesthetics Natural Skincare School,-110.929841,32.23572,"2850 East Speedway Boulevard, Tucson, AZ - 85716-3823"
Lindsey Institute of Cosmetology,-86.420808,36.947279,"1059 Shive Lane, Bowling Green, KY - 42103-8036"
Buckner Barber School,-96.684709,32.737175,"1515 South Buckner Boulevard, Suite 147, Dallas, TX - 75217-1775"
Simmons College of Kentucky,-85.764811,38.239519,"1018 South 7th Street, Louisville, KY - 40203-3322"
Atelier Esthetique Institute of Esthetics,-73.995669,40.746376,"226 East 26th Street 7th Floor, New York, NY - 10001"
Advanced College of Cosmetology,-88.736198,43.632848,"25 West Main Street, Waupun, WI - 53963-0000"
North American University,-95.588338,29.646303,"11929 West Airport Blvd., Stafford, TX - 77477-0000"
United Beauty College,-105.025463,39.68573,"1701 S Federal Boulevard # A, Denver, CO - 80219"
Cinta Aveda Institute,-122.404307,37.790935,"305 Kearny Street, San Francisco, CA - 94108-3204"
Long Island Nail Skin & Hair Institute,-73.489818,40.759423,"1055 Stewart Avenue, Bethpage, NY - 11714"
Keser Torah-Mayan Hatalmud,-74.17029,40.098369,"218 Joe Parker Road, Lakewood, NJ - 08701-2758"
Southern California Health Institute,-118.370014,34.173485,"5644 Vineland Ave, North Hollywood, CA - 91601"
Best Care College,-74.221116,40.765332,"68 South Harrison, East Orange, NJ - 07018-1703"
First Class Cosmetology School,-89.036231,42.49901,"306 State Street, Beloit, WI - 53511-0000"
Millennia Atlantic University,-80.352717,25.808134,"3801 NW 97TH Avenue, Suite 100, Doral, FL - 33178-2369"
Abcott Institute,-83.210617,42.446331,"16250 Northland Drive, Suite 205, Southfield, MI - 48075-5227"
The Salon Professional Academy-Kenosha,-87.853088,42.55804,"3701 80th Street, Suite B, Kenosha, WI - 53142-4950"
Paul Mitchell the School-Indianapolis,-86.127361,39.640007,"8751 US 31 Highway South, Indianapolis, IN - 46227-6252"
Taylor Andrews Academy-St George,-113.534004,37.101706,"2214 E Riverside Drive, St. George, UT - 84790"
Protege Academy,-84.452903,42.724862,"4960 Northwind Dr., East Lansing, MI - 48823-8660"
Colorado Academy of Veterinary Technology,-104.790429,38.794277,"2766 Janitell Road, Colorado Springs, CO - 80906-4944"
Northeast Technical Institute,-70.314892,43.608171,"51 US RT 1 Suite K, Scarborough, ME - 04074-0000"
Elite School of Cosmetology,-82.60795,41.233614,"175 Benedict Avenue, Norwalk, OH - 44857-2714"
Paul Mitchell the School-Las Vegas,-115.117034,36.016734,"9490 South Eastern Avenue, Suite 100, Las Vegas, NV - 89123-8014"
Summit Salon Academy-Kokomo,-86.106111,40.474971,"1012 S Reed Rd, Kokomo, IN - 46901-6248"
Florida Academy,-81.825149,26.608576,"4387 Colonial Boulevard, Fort Myers, FL - 33966-1155"
Institute for Doctoral Studies in the Visual Arts,-70.272161,43.65405,"795 Congress Street, Portland, ME - 04102-0000"
State Career College,-87.889232,42.370223,"3575 Grand Avenue Suite C - 1,2,3, Gurnee, IL - 60061"
Academy for Salon Professionals,-118.558215,34.23396,"19520 Nordhoff St. Unit 9, Northridge, CA - 91324"
Paul Mitchell the School-Spokane,-117.19893,47.658368,"15303 East Sprague Avenue, Suite C, Spokane Valley, WA - 99037-5041"
International College of Beauty Arts & Sciences,-118.273227,34.148057,"5225 San Fernando Road West, Los Angeles, CA - 90039-1012"
The Salon Professional Academy,-88.203599,41.590393,"16108 S. Rt. 59 Unit 200, Plainfield, IL - 60586"
John Paul the Great Catholic University,-117.082401,33.12085,"155 W. Grand Ave, Escondido, CA - 92025"
University of Connecticut-Hartford Campus,-72.672175,41.762673,"10 Prospect Street, Hartford, CT - 06103"
Ottawa University-Surprise,-112.368233,33.628923,"15950 N. Civic Center Plaza, Surprise, AZ - 85374"
Chamberlain University-Missouri,-90.436283,38.701907,"11830 Westline Industrial Drive, Suite 106, St. Louis, MO - 63146"
Chamberlain University-Texas,-95.560414,29.838386,"11025 Equity Drive, Houston, TX - 77041"
Continental School of Beauty Culture-Mattydale,-76.147295,43.105938,"2803 Brewerton Road, Mattydale, NY - 13211-1003"
Carrington College-Ontario,-117.55038,34.068584,"4580 Ontario Mills Parkway #200, Ontario, CA - 91764"
Paul Mitchell the School-Columbia,-81.070249,33.990955,"1008 Meeting St, West Columbia, SC - 29169"
Paul Mitchell the School-Charleston,-80.022852,32.874611,"4952 Centre Pointe Drive, Suite 114, North Charleston, SC - 29418-6993"
Kenneth Shuler School of Cosmetology-Greenville,-82.484519,34.791087,"3528-A Earl E. Morris Jr. Highway, Greenville, SC - 29611-7553"
Northwest College-Eugene,-123.046328,44.078014,"3150 Gateway Loop, Springfield, OR - 97477"
Northwest College-Tualatin,-122.762464,45.382946,"8345 SW Nyberg Street, Tualatin, OR - 97062-9462"
San Joaquin Valley College-Hanford Classroom,-119.647869,36.32604,"215 West 7th Street, Hanford, CA - 93230-4523"
CET-Soledad,-121.316599,36.41456,"930 Los Coches Drive, Suite 103, Soledad, CA - 93960-2996"
UEI College-Oceanside,-117.36182,33.204442,"2027 Mission Avenue, Oceanside, CA - 92058-2321"
Paul Mitchell the School-New Orleans,-90.163276,30.004827,"3321 Hessmer Avenue, 2nd Floor, Metairie, LA - 70002-4705"
UEI College-Garden Grove,-117.943701,33.801877,"10870 Katella Avenue, Garden Grove, CA - 92840-2409"
New England Tractor Trailer Training School of Massachusetts,-71.116853,42.7307,"1600 Osgood Street, North Andover, MA - 01845-1048"
Dewey University-Manati,-66.487333,18.433307,"Road 604, Km. 49.1, Barrio Tierras Nuevas Saliente, Manati, PR - 00674-0000"
Allen School-Phoenix,-112.11743,33.629635,"15650 North Black Canyon Highway, B210, Phoenix, AZ - 85053-4064"
Oklahoma Technical College,-95.905011,36.098687,"4444 South Sheridan, Tulsa, OK - 74145-1122"
Unitech Training Academy-Alexandria,-92.460375,31.265718,"2800 S. MacArthur Drive, Alexandria, LA - 71301"
UEI College-Riverside,-117.351755,33.975392,"1860 University  Avenue, Riverside, CA - 92507-5344"
WellSpring School of Allied Health-Lawrence,-95.235123,38.965848,"947 New Hampshire, Lawrence, KS - 66045-3073"
Manuel and Theresa's School of Hair Design-Victoria,-96.991589,28.799901,"1405 East North, Victoria, TX - 77902-7076"
Tricoci University of Beauty Culture-Chicago NE,-87.660911,41.999802,"6458 North Sheridan Road, Chicago, IL - 60626-5232"
Los Angeles Pacific University,-117.827484,34.110723,"300 N Lone Hill Avenue, #200, San Dimas, CA - 91773-1741"
Avalon Institute-Phoenix,-112.068527,33.641828,"410 E Bell Road, Suite G100, Phoenix, AZ - 85022"
Avalon Institute-Layton,-112.003639,41.089919,"1992 W Antelope Drive, Layton, UT - 84041"
Aveda Institute-Des Moines,-93.802586,41.562675,"6905 Mills Civic Pkwy Suite 120, West Des Moines, IA - 50266"
Fortis Institute-Lawrenceville,-74.719102,40.260811,"2572 Brunswick Pike, Suite 100, Lawrenceville, NJ - 08648"
Relay Graduate School of Education,-74.013948,40.70563,"25 Broadway, 3rd Fl, New York, NY - 10004"
Miller-Motte College-Macon,-83.687065,32.897821,"175 Tom Hill Sr Blvd, Macon, GA - 31210"
South University-Savannah Online,-81.105531,31.999481,"709 Mall Blvd, Savannah, GA - 31406"
San Joaquin Valley College-Temecula,-117.166502,33.525983,"27270 Madison Avenue, Temecula, CA - 92590-5678"
Whitworth University-Adult Degree Programs,-117.411568,47.751642,"300 W Hawthorne Rd, Spokane, WA - 99251"
The Colleges of Law at Santa Barbara,-119.70516,34.424542,"20 E Victoria St, Santa Barbara, CA - 93101"
The University of America,-117.167871,33.519293,"41707 Winchester  Road, Temecula, CA - 92590"
"Springfield College-Regional, Online, and Continuing Education",-72.556647,42.1022,"Springfield College - Regional, Online, and Continuing Education, Springfield, MA - 01109"
Marian Health Careers Center-Van Nuys Campus,-118.465561,34.177483,"5900 Sepulveda Blvd Ste 101, Van Nuys, CA - 91411"
Milan Institute-Las Vegas,-115.170333,36.16159,"710 South Tonopah Drive, Las Vegas, NV - 89106-4031"
Catholic Distance University,-77.859242,39.287311,"300 S. George Street, Charles Town, WV - 25414"
New York School of Esthetics & Day Spa,-73.781183,41.035422,"239 central ave 3rd Floor, white plains, NY - 10606-1207"
Finger Lakes Health College of Nursing & Health Sciences,-76.987844,42.876429,"196 North Street, Geneva, NY - 14456-1651"
ASI Career Institute,-75.045442,39.756604,"5360 Black Horse Pike Suite 6, Turnersville, NJ - 08012-1043"
Christine Valmy International School of Esthetics & Cosmetology,-74.358331,40.868977,"285 Changebridge Road, Pine Brook, NJ - 07058-9589"
City College-Hollywood,-80.22004,26.025173,"6565 Taft Street, Hollywood, FL - 33024-4045"
Paul Mitchell the School-Arlington,-97.107997,32.680899,"309 Curtis Mathes Way, #101, Arlington, TX - 76018-6032"
Rocky Mountain University of Health Professions,-111.655651,40.21033,"1800 S Novell Place, Provo, UT - 84606"
Paul Mitchell the School-Fort Myers,-81.792422,26.495581,"9941 Interstate Commerce Drive, Fort Myers, FL - 33913"
Paul Mitchell the School-Raleigh,-78.740471,35.882566,"8551 Glenwood Avenue, Suite 100, Raleigh, NC - 27612-7358"
CUNY Stella and Charles Guttman Community College,-73.984131,40.75281,"50 West 40th Street, New York, NY - 10018-2602"
Lil Lou's Beauty and Barber College,-87.335811,41.53025,"4853  Broadway Street, Gary, IN - 46409-2404"
Criswell College,-96.77669,32.793513,"4010 Gaston Avenue, Dallas, TX - 75246-1537"
Beverly Hills Design Institute,-118.375621,34.06463,"8484 Wilshire Blvd Suite #540, Beverly Hills, CA - 90211"
Reflections Academy of Beauty,-88.952037,39.879619,"3122 Brettwood Cir, Decatur, IL - 62526"
UCAS University of Cosmetology Arts & Sciences-La Joya,-98.468021,26.24605,"724 East Expressway 83, La Joya, TX - 78560-4018"
Annenberg School of Nursing,-118.553851,34.200825,"19300 Sherman Way, Reseda, CA - 91335-5426"
American Medical Academy,-80.393361,25.66273,"12215 SW 112 Street, Miami, FL - 33186-4830"
Tooele Technical College,-112.325714,40.527752,"88 South Tooele Blvd., Tooele, UT - 84074-2093"
Chamberlain University-Georgia,-84.351949,33.911943,"1100 Altmore Avenue, Sandy Springs, GA - 30342"
Chamberlain University-Indiana,-86.111061,39.91916,"9100 Keystone Crossing, Suite 300, Indianapolis, IN - 46240"
Sessions College for Professional Design,-111.941123,33.427133,"51 West 3rd St, Suite E-301, Tempe, AZ - 85281"
Tulsa Welding School-Jacksonville,-81.56007,30.313564,"1750 Southside Boulevard, Jacksonville, FL - 32216-3634"
Empire Beauty School-Virginia Beach,-76.135548,36.838455,"116 South Independence Boulevard, Virginia Beach, VA - 23462-6779"
Ross Medical Education Center-Morgantown,-79.928764,39.628002,"1474 Earl L. Core Road, Morgantown, WV - 26505-5884"
Miami Ad School-New York,-73.925071,40.755046,"35-37 36th ST, 3rd Floor, Astoria, NY - 11106"
Larry's Barber College,-87.643207,41.703711,"10456 S. Halsted Street, Chicago, IL - 60628-2322"
Futura Career Institute,-80.306991,25.863128,"4512 West 12th Avenue, Hialeah, FL - 33012-3325"
Flair Beauty College,-118.550015,34.414463,"23754 Valencia Blvd, Valencia, CA - 91355-2106"
Vogue College of Cosmetology-San Antonio Fredericksburg,-98.523455,29.462345,"1836 Fredericksburg Road, San Antonio, TX - 78201-5035"
Vogue College of Cosmetology,-98.602991,29.465563,"6012 Ingram Road, San Antonio, TX - 78238-4402"
Tomorrow's Image Barber And Beauty Academy of Virginia,-76.529229,37.133072,"490 Suite F Denbigh Boulevard, Newport News, VA - 23608-5532"
Medical Allied Career Center,-118.062402,33.91871,"12631 East Imperial Highway Bldg D-108, Santa Fe Springs, CA - 90670-4710"
Bais HaMedrash and Mesivta of Baltimore,-76.674414,39.379528,"6823 Old Pimlico Road, Baltimore, MD - 21209-1613"
Barber & Beauty Institute of New York,-73.615341,40.69983,"266 Greenwich Street, Hempstead, NY - 11550-6317"
Salon Institute-Toledo Campus,-83.696989,41.674855,"3034 Wilford Drive, Toledo, OH - 43615-1731"
Athena Career Academy,-83.665339,41.614633,"5203 Airport Hwy, Toledo, OH - 43615"
Yeshiva Gedolah Zichron Leyma,-74.268351,40.6992,"2035 Vauxhall Road, Union, NJ - 07083-3618"
The Barber School,-111.891446,40.621415,"16 West 7200 South, Midvale, UT - 84047-3723"
Be'er Yaakov Talmudic Seminary,-74.029573,41.138206,"12 Truman Avenue, Spring Valley, NY - 10977"
Rio Grande Valley College,-98.177978,26.24215,"5419 North Cage Boulevard, Pharr, TX - 78577-2106"
Alexander Academy,-71.769406,42.587705,"55 Massachusetts Avenue, Lunenburg, MA - 01462-0000"
Aveda Institute-Tucson,-110.968361,32.220141,"145 S 6th Avenue, Tucson, AZ - 85701"
Diamond Beauty College,-118.0467,34.063052,"10301 Garvey Avenue  #200, South El Monte, CA - 91733-2180"
Unitek College,-122.455603,37.65642,"257 Longford Drive, Rm 5, South San Francisco, CA - 94080-1005"
University Academy of Hair Design,-87.559744,33.19105,"2204 Greensboro Avenue, Tuscaloosa, AL - 35401-5621"
Florida Institute of Recording Sound and Technology,-81.401029,28.625257,"423 S Keller Rd. Suite 100, Orlando, FL - 32810"
Paul Mitchell the School-Reno,-119.803848,39.509232,"1600 Holcomb Avenue, Reno, NV - 89502"
Boise Barber College,-116.278054,43.588823,"7709 W. Overland Rd. 100, Boise, ID - 83709"
Austin Kade Academy,-112.001128,43.482859,"1646 South Woodruff Avenue, Idaho Falls, ID - 83404-5540"
Aesthetic Science Institute,-73.794947,42.76194,"922 Troy-Schenectady Road, Latham, NY - 12110-1095"
Elaine Sterling Institute,-84.363266,33.846647,"3393 Peachtree RD Ne, Atlanta, GA - 30326-2633"
Wade Gordon Hairdressing Academy,-101.873963,35.186494,"2520 Paramount Blvd, Amarillo, TX - 79109"
Mitsu Sato Hair Academy,-94.670149,38.964694,"9062 Metcalf Avenue, Overland Park, KS - 66212-1457"
FVI School of Nursing and Technology,-80.321789,25.773542,"7757 West Flagler Suite 220, Miami, FL - 33144"
Academy di Firenze,-114.519826,42.723871,"149 West Main Street, Jerome, ID - 83338-2329"
Colorado State University Global,-104.786666,39.724786,"585 Salida Way, Aurora, CO - 80011-0000"
Paul Mitchell the School-Overland Park,-94.688051,38.955861,"8731 West 95th Street, Overland Park, KS - 66212"
Medspa Academies,-111.912821,40.55681,"10714 South River Front Parkway, South Jordan, UT - 84095-3519"
Brighton Institute of Cosmetology,-83.743486,42.521018,"10543 Citation Drive, Brighton, MI - 48116-8360"
West Coast University-Dallas,-96.716284,32.98221,"2323 N Central Expressway, Richardson, TX - 75080-2712"
Evangel University-James River Assembly of God Church,-93.227055,37.075963,"6100 North 19th Street, Ozark, MO - 65721-6694"
Empire Beauty School-Savannah,-81.110045,32.008498,"Savannah Centre, 7400 Abercorn St, Suite 901, Savannah, GA - 31406-2455"
Ogle School Hair Skin Nails-Denton,-97.113213,33.192334,"2324 San Jacinto Boulevard, Denton, TX - 76205-7534"
Empire Beauty School-West Greensboro,-79.90432,36.051588,"1312 Bridford Parkway, Suite 105, Greensboro, NC - 27407-2693"
Hays Academy of Hair Design,-97.607551,38.8398,"115 South 5th Street, Salina, KS - 67401-0000"
Bellus Academy,-96.60827,39.191749,"1130 Westloop Place, Manhattan, KS - 66502-2838"
MotoRing Technical Training Institute,-71.384761,41.81866,"54 Water Street, East Providence, RI - 02914-5022"
Unitek College,-122.116059,37.661039,"21615 Hesperian Boulevard, Hayward, CA - 94541-7026"
Pennsylvania State University-World Campus,-77.862848,40.7965,"President's Office 201 Old Main, University Park, PA - 16802-1503"
Medical Career Institute,-74.046322,40.263786,"901 West Park Avenue St 201, Ocean, NJ - 07712"
Advance Beauty Techs Academy,-117.517655,33.884074,"641 N State St Ste 1, San Jacinto, CA - 92583-6572"
Elevate Salon Institute-Westminster,-105.072521,39.857821,"6775 W. 88th Ave, Westminster, CO - 80031"
Brand College,-118.265551,34.15799,"529 Hahn Ave Ste 101, Glendale, CA - 91203"
Hinton Barber and Beauty College,-122.245384,38.109629,"1035 Tennessee St., Vallejo, CA - 94590"
Advanced Career Institute,-119.377564,36.339646,"1243 N. Clancy Street, Visalia, CA - 93291"
Digital Film Academy,-73.991082,40.760073,"630 9th Ave Ste 901, New York, NY - 10036"
MyComputerCareer at Raleigh,-78.727186,35.767841,"5511 Capital Center Dr Ste 500, Raleigh, NC - 27606"
South University-Austin,-97.689972,30.479474,"1220 West Louis Henna Boulevard, Round Rock, TX - 78681-2300"
Bryant & Stratton College-Online,-78.770363,42.790174,"200 Redtail Rd, Orchard Park, NY - 14127"
Ogle School Hair Skin Nails-San Antonio,-98.503686,29.518311,"742 N. Loop 410 Ste 226, San Antonio, TX - 78216"
Ideal Beauty Academy,-85.568052,38.225024,"10213 Linn Station Rd, Louisville, KY - 40223"
Warner Pacific University Professional and Graduate Studies,-122.592498,45.506265,"2219 SE 68th Ave, Portland, OR - 97215"
Platt College-Riverside,-117.298365,33.932923,"6465 Sycamore Canyon Blvd Ste 100, Riverside, CA - 92507"
Empire Beauty School-Glen Burnie,-76.616551,39.203264,"6320 Ritchie Hwy, Suite F, Glen Burnie, MD - 21061"
International School of Cosmetology,-111.889421,33.536609,"8939 E Indian Bean Rd Ste B-2, Scottsdale, AZ - 85250"
UEI College-Stockton,-121.308461,37.99756,"4994 Claremont Avenue, Stockton, CA - 95207-0000"
Ross Medical Education Center-Dayton,-84.126037,39.816855,"4490 Brandt Pike, Dayton, OH - 45424-6049"
Ross Medical Education Center-Ontario,-82.591867,40.77421,"2150 West 4th Street, Ontario, OH - 44906-1246"
Ross Medical Education Center-Bowling Green,-86.440649,36.965672,"1724 Rockingham Ave, Suite 102, Bowling Green, KY - 42104-5840"
Florida Institute of Technology-Online,-80.623123,28.065773,"150 West University Blvd, Melbourne, FL - 32901-6975"
Rasmussen University-Kansas,-95.704151,38.998726,"3722 SW Burlingame Road, Topeka, KS - 66609"
School of Missionary Aviation Technology,-85.07224,42.941371,"84 E. Sprague Rd., Ionia, MI - 48846"
California Miramar University,-117.11851,32.77942,"3550 Camino Del Rio North, Suite 208, San Diego, CA - 92108-1739"
Rocky Vista University,-104.815034,39.563516,"8401 S Chambers Road, Parker, CO - 80112"
The College of Health Care Professions-Dallas,-96.875021,32.830186,"8585 N. STEMMONS FREEWAY, SUITE 300, NORTH TOWER, Dallas, TX - 75247"
The College of Health Care Professions-Fort Worth,-97.311645,32.816901,"4248 North Freeway, Fort Worth, TX - 76137-5021"
Shear Finesse Beauty Academy,-81.558157,30.319276,"9200 Arlington Expressway #28, Jacksonville, FL - 32225"
Miami Media School,-80.325673,25.783576,"7955 NW 12 Street Suite 119, Doral, FL - 33126"
Academy of Salon Professionals,-93.251559,38.690729,"2414 S. Limit Ave, Sedalia, MO - 65301"
CyberTex Institute of Technology,-97.70303,30.324403,"6300 La Calma Dr. Suite ,350, Austin, TX - 78752"
New England Tractor Trailer Training School of CT-Bridgeport,-73.179406,41.186706,"510 Barnum Ave 4th Floor, Bridgeport, CT - 06608"
Designer Barber & Stylist School,-94.370331,35.359477,"2409 South 56th Street, Suite 118, Fort Smith, AR - 72903-3753"
Paul Mitchell the School-Woodbridge,-77.293304,38.635367,"14445 Potomac Mills Road, Woodbridge, VA - 22192"
College of the Muscogee Nation,-95.936439,35.635288,"2170 Raven Circle, Okmulgee, OK - 74447-0917"
The Salon Professional Academy-Huntsville,-86.655724,34.736145,"4925 University Drive, Suite 134, Huntsville, AL - 35816"
Midwives College of Utah,-111.857036,40.71089,"1174 East Graystone Way, Suite #20F, Salt Lake City, UT - 84106"
Aspen Beauty Academy of Laurel,-76.822219,39.099633,"3535 Fort Meade Road, Laurel, MD - 20724"
M T Training Center,-97.042564,32.72,"1801 S. Great Southwest Parkway, Grand Prairie, TX - 75051"
Berks Career & Technology Center,-76.000808,40.388341,"1057 County Road, Leesport, PA - 19533-9112"
Future Generations University,-79.405423,38.70907,"400 Road Less Traveled Rd, Franklin, WV - 26807-0000"
Carthage R9 School District-Carthage Technical Center,-94.30087,37.173927,"609 S River Street, Carthage, MO - 64836-1332"
Grace Mission University,-117.958208,33.867663,"1645 West Valencia Drive, Fullerton, CA - 92833-3860"
World A Cuts Barber Institute,-76.72854,39.964504,"121 North George Street, York, PA - 17401-1105"
Verve College,-87.984611,41.84402,"2625 Butterfield Rd, Ste 102E, Oak Brook, IL - 60523"
Sotheby's Institute of Art-NY,-73.972232,40.756988,"570 Lexington Avenue, 6th Floor, New York, NY - 10022-6717"
Top Nails & Hair Beauty School,-111.940452,40.652683,"1735 West 5400 South, Taylorsville, UT - 84118-0000"
Santa Ana Beauty College,-117.895913,33.759423,"1926 West 17th Street, Santa Ana, CA - 92706-2321"
Shepherds College,-88.062268,42.680369,"1805 15th Avenue, Union Grove, WI - 53182"
Woodruff Medical and Wellness Training,-84.238614,33.839432,"1927 Lakeside Parkway, Tucker, GA - 30084"
Helms College,-82.057866,33.515346,"3145 Washington Road, Augusta, GA - 30907"
Ukiah Adult School,-123.215034,39.160947,"1056 North Bush Street, Ukiah, CA - 95482-3865"
Riverside County Office of Education-School of Career Education,-117.294699,33.91733,"2100 E. Alessandro Blvd., Riverside, CA - 92508"
Institute of Health Sciences,-76.656295,39.487379,"11031 McCormick Road, Hunt Valley, MD - 21031-1408"
Mid-South Christian College,-89.911799,35.064172,"3097 Knight Road, Memphis, TN - 38118-3151"
New York Institute of Beauty,-73.189261,40.80235,"11 Oval Drive Suite 180, Islandia, NY - 11749-1479"
Ultrasound Medical Institute,-80.22826,26.68295,"503 Royal Palm Beach Blvd, Royal Palm Beach, FL - 33411"
Xavier College School of Nursing,-121.293267,37.966315,"1340 North El Dorado Street, Stockton, CA - 95202-1017"
Lawrence & Company College of Cosmetology,-119.637371,36.33339,"810 North 10th Avenue, Hanford, CA - 93230-4102"
Kaizen Beauty Academy,-80.255473,26.01028,"8405 Pines Boulevard, Pembroke Pines, FL - 33024-6609"
Southern Texas Careers Academy,-98.301245,26.225259,"1506 E Griffin Pkwy, Mission, TX - 78572"
Sharp Edgez Barber Institute,-77.637278,43.200074,"398 West Ridge Road, Rochester, NY - 14615-0000"
The Salon Professional Academy-Nashville,-86.667242,36.170543,"2710 Old Lebanon Road, Suite 6, Nashville, TN - 37214-2163"
Prestige Health & Beauty Sciences Academy,-80.135621,25.985267,"1250 E Hallandale Beach Blvd Suite 409, Hallandale Beach, FL - 33009"
California Career Institute,-117.887923,33.816691,"1240 S State College BLVD Ste. 150, Anaheim, CA - 92806"
Grace School of Theology,-95.472493,30.205731,"3705 College Park Dr Ste 140, Conroe, TX - 77384-4894"
Yeshiva Gedolah Kesser Torah,-74.068553,41.124819,"50 Cedar Lane, Monsey, NY - 10952-2127"
Universal Training Institute,-74.269901,40.51034,"174 Jefferson Street, Perth Amboy, NJ - 08861-4106"
Yeshiva Yesodei Hatorah,-74.202016,40.065908,"2 Yesodei Court, Lakewood, NJ - 08701-4946"
Center for the Healing Arts,-75.0,39.851623,"8102 Town Center Boulevard, Voorhees, NJ - 08043-1911"
Bonnie Joseph Academy of Cosmetology & Barbering,-111.412014,40.508476,"55 East center Street, STE 120, Heber City, UT - 84032-2044"
Healthcare Training Institute,-90.239271,30.001705,"2500 Williams Boulevard, Kenner, LA - 70062-7630"
J D Academy of Salon and Spa,-121.995828,37.818164,"520 San Ramon Valley Blvd, Danville, CA - 94526"
Boca Beauty Academy,-80.167216,26.366888,"7820 Glades Road suite 175, Boca Raton, FL - 33434-4178"
City Pointe Beauty Academy,-94.473433,37.140007,"501 South Madison Street, Webb City, MO - 64870-2502"
The Chrysm Institute of Esthetics,-76.070962,36.831342,"208  Golden Oak Court, Virginia Beach, VA - 23452"
Sanford Burnham Prebys Medical Discovery Institute,-117.241748,32.900056,"10901 North Torrey Pines Road, La Jolla, CA - 92037-1005"
Belle Academy of Cosmetology LLC,-73.055819,41.59749,"27A South Commons Road, Waterbury, CT - 06704-1035"
Empire Beauty School-Augusta,-82.066289,33.516811,"3241 Washington Road, Augusta, GA - 30907-4122"
South University-High Point,-79.963547,36.040441,"3975 Premier Drive, High Point, NC - 27265-8320"
Empire Beauty School-Vernon Hills,-87.958698,42.241767,"226 Hawthorn Village Commons, Vernon Hills, IL - 60061-1519"
Empire Beauty School-Stone Park,-87.871263,41.907282,"3106 West North Avenue, Stone Park, IL - 60165-1010"
San Joaquin Valley College-Lancaster,-118.148431,34.648563,"42135 10th Street West, Lancaster, CA - 93534-7018"
Empire Beauty School-Rochester,-77.726297,43.216013,"340 Elmridge Center Drive, Rochester, NY - 14626-3461"
Ross Medical Education Center-Kokomo,-86.129996,40.444807,"196 East Southway Blvd., Kokomo, IN - 46902-3650"
Ross Medical Education Center-Erlanger,-84.615734,39.030899,"600 Rodeo Drive, Suite 2, Erlanger, KY - 41018-1279"
Ross Medical Education Center-Charleston,-81.567573,38.310312,"5707 MacCorkle Ave.,  SE, Ste. 20, Charleston, WV - 25304-2816"
InterCoast Colleges-Fairfield,-122.147995,38.212134,"5253 Business Ctr. Dr. Ste B, Fairfield, CA - 94534"
Southern Careers Institute-San Antonio,-98.627397,29.4585,"6963 NW Loop 410, San Antonio, TX - 78238-4114"
Milan Institute-Merced,-120.481067,37.322518,"780 Loughborough Drive, Merced, CA - 95340-2626"
Midwest Technical Institute-Missouri,-93.256356,37.147663,"3600 South Glenstone Outer Road, Springfield, MO - 65804-4414"
Augusta University,-81.989071,33.47037,"1120 15th St, Augusta, GA - 30912"
Middle Georgia State University,-83.732058,32.808092,"100 University Parkway, Macon, GA - 31206"
Trenz Beauty Academy,-87.529507,41.615676,"695 Wentworth Avenue, Calumet City, IL - 60409"
Paul Mitchell the School-Denver,-105.077283,39.70898,"405 South Teller Street, Lakewood, CO - 80226"
Academy of Interactive Entertainment,-122.351158,47.621224,"305 Harrison St Ste 405, Seattle, WA - 98109-4623"
Arrojo Cosmetology School,-74.005007,40.72765,"56 King St., New York, NY - 10014"
Cosmetology Academy of Texarkana,-94.132583,33.457096,"4115 N Kings Hwy Suite 110, Texarkana, TX - 75503"
Veritas Baptist College,-84.848698,39.093747,"208 Walnut Street, Suite 115, Lawrenceburg, IN - 47025"
Lynnes Welding Training,-96.823617,46.879868,"2717 3rd Ave N, Fargo, ND - 58102"
Aviation Institute of Maintenance-Las Vegas,-115.118122,36.083117,"5870 S. Eastern Ave., Las Vegas, NV - 89119"
UEI College-Bakersfield,-119.049925,35.381617,"3737 Rosedale Highway, Bakersfield, CA - 93308-0000"
DeVry College of New York,-73.983492,40.747747,"180 Madison Ave, Ste 1100, New York, NY - 10016"
DeVry University-Arizona,-112.104601,33.565758,"2149 W. Dunlap Ave., Phoenix, AZ - 85021"
DeVry University-California,-117.5876,34.068481,"2970 Inland Empire Blvd, Ste 100, Ontario, CA - 91764"
DeVry University-Colorado,-105.008901,39.91934,"1870 W. 122nd Ave., Westminster, CO - 80234"
DeVry University-Florida,-81.456099,28.456226,"7352 Greenbriar Pkwy, Orlando, FL - 32819"
DeVry University-Georgia,-84.297316,33.775112,"1 West Court Square, Ste. 600, Decatur, GA - 30030"
DeVry University-Illinois,-88.116625,41.807204,"4225 Naperville Rd, Suite 400, Lisle, IL - 60532"
DeVry University-Missouri,-94.575014,38.939506,"1310 E 104th St, Ste 120, Kansas City, MO - 64131"
DeVry University-Nevada,-115.096601,36.020266,"2490 Paseo Verde Pkwy., Ste. 150, Henderson, NV - 89074"
DeVry University-New Jersey,-74.311372,40.557503,"517 Route 1 S, Ste 1000, Iselin, NJ - 08830"
DeVry University-North Carolina,-80.931971,35.13766,"2015 Ayrsley Town Blvd., Ste. 109, Charlotte, NC - 28273"
DeVry University-Ohio,-82.906219,40.046679,"2 Easton Oval, Ste 210, Columbus, OH - 43219"
DeVry University-Tennessee,-86.697403,36.083795,"301 South Perimeter Part Dr., Ste. 100, Nashville, TN - 37211"
DeVry University-Texas,-97.012494,32.934524,"4800 Regent Blvd., Ste. 200, Irving, TX - 75063"
DeVry University-Virginia,-77.049759,38.861096,"1400 Crystal Dr, Ste 120, Arlington, VA - 22202"
University of North Georgia,-83.985694,34.530219,"82 College Circle, Dahlonega, GA - 30597"
South Georgia State College,-82.855231,31.495903,"100 West College Park Drive, Douglas, GA - 31533"
Northeastern University Professional Programs,-71.088782,42.339992,"360 Huntington Ave, Boston, MA - 02115"
Florida Polytechnic University,-81.845995,28.150149,"4700 Research Way, Lakeland, FL - 33805-8531"
American Institute-Toms River,-74.220894,40.044556,"2363 Lakewood Rd, Toms River, NJ - 08755"
Alamo City Barber College,-98.639532,29.52717,"8910 Bandera Road Suite 209, San Antonio, TX - 78250-3227"
Arizona College-Mesa,-111.873428,33.418374,"163 N Dobson Rd, Mesa, AZ - 85201"
American College of Healthcare and Technology,-118.224752,33.98271,"6330 Pacific Blvd Ste 201, Huntington Park, CA - 90255"
Antioch College,-83.888077,39.799806,"1 Morgan Pl, Yellow Springs, OH - 45387"
Texas A&M University-Central Texas,-97.775182,31.053407,"1001 Leadership Place, Killeen, TX - 76549"
Central Georgia Technical College,-83.66765,32.545341,"80 Cohen Walker Drive, Warner Robins, GA - 31088"
Barber School of Pittsburgh,-80.029439,40.418425,"1201 Banksville Road, Pittsburgh, PA - 15216"
Innovate Salon Academy,-74.426739,40.550944,"4985 Stelton Rd, South Plainfield, NJ - 07080"
Arizona State University Digital Immersion,-111.924487,33.463517,"1365 N Scottsdale Rd, Scottsdale, AZ - 85257"
Louisiana Delta Community College,-92.032664,32.49637,"7500 Millhaven Rd, Monroe, LA - 71203"
Learnet Academy Inc,-118.293165,34.063934,"3251 West 6th Street, 2nd Floor, Los Angeles, CA - 90020"
The Fab School,-117.555168,34.079866,"9571 Pittsburgh Avenue, Rancho Cucamonga, CA - 91730"
Networks Barber College,-87.539813,41.621587,"508 Burnham Ave, Calumet City, IL - 60409"
JB's Hair Design and Barber College,-97.52838,35.405519,"6008 S. Western, Oklahoma City, OK - 73139"
Paul Mitchell the School-Lombard,-88.008159,41.839535,"106 Yorktown Shopping Center, Lombard, IL - 60148"
Paul Mitchell the School-Greenville,-82.288377,34.824899,"1215 Woodruff Road, Bldg A, Greenville, SC - 29607"
Barber and Beauty Academy of Pennsylvania,-76.825509,40.27505,"3849-C Union Deposit Road, Harrisburg, PA - 17109"
Delta College of Arts & Technology-Lafayette Campus,-92.041847,30.158184,"200 Republic Ave., Suite F, Lafayette, LA - 70508"
Delta College-Slidell Campus,-89.78043,30.286052,"105 Gause Blvd., West, Slidell, LA - 70460-2624"
Integrity College of Health,-118.131722,34.171252,"1460 N Lake Ave Suite 102, Pasadena, CA - 91104"
Electrical and HVAC/R Training Center,-73.404943,40.680471,"65 Elm St., Copiague, NY - 11726"
Alexander Paul Institute of Hair Design,-77.371696,35.604962,"1011 Charles Blvd Ste A, Greenville, NC - 27858-3344"
More Tech Institute,-80.30405,25.8659,"1010 west 49th street, Hialeah, FL - 33012"
Dorsey College-Dearborn,-83.219356,42.330658,"18660 Ford Rd, Detroit, MI - 48228"
Neecee's Barber College,-99.745008,32.400984,"1813 Industrial Blvd, Abilene, TX - 79602"
Bella Cosmetology and Barber College,-96.107802,33.119725,"5015A Wesley, Greenville, TX - 75402"
Franklin Hair Academy School of Cosmetology,-86.880233,35.932691,"595 Hillsboro Road, Suite 325, Franklin, TN - 37064-2126"
Ana G. Mendez University,-81.30843,28.482195,"5575 South Semoran Blvd. Suite #502, Orlando, FL - 32822"
Ohio Institute of Allied Health,-84.14076,39.84549,"6245 Old Troy Pike, Huber Heights, OH - 45424-3646"
Access Careers,-73.61531,40.709502,"474 Fulton Avenue, Suite 201, Hempstead, NY - 11550-0000"
Luckes Beauty Academy LLC,-76.457022,37.08367,"888 J. Clyde Morris Boulevard, Newport  News, VA - 23601-1303"
Total Transformation Institute of Cosmetology,-97.920002,29.882696,"907 Highway 80, San Marcos, TX - 78666-8115"
Vibe Barber College,-90.036149,35.165189,"880 Thomas Street, Memphis, TN - 38107-2538"
Champ's Barber School,-76.307594,40.037616,"54 West King Street, Lancaster, PA - 17602-3809"
Washington University of Science and Technology,-77.227315,38.915226,"8133 Leesburg Pike #230, Vienna, VA - 22182-2734"
East-West Healing Arts Institute,-89.491041,43.056,"6425 Normandy Lane, Madison, WI - 53719-1133"
Standard Healthcare Services-College of Nursing,-77.207364,38.907703,"7600 Leesburg Pike, Suite 200 East, Falls Church, VA - 22043"
Philadelphia Technician Training,-75.157038,40.068722,"7446 D Ogontz Avenue, Philadelphia, PA - 19138-1324"
Grace International Beauty School,-73.828461,40.75904,"136-31 41st Avenue, #6FL, Flushing, NY - 11355-2446"
Alliance Computing Solutions,-73.831481,40.76156,"3660 Main Street, 4th Floor, Flushing, NY - 11354-6507"
InterAmerican Technical Institute,-80.350943,25.760656,"9600 Southwest 8th Street, Suite 42, Miami, FL - 33174-2950"
Bay Area Medical Academy,-122.406318,37.790775,"530 Bush Street #201, San Francisco, CA - 94108-3623"
Mind Body Institute,-86.706249,36.29177,"1556 Crestview Dr, Madison, TN - 37115-2120"
Parisian Spa Institute,-81.677501,30.31314,"1045 Riverside Avenue, Jacksonville, FL - 32204-4127"
Creative Touch Cosmetology School,-90.146194,38.335231,"234 East 3rd Street, Waterloo, IL - 62298-1609"
LaBarberia Institute of Hair,-81.450649,41.5161,"1633 Golden Gate Plaza, Mayfield Hts, OH - 44124"
Bos-Man's Barber College,-93.782849,32.442955,"2724 W. 70th Street, Shreveport, LA - 71108"
Lawrence & Company College of Cosmetology,-119.611752,36.570318,"2048 Grant Street, Selma, CA - 93662-3509"
Alabama College of Osteopathic Medicine,-85.340805,31.206294,"445 Health Sciences Boulevard, Dothan, AL - 36303-2251"
High Desert Medical College,-118.144328,34.67613,"701 West Avenue K suite 123, Lancaster, CA - 93534"
Paul Mitchell the School-Schenectady,-73.941968,42.813241,"411 State Street, Schenectady, NY - 12305-2303"
Beyond Measure Barbering Institute,-79.276539,36.098405,"Center Street Plaza, Mebane, NC - 27302-2323"
Barber Institute of Texas,-94.732635,32.46297,"2430 South High Street Ste B4, Longview, TX - 75602-3456"
Jupiter Beauty Academy,-71.057468,42.305343,"95 Freeport Street, Boston, MA - 02122-2834"
MedQuest College,-85.560651,38.224517,"10400 Linn Station Road, Suite 120, Louisville, KY - 40223-1882"
First Coast Barber Academy,-81.660201,30.33211,"625 N Julia St., Jacksonville, FL - 32202"
Debutantes School of Cosmetology and Nail Technology,-88.751471,41.93057,"145 N. 3rd Street, Dekalb, IL - 60115-3301"
Paul Mitchell the School-Farmington Hills,-83.357682,42.498205,"27590 Orchard Lake Road, Farmington Hills, MI - 48334-1300"
Paul Mitchell the School-Merrillville,-87.336518,41.47368,"7990 Broadway, Merrillville, IN - 46410-5540"
TIGI Hairdressing Academy Newtown,-73.290525,41.392938,"99 South Main Street, Newtown, CT - 06470-0000"
Yahweh Beauty Academy,-97.700269,31.112893,"431 North 38th Street, Killeen, TX - 76543-4153"
Arizona School of Integrative Studies,-111.837249,33.41482,"209 W Main St, Mesa, AZ - 85201"
Lee Professional Institute,-81.851331,26.60411,"2950 Winkler Avenue Unit 1201, Fort Myers, FL - 33916-9320"
Park Place Premier Barber School,-90.061019,29.997288,"3024 Gentilly Boulevard, New Orleans, LA - 70122-3808"
The Salon Professional Academy-San Jose,-121.989475,37.292025,"1600 Saratoga Avenue, Suite 103, San Jose, CA - 95129-5101"
Tri-Community Adult Education,-117.887096,34.104391,"231 Stephanie Drive, Covina, CA - 91722-3925"
Ross Medical Education Center-Owensboro,-87.119243,37.72084,"410 Southtown Blvd. Suite 6, Owensboro, KY - 42303-7757"
Ross Medical Education Center-Evansville,-87.490569,37.978574,"227 N. Green River Road, Evansville, IN - 47715-2405"
Ross Medical Education Center-Johnson City,-82.383171,36.35971,"3021 E. Oakland Ave., Johnson City, TN - 37601-1526"
North-West College-Anaheim,-117.959766,33.839313,"511 N. Brookhurst Street, Anaheim, CA - 92801"
North-West College-Long Beach,-118.14854,33.801894,"3799 E. Burnett Street, Long Beach, CA - 90815-1770"
Taylor Andrews Academy of Hair Design-Provo,-111.669298,40.261578,"2035 N 550 W, Provo, UT - 84604"
University of Florida-Online,-82.339848,29.649413,"341 Tigert Hall  300 SW 13th St, Gainesville, FL - 32611"
Ogle School Hair Skin Nails-Stafford,-95.588371,29.63502,"12788 Fountain Lake Circle, Stafford, TX - 77477"
University of Phoenix-Arizona,-112.012761,33.41128,"4035 South Riverpoint Parkway, Phoenix, AZ - 85040"
University of Phoenix-California,-117.58377,34.065748,"3110 East Guasti Road, Ontario, CA - 91761"
University of Phoenix-Nevada,-115.322506,36.12164,"3755 Breakthrough Way, Las Vegas, NV - 89135"
University of Phoenix-Texas,-96.768673,32.917551,"12400 Coit Road, Dallas, TX - 75251-2004"
Minerva University,-122.408039,37.782711,"14 Mint Plaza, San Francisco, CA - 94103"
University of West Los Angeles,-118.36957,33.947341,"9800 S. La Cienega Blvd., Inglewood, CA - 90301"
Rabbinical College Ohr Yisroel,-73.896524,40.629707,"8800 Seaview Ave, Brooklyn, NY - 11236"
Aveda Institute-Phoenix,-111.968721,33.338893,"8475 S Emerald Drive, Tempe, AZ - 85284"
University of North Texas at Dallas,-96.803446,32.659588,"7300 University Hills Drive, Dallas, TX - 75241"
Dermal Science International Aesthetics and Nail Academy,-77.337967,38.952045,"11425 Isaac Newton Square, Suite 200, Reston, VA - 20190"
BridgeValley Community & Technical College,-81.6983,38.353846,"2001 Union Carbide Dr, South  Charleston, WV - 25136"
Northwest College-Medford,-122.852524,42.369051,"2241 Tower East, Medford, OR - 97504-9998"
Houston Training Schools-Gessner,-95.540324,29.72401,"3722 South Gessner, Houston, TX - 77063-0000"
Empire Beauty School-Buffalo,-78.755118,42.908206,"2190 Walden Avenue, Cheektowaga, NY - 14225-5177"
Paul Mitchell the School-Toledo,-83.668124,41.706636,"5549 Monroe Street, Sylvania, OH - 43560-2539"
Georgia Military College,-83.224211,33.07944,"201 E Greene St, Milledgeville, GA - 31061"
Beau Monde Academy of Barbering and Cosmetology,-122.65456,45.531839,"2201 Lloyd Center Suite C304, Portland, OR - 97232-1315"
Fountain of Youth Academy of Cosmetology,-79.921895,40.437815,"5824 Forbes Ave, Pittsburgh, PA - 15217"
West Coast University-Miami,-80.347651,25.81071,"9250 NW 36th Street, Doral, FL - 33178-2775"
Aparicio-Levy Technical College,-82.332285,27.990625,"10119 East Ellicott Street, Tampa, FL - 33610"
The Vocational Nursing Institute Inc,-95.587085,29.903883,"11201 Steeple Park Drive, Houston, TX - 77065"
Hollywood Institute of Beauty Careers-West Palm Beach,-80.057435,26.649613,"7587-7599 South Dixie Highway, West Palm Beach, FL - 33405-4813"
Hollywood Institute of Beauty Careers-Casselberry,-81.321511,28.633003,"1271 Semoran Boulevard, Casselberry, FL - 32707-7103"
Empire Beauty School-Cheltenham,-75.16864,40.082265,"Cedarbrook Plaza, 1000 Easton Road, Wyncote, PA - 19095"
High Tech High Graduate School of Education,-117.217661,32.732001,"2861 Womble Road, San Diego, CA - 92106"
Coachella Valley Beauty College-Hemet,-117.010783,33.745675,"3643 W. Florida Ave., Hemet, CA - 92545"
Coastal Pines Technical College,-82.3821,31.212781,"1701 Carswell Ave, Waycross, GA - 31503"
Carrington College-Administrative Office,-121.371383,38.556104,"8909 Folsom Blvd., Sacramento, CA - 95826"
Studio Beauty School,-117.270239,47.657655,"10001 E Sprague Ave, Spokane Valley, WA - 99206"
Latin Beauty Academy,-80.143681,26.64951,"6348 forest hill blvd, greenacres, FL - 33415-6104"
Associated Barber College of San Diego,-117.159908,32.719318,"1333 5th Avenue, San Diego, CA - 92101-4210"
ABCO Technology,-118.369774,33.932121,"11222 S. La Cienega Blvd Ste 588, Inglewood, CA - 90304-1551"
Lionel University,-119.486417,34.38768,"1013 Mark Avenue, Carpinteria, CA - 93013-2912"
California Intercontinental University,-96.723619,43.547576,"101 South Reid Street, Suite 307, Sioux Falls, SD - 57103"
Infinity College,-91.999354,30.250488,"2600 Louisiana Avenue, Lafayette, LA - 70501-8833"
Universal Healthcare Careers College,-118.274771,34.0499,"1625 West Olympic Boulevard, Suite 708, Los Angeles, CA - 90015-3811"
New Beginnings Beauty Academy,-92.019193,34.203735,"1609 West 26th Street, Pine Bluff, AR - 71603"
Dolce The Academy,-72.991263,41.540983,"91 Schraffts Drive  Suite 7, Waterbury, CT - 06705"
American College of the Building Arts,-79.946888,32.805094,"649 Meeting Street, Charleston, SC - 29403-4223"
River Valley School of Massage,-93.110811,35.28311,"2003 East Parkway Drive, Russellville, AR - 72802"
Atlantis University,-80.211287,25.786495,"1011 Sunnybrook Road, Miami, FL - 33136"
Westchester School for Medical & Dental Assistants,-73.842769,41.023908,"1053 Saw Mill River Road, Ardsley, NY - 10502"
Studio Incamminati,-75.160105,39.925181,"1901 S. 9th Street, Bok 7th Floor, Philadelphia, PA - 19148-2384"
Salon Boutique Academy,-96.841676,32.954908,"4135 Belt Line Road Suite 102, Addison, TX - 75001-4399"
GA Beauty & Barber School,-98.257166,26.237585,"3301 North Ware Road Suite A-C, McAllen, TX - 78501-3309"
The Recording Conservatory of Austin,-97.831161,30.360236,"4615 City Park Road, Austin, TX - 78730-3004"
VH Barber & Styling Academy,-93.717542,32.517057,"1701 Old Minden Rd., Suite 19, Bossier City, LA - 71111-4409"
Bet Medrash Gadol Ateret Torah,-73.969945,40.607809,"1750 East Fourth Street, Brooklyn, NY - 11223-1933"
Yeshiva Ohr Yisrael,-73.944041,40.61359,"2899 Nostrand Avenue, Brooklyn, NY - 11229-1817"
Yeshiva Sholom Shachna,-73.973431,40.6275,"401 Elmwood Avenue, Brooklyn, NY - 11230"
Bethlehem College & Seminary,-93.255399,44.968872,"720 13th Avenue South, Minneapolis, MN - 55415-1793"
Elmezzi Graduate School of Molecular Medicine,-73.702257,40.775582,"350 Community Drive, Manhasset, NY - 11030-3816"
Theatre of Arts,-118.337582,34.101265,"6752 Hollywood Blvd, Hollywood, CA - 90028"
Westchester College of Nursing & Allied Health,-118.396511,33.95487,"8939 South Sepulveda Boulevard #302, Los Angeles, CA - 90045-3647"
Treasure Coast Technical College,-80.413849,27.678049,"4680 28th Court, Vero Beach, FL - 32967-3527"
American College of Barbering,-85.670147,38.084678,"11320 North Preston Highway, Louisville, KY - 40229-2862"
Beth Medrash Meor Yitzchok,-74.060843,41.100906,"85 Dykstras Way East, Monsey, NY - 10952-4023"
Mingo Extended Learning Center,-82.176972,37.677016,"165 Bulldog BLVD, Delbarton, WV - 25670"
San Ignacio University,-80.367975,25.81067,"3905 NW 107th ave Suite 301, Doral, FL - 33178-2350"
ZMS The Academy,-118.209424,34.047305,"2228 E Cesar E Chavez Ave, Los Angeles, CA - 90033-4231"
Valor Christian College,-82.829696,39.891571,"4595 Gender Road, Canal Winchester, OH - 43110"
Bethany Global University,-93.371754,44.795501,"6820 Auto Club Road, Bloomington, MN - 55438-2849"
HVAC Technical Institute,-87.733452,41.809897,"4532 South Kolin Avenue, Chicago, IL - 60632-4457"
United International College,-80.283123,25.97989,"3130 Commerce Parkway, Miramar, FL - 33025-3943"
San Francisco Film School,-122.401124,37.791643,"155 Sansome Street 2nd Floor, San Francisco, CA - 94104-2835"
Center for Ultrasound Research & Education,-73.746486,41.028851,"333 Westchester Avenue Suite 101 West, White Plains, NY - 10604"
Culinary Tech Center,-73.770954,41.027933,"303 Quarropas Street, White Plains, NY - 10601"
Randolph Technical Center,-79.852118,38.890857,"200 Kennedy Drive, Elkins, WV - 26241-9527"
AMG School of Nursing,-73.985092,40.701286,"110 Bridge Street, Brooklyn, NY - 11201-1728"
Saint Michael College of Allied Health,-76.980916,38.904414,"1106 Bladensburg Road NE, Washington, DC - 20002"
Presidio Graduate School,-122.400814,37.786891,"649 Mission Street, Suite 500, San Francisco, CA - 94105"
Sandra Academy of Salon Services,-83.586525,36.444823,"907 Main Street, New Tazewell, TN - 37825-7239"
Wright Graduate University for the Realization of Human Potential,-88.591085,42.767178,"N7698 County Highway H, Elkhorn, WI - 53121-2556"
California Jazz Conservatory,-122.268878,37.871235,"2087 Addison Street, Berkeley, CA - 94704-1268"
California Barber and Beauty College,-117.0814,32.757282,"5315 El Cajon Boulevard, San Diego, CA - 92115-4730"
Laredo CHI Academy Beauty School,-99.467036,27.575732,"1710 Peaceful Meadow Court, Laredo, TX - 78041-6540"
Florida International Training Institute,-80.314681,25.797851,"7265 Northwest 25th Street, Miami, FL - 33122-1707"
Gould's Academy,-89.860578,35.098298,"1203 Ridgeway Road # 203, Memphis, TN - 38119-5317"
Aviation Institute of Maintenance-Fremont,-121.92135,37.468594,"420 Whitney Place, Fremont, CA - 94539"
Paul Mitchell the School-Tulsa,-95.82023,36.132259,"14002 East 21st  Street Suite 1050, Tulsa, OK - 74134-1410"
PPG Technical College,-66.038451,18.247162,"Villa Blanca Industrial Park  Ave Sakura #6, Caguas, PR - 00726-3164"
Academy of Professional Cosmetology,-94.157411,36.35541,"2600 West Hudson Road Suite A, Rogers, AR - 72756-2028"
Empire Beauty School-Northlake,-84.256996,33.847741,"Briarcliff Village, 2190 Henderson Mill Road, Atlanta, GA - 30345-3762"
Ross Medical Education Center-Huntsville,-86.661349,34.736871,"930 Old Monrovia Road, NW Suite 9, Huntsville, AL - 35806-2509"
Ross Medical Education Center-Knoxville,-84.096882,35.912854,"206 North Seven Oaks Drive, Knoxville, TN - 37922-2367"
Ross Medical Education Center-Muncie,-85.390811,40.23238,"411 W. Riggin, Muncie, IN - 47303-6413"
Cortiva Institute-Arlington,-97.119031,32.6769,"808 West I-20, Ste. 100, Arlington, TX - 76017-5818"
Tulsa Welding School-Houston,-95.413192,29.950897,"243A Greens Road, Houston, TX - 77060-2100"
Pima Medical Institute-El Paso,-106.383883,31.773629,"6926 Gateway Boulevard E., El Paso, TX - 79915-1525"
Pima Medical Institute-Phoenix,-112.118075,33.608723,"13610 N. Black Canyon Highway,  Suite 102, Phoenix, AZ - 85029-4929"
Kennesaw State University,-84.583052,34.038807,"1000 Chastain Rd, Kennesaw, GA - 30144"
Entourage Institute of Beauty and Esthetics,-96.641266,40.756017,"5601 South 59th Street Suite D, Lincoln, NE - 68516-2306"
Eastern Suffolk BOCES,-72.671895,40.927928,"970 North Griffing Avenue, Riverhead, NY - 11901-2763"
Eastern Suffolk BOCES,-73.109752,40.745531,"375 Locust Avenue, Oakdale, NY - 11769-1650"
Milligan University,-82.29407,36.300147,"1 Blowers Blvd., Milligan, TN - 37682"
Chamberlain University-Nevada,-115.313525,36.185176,"9901 Covington Cross Drive, Las Vegas, NV - 89144"
Chamberlain University-Michigan,-83.150571,42.557063,"200 Kirts Boulevard, Suite C, Troy, MI - 48084"
Chamberlain University-New Jersey,-74.438877,40.465934,"630 U.S. Highway One, North Brunswick, NJ - 08902"
Hussian College-Los Angeles,-118.26069,34.054877,"1201 W. 5th Street, Los Angeles, CA - 90017-2019"
Paul Mitchell the School-Madison,-89.503169,43.064984,"7021 Tree Lane, Madison, WI - 53717"
The University of Tennessee Health Science Center,-90.033196,35.138847,"875 Monroe Avenue, Memphis, TN - 38163"
Unitech Training Academy-New Orleans,-90.183521,29.948535,"5401 Jefferson Hwy, New Orleans, LA - 70123-0000"
Wade Gordon Hairdressing Academy-Lubbock,-101.869638,33.524818,"7615 University Ave #B, Lubbock, TX - 79423-2125"
Protege Academy,-84.751095,43.61137,"4884 E Pickard St, Mt. Pleasant, MI - 48858-2058"
Emory University-Oxford College,-83.871141,33.6191,"801 Emory Street, Oxford, GA - 30054"
The Chicago School at Xavier University of Louisiana,-90.107307,29.964162,"1 Drexel Drive, New Orleans, LA - 70125-1056"
Southern Regional Technical College,-83.9514,30.863799,"15689 US Hwy 19 North, Thomasville, GA - 31792"
Texas College of Cosmetology-Lubbock,-101.924031,33.561435,"3602 Slide Road, Suite B-18, Lubbock, TX - 79414-2532"
Fortis College-Cuyahoga Falls,-81.470433,41.143856,"2545 Bailey Road, Cuyahoga Falls, OH - 44221"
Jones Technical Institute,-81.561491,30.20813,"8813 Western Way, Jacksonville, FL - 32256-0367"
Texas State Technical College,-97.08471,31.639295,"3801 Campus Drive, Waco, TX - 76705"
Aveda Institute Portland-Vancouver Campus,-122.603849,45.643767,"6615 North East 4th Plain Boulevard, Vancouver, WA - 98661-7264"
Arizona College of Nursing-Las Vegas,-115.274149,36.067353,"8363 West Sunset Road, Suite 200, Las Vegas, NV - 89113"
Florida Career College-Pembroke Pines,-80.246116,26.010968,"7891 Pines Boulevard, Pembroke Pines, FL - 33024-6916"
Florida Career College-West Palm Beach,-80.136749,26.705217,"6058 Okeechobee Blvd., West Palm Beach, FL - 33417-4326"
Florida Career College-Hialeah,-80.319292,25.855552,"3750 West 18 Avenue, Hialeah, FL - 33012-7028"
Florida Career College-Lauderdale Lakes,-80.205267,26.16574,"3383 North State Road 7, Lauderdale Lakes, FL - 33319-5617"
Florida Career College-Tampa,-82.337004,27.980705,"9950 Princess Palm Avenue Suite 100, Tampa, FL - 33619-8347"
Florida Career College-Jacksonville,-81.751361,30.19576,"6600 Youngerman Circle, Jacksonville, FL - 32244-6663"
Florida Career College-Boynton Beach,-80.092161,26.54289,"1743 North Congress Avenue, Boynton Beach, FL - 33426-8205"
Florida Career College-Margate,-80.203455,26.270878,"3271 N. State Road 7, Margate, FL - 33063-7011"
Florida Career College-Orlando,-81.309471,28.56052,"989 North Semoran Boulevard, Orlando, FL - 32807-3528"
UEI College-Phoenix,-112.116121,33.57026,"9215 N. Black Canyon Highway, Phoenix, AZ - 85021-2718"
Florida Career College-Houston,-95.431325,30.022309,"70-A Farm to Market Road 1960 West, Houston, TX - 77090-1111"
Aveda Institute-Madison,-89.398711,43.072676,"353 East Campus Mall, Madison, WI - 53715-0000"
Husson University,-68.791476,44.829002,"1 College Circle, Bangor, ME - 04401-2929"
Tricoci University of Beauty Culture-Elgin,-88.341498,42.026819,"264 South Randall Road, Elgin, IL - 60123-9412"
Concorde Career College-Southaven,-89.988876,34.976181,"7900 Airways Blvd, Ste 103, Southaven, MS - 38671"
Universal Technical Institute-Southern California,-118.145393,33.826017,"4175 E. Conant Street, Long Beach, CA - 90808-1789"
Northwest University-Center for Online and Extended Education,-122.195774,47.657502,"5520 108th Ave NE, Kirkland, WA - 98033"
Celebrity Barber School,-92.083641,32.521718,"3220 Louisville Avenue, Monroe, LA - 71201-5133"
California Institute of Advanced Management,-118.15055,34.082467,"1000 S. Fremont Ave. Mailbox #45, Bldg A10, 4th Floor, Suite 10402, Alhambra, CA - 91803"
Academy of Interactive Entertainment,-92.043315,30.220037,"537 Cajundome Boulevard #211, Lafayette, LA - 70506-4293"
The Temple Annapolis-A Paul Mitchell Partner School,-76.543104,38.980115,"2303 Forest Drive Suite C, Annapolis, MD - 21401-3833"
Yeshiva Zichron Aryeh,-73.764423,40.606105,"1213 Bay 25th Street, Far Rockaway, NY - 11691-0000"
Butte County Regional Occupational Program,-121.804024,39.715283,"2491 Carmichael Drive Ste 100, Chico, CA - 95928-7191"
Arclabs,-82.461311,34.77072,"2615 Highway 153, B-3, Piedmont, SC - 29673"
Top of the Line Barber College,-79.937096,32.795805,"69 Columbus Street, Suite A & B, Charleston, SC - 29403-2228"
Midfield Institute of Cosmetology,-86.908933,33.463987,"26 B Phillips Drive, Midfield, AL - 35228-2233"
American Institute of Alternative Medicine,-74.386999,40.433916,"646 Rt. 18, Suite 210, East Brunswick, NJ - 08816"
Felbry College,-82.951066,40.09578,"6055 Cleveland Avenue, Columbus, OH - 43231-2256"
Regional Center for Border Health,-114.711558,32.596919,"950 E. Main St Building A, Somerton, AZ - 85350"
B-Unique Beauty and Barber Academy,-82.365104,34.844106,"10 Liberty Lane, Greenville, SC - 29607-2314"
Kentucky Horseshoeing School,-84.340899,37.875066,"3612 Lexington Road, Richmond, KY - 40475-1810"
Image Maker Beauty Institute,-86.601706,36.304927,"139 Maple Row Boulevard, Suite 208, Hendersonville, TN - 37075-4488"
Dalton Institute of Esthetics and Cosmetology,-84.970455,34.762636,"100 West Walnut Avenue Suite 126, Dalton, GA - 30720"
CAAN Academy of Nursing,-87.731726,41.505272,"4747 Lincoln Mall Dr. - Suite 420, Matteson, IL - 60443-3821"
Martinsburg College,-77.959662,39.487035,"341 Aikens Center, Martinsburg, WV - 25404-6204"
Alhambra Medical University,-118.148684,34.080181,"2215 W. Mission Road, Alhambra, CA - 91803"
Central Yeshiva Beth Joseph,-73.959386,40.615411,"1502 Avenue N, Brooklyn, NY - 11230-6043"
Garden State Science and Technology Institute,-74.059669,40.734746,"591 Summit Avenue, Suite 705, Jersey City, NJ - 07306-2714"
Barber Tech Academy,-80.856946,33.492394,"1650 Russell Street, Orangeburg, SC - 29115-6069"
Abraham Lincoln University,-118.256726,34.146294,"100 West Broadway, Suite 600, Glendale, CA - 91210"
Med College,-80.35256,25.89821,"3418 West 84th Street, Suite 106, Hialeah, FL - 33018-4937"
Huntington University of Health Sciences,-83.99327,36.027559,"118 Legacy View Way, Knoxville, TN - 37918-8230"
Sonoran Desert Institute,-111.964106,33.420286,"1555 W University Dr., Suite 103, Tempe, AZ - 85281"
Natural Images Beauty College,-95.400805,29.026275,"236 Old Angleton Road, Clute, TX - 77531-3603"
Textures Institute of Cosmetology,-86.218117,39.906649,"8325 North Michigan Road, Indianapolis, IN - 46268-3635"
Williams Technical College,-90.74457,29.598445,"1340 West Tunnel Boulevard Suite 110, Houma, LA - 70360-2816"
PiBerry Institute,-80.463557,25.48663,"30356 Old Dixie Hwy, Homestead, FL - 33033-3215"
Ea La Mar's Cosmetology & Barber College,-94.551962,39.094285,"1510/1504 Prospect Ave, Kansas City, MO - 64127-1912"
Regina Webb Academy,-86.427834,36.952887,"2425 Scottsville Road Suite 116, Bowling Green, KY - 42104-4457"
DeHart Technical School,-120.997781,37.71339,"311 Bitritto Way, Modesto, CA - 95356-9292"
Medical Career & Technical College,-84.309012,37.734796,"630 Eastern Bypass, Richmond, KY - 40475-2614"
Center for Neurosomatic Studies,-82.714351,27.898475,"13923 Icot Boulevard, Suite814, Clearwater, FL - 33760"
Focus Personal Training Institute,-73.991731,40.745926,"115 West 27th Street, 11th Floor, New York, NY - 10001-6217"
Hair Academy School of Barbering & Beauty,-75.73689,39.65906,"160 Pencader Plaza, Newark, DE - 19713-2305"
Fosbre Academy of Hair Design,-122.935367,47.039503,"2703 Capital Mall Dr SW, Olympia, WA - 98502"
National Personal Training Institute,-81.219818,28.599067,"3451 Technological Ave Suite 3, Orlando, FL - 32817-1481"
Mission Beauty Institute,-98.31205,26.213855,"1123 East 9th Street, Mission, TX - 78572-4404"
Elim Bible Institute and College,-77.615151,42.909692,"7245 College Street, Lima, NY - 14485-9704"
Beth Medrash of Asbury Park,-74.210816,40.043705,"1500 Vermont Avenue, Lakewood, NJ - 08701-5842"
Hope College of Arts and Sciences,-80.139671,26.226156,"1200 SW 3rd Street, Pompano Beach, FL - 33069-3240"
Yeshiva Gedolah Shaarei Shmuel,-74.197596,40.091,"511 Ocean Avenue, Lakewood, NJ - 08701-3623"
Premier Barber Institute,-75.333151,40.11065,"573 East Main Street, Norristown, PA - 19401-5163"
International Beauty Education Center,-117.58908,47.643215,"12832 West Sunset Highway, Airway Heights, WA - 99001-0000"
Claremont Lincoln University,-117.716117,34.094273,"150 West First Street, Claremont, CA - 91711-4744"
Phipps Academy of Barbering,-87.705681,41.485005,"3732 Sauk Trail Road, Richton Park, IL - 60471-1404"
Hoss Lee Academy,-121.289487,38.721897,"200 Whyte Avenue, Roseville, CA - 95661-5233"
Indiana Wellness College,-86.156579,39.940821,"10585 N. Meridian Street, Suite 102, Carmel, IN - 46290"
Kenny's Academy of Barbering,-86.207551,39.79644,"2150 Lafayette Road, Indianapolis, IN - 46222-2327"
Seattle Film Institute,-122.377121,47.64894,"3210 16th Avenue W, Seattle, WA - 98119-1707"
Arkansas Colleges of Health Education,-94.319084,35.317421,"7000 Chad Colley Blvd., Fort Smith, AR - 72916-0366"
Burrell College of Osteopathic Medicine,-106.737787,32.278068,"3501 Arrowhead Drive, Las Cruces, NM - 88001"
California College of Music,-118.128935,34.145103,"42 South Catalina Avenue, Pasadena, CA - 91106-2403"
California Health Sciences University,-119.701977,36.832466,"120 North Clovis Avenue, Clovis, CA - 93612"
Christian Culinary Academy,-123.959303,45.89961,"289 N Spruce St, Cannon Beach, OR - 97110-1484"
Glitz School of Cosmetology,-106.740388,32.305919,"2755 E. Idaho, Las Cruces, NM - 88011"
Indiana Wesleyan University-National & Global,-85.677641,40.510655,"1900 West 50th Street, Marion, IN - 46953"
NationsUniversity,-90.070207,29.949155,"650 Poydras St, Ste 1400, PMB 133, New Orleans, LA - 70130"
Northeast Lakeview College,-98.323246,29.545802,"1201 Kitty Hawk Rd, Universal City, TX - 78145"
Paul Mitchell the School-Jessup,-76.786097,39.169191,"7351 Assateague Drive, Suite 370, Jessup, MD - 20794"
John Patrick University of Health and Applied Sciences,-86.24973,41.67338,"100 East Wayne Street, Suite 140, South Bend, IN - 46601-2352"
University of Saint Katherine,-117.160766,33.138387,"277 Rancheros Drive, Suite 200, San Marcos, CA - 92069"
Teachers College of San Joaquin,-121.231507,37.908696,"2721 Transworld Dr., Stockton, CA - 95206"
U.S. Truck Driver Training School,-83.042997,42.550239,"6500 15 Mile Road, Sterling Heights, MI - 48312-4518"
University of the People,-118.138047,34.146167,"595 E Colorado Blvd Suite 623, Pasadena, CA - 91101"
South Dade Technical College-South Dade Skills Center Campus,-80.437371,25.50406,"28300 S.W. 152nd Avenue, HOMESTEAD, FL - 33033-1412"
Wongu University of Oriental Medicine,-115.117581,36.03274,"8620 South Eastern Avenue, Las Vegas, NV - 89123-2836"
Alabama School of Nail Technology & Cosmetology,-87.893386,31.50997,"202 Commerce Street, Jackson, AL - 36545-2718"
Tulsa Technology Center,-95.887481,36.113428,"3420 S Memorial Drive, Tulsa, OK - 74145"
Ross Medical Education Center-Elyria,-82.105702,41.386445,"120 Market Drive, Elyria, OH - 44035-2885"
Ross Medical Education Center-Lafayette,-86.845131,40.38849,"2621 Maple Point Drive, Lafayette, IN - 47905-5159"
Ross Medical Education Center-Midland,-84.258017,43.641877,"2600 N. Saginaw Suite B, Midland, MI - 48640-2690"
Paul Mitchell the School-Clear Lake,-95.126497,29.527723,"20807 Gulf Fwy, Webster, TX - 77598-0000"
Paul Mitchell the School-Nampa,-116.594823,43.613794,"16803 North Marketplace Boulevard, Nampa, ID - 83687-0000"
Academy of Beauty Professionals,-89.490781,43.05541,"6414 Odana Road, Madison, WI - 53719"
Academy of Beauty Professionals,-88.461527,44.266271,"525 Westhill Boulevard, Appleton, WI - 54914-5780"
Academy of Beauty Professionals,-88.097926,44.52349,"2575 W. Mason Street, Green Bay, WI - 54303-4838"
Kenneth Shuler School of Cosmetology-Goose Creek,-80.065725,33.035472,"98 Davenport Street Suite 10, Goose Creek, SC - 29445-6694"
Clovis Community College,-119.731261,36.88686,"10309 North Willow Avenue, Fresno, CA - 93730"
Boca Beauty Academy-Parkland,-80.203872,26.321755,"7271 North State Road 7, Parkland, FL - 33073-4526"
American Beauty Academy-West Valley Campus,-111.938189,40.692128,"3695 S Redwood Rd Ste #9, West Valley City, UT - 84119"
Caribbean Aviation Training Institute Inc,-65.997043,18.439873,"Ave. Jose A. Santana, Ed. World Cargo, 2nd Floor Base Muniz, Carolina, PR - 00979"
The College of Health Care Professions-McAllen Campus,-98.234872,26.239856,"1917 W. Nolana Ave Suite 100, McAllen, TX - 78504-4398"
Institute of Buddhist Studies,-122.266105,37.866732,"2140 Durant Avenue, Berkeley, CA - 94704"
Chamberlain University-North Carolina,-80.931971,35.13766,"2015 Ayrsley Town Boulevard, Suite 204, Charlotte, NC - 28273"
Chamberlain University-California,-121.278258,38.596193,"10971 Sun Center, Rancho Cordova, CA - 95670"
Spartan College of Aeronautics and Technology,-117.408335,33.990127,"4130 Mennes Ave, Riverside, CA - 92509-8716"
Purdue University Global,-86.928449,40.45655,"2550 Northwestern Avenue, Suite 1100, West Lafayette, IN - 47906"
Pima Medical Institute-Dillon,-112.641211,45.208156,"434 E. Poindexter Street, Dillon, MT - 59725"
Arthur's Beauty College,-90.68152,35.817823,"1903 Grant Avenue Suites, K, L, M, Jonesboro, AR - 72401"
West Coast University-Center for Graduate Studies,-118.29131,34.081505,"590 North Vermont Avenue, Los Angeles, CA - 90004-2115"
Carolina University,-80.250153,36.087962,"420 S. Broad St., Winston-Salem, NC - 27101"
National Personal Training Institute-Tampa,-82.528321,28.02675,"8411 Sunstate Street, Tampa, FL - 33634"
Presbyterian Theological Seminary in America,-118.047065,33.88856,"15605 Carmenita Road, Santa Fe Springs, CA - 90670-5611"
HCI College,-80.085147,26.702663,"1764 North Congress Avenue, Suite 200, West Palm Beach, FL - 33409-1042"
America Evangelical University,-118.295931,33.883102,"1204 W 163rd St, Gardena, CA - 90247-4432"
Gadsden Technical College,-84.578905,30.577656,"201 Martin Luther King Jr Boulevard, Quincy, FL - 32351-4415"
Virginia University of Integrative Medicine,-77.22432,38.91009,"1980 Gallows Road, Vienna, VA - 22182-5310"
Nashville Film Institute,-86.748045,36.135712,"191 Polk Avenue, Nashville, TN - 37210-4225"
Los Angeles Academy of Figurative Art,-118.5021,34.208209,"16926 Saticoy Street, Van Nuys, CA - 91406-2127"
Westcliff University,-117.847973,33.685537,"17877 Von Karman Ave, Suite 400, Irvine, CA - 92614"
World Class Academy of Beauty Careers,-84.2909,30.412845,"516 West Orange Avenue, Tallahassee, FL - 32310-6831"
Allied Health Careers Institute,-86.391495,35.827799,"1233 Commerce Park, Murfreesboro, TN - 37130-5996"
Sacramento Ultrasound Institute,-121.426335,38.597487,"1765 Challenge Way, Sacramento, CA - 95815"
Regan Career Institute,-118.042311,34.065527,"3144 Santa Anita Avenue, 2nd Floor, El Monte, CA - 91733-3254"
Bolivar Technical College,-93.421572,37.623766,"1135 North Oakland Avenue, Bolivar, MO - 65613-8095"
MAK Beauty Institute,-84.143912,34.186371,"570 Lakeland Plaza, Cumming, GA - 30040-2783"
Reformed University,-84.07814,33.971966,"1724 Atkinson Road, Lawrenceville, GA - 30043-5604"
Mobile Technical Training,-74.04968,40.857008,"460 US Highway 46, South Hackensack, NJ - 07606-0000"
American Barber and Beauty Academy,-75.939691,40.316547,"733 Lancaster Avenue, Reading, PA - 19607-1602"
Master's Barber & Styling College,-86.571436,36.219691,"14665 D Lebanon Road, Old Hickory, TN - 37138-4676"
Yeshiva Shaar Ephraim,-74.060858,41.116935,"178 Maple Avenue, Monsey, NY - 10952-2732"
California Institute of Arts & Technology,-117.134199,32.770776,"2820 Camino Del Rio South Suite 100, San Diego, CA - 92108-3822"
"Elite Cosmetology, Barber & Spa Academy",-120.54382,46.584032,"2606 West Nob Hill Boulevard, Yakima, WA - 98902-5105"
Cutting Edge Academy,-74.644718,40.86887,"45 Sunset Strip and Route 10 East, Succasunna, NJ - 07876-1311"
Yeshiva Bais Aharon,-74.203094,40.101002,"905 Park Avenue, Lakewood, NJ - 08701-2053"
Mechon L'hoyroa,-74.058177,41.117029,"168 Maple Avenue, Monsey, NY - 10952-2710"
Elyon College,-73.980593,40.611081,"1400 West 6th Street, Brooklyn, NY - 11204-4801"
Western Michigan University Homer Stryker M.D. School of Medicine,-85.57943,42.289571,"300 Portage Street, Kalamazoo, MI - 49007"
Harmony Health Care Institute,-71.488336,42.804167,"10 Al Paul Lane, Suite 204, Merrimack, NH - 03054-0000"
American Beauty Schools,-80.327707,25.761572,"8100 Southwest 8th Street, Miami, FL - 33144-0000"
Hogan Institute of Cosmetology and Esthetics,-84.141162,33.896591,"495 Indian Trail Road Northwest, Lilburn, GA - 30047-3717"
J's Barber College,-91.829017,29.993445,"1207 Center Street, New Iberia, LA - 70560-6138"
Ann Webb Skin Institute,-97.751895,30.419687,"11701 Jollyville Road, Austin, TX - 78759-3936"
Apex Academy Hair Skin Nails School of Cosmetology,-82.577702,40.771672,"1788 West Fourth Street, Ontario, OH - 44906-1793"
The Esthetic Institute,-77.234171,38.914385,"8381 Old Courthouse Road STE 200, Vienna, VA - 22182-3818"
Kor Beauty Academy,-112.220934,33.634726,"16610 North 75th Avenue #103, Peoria, AZ - 85382-4958"
EduMed Partners,-86.700979,36.299536,"907 Rivergate Pky. Suite D2, Goodlettsville, TN - 37072-2329"
Massage Institute of Memphis,-89.992526,35.134871,"2076 Union Avenue, Suite 202, Memphis, TN - 38104-4138"
Metro Detroit Barber College,-83.145979,42.416931,"7443 W. McNichols, Detroit, MI - 48221-2650"
Digital Media Institute,-93.771686,32.480613,"2031 Kings Highway, Shreveport, LA - 71103-3600"
Yeshiva Ohr Naftoli,-74.046291,41.456984,"701 Blooming Grove Turnpike, New Windsor, NY - 12553-8006"
Bais Medrash Mayan Hatorah,-74.204332,40.107414,"101 Milton Street, Lakewood, NJ - 08701"
Allgood Beauty Institute,-96.812793,33.140645,"8200 Stonebrook Parkway Suite 202, Frisco, TX - 75034"
Ray J's College of Hair,-91.111011,30.464941,"1726 Wooddale Court, Baton Rouge, LA - 70806-1522"
Gwinnett Institute,-81.208356,28.571233,"1900 North Alafaya Trail, Orlando, FL - 32826-9998"
Kansas City University,-94.527028,37.057686,"2901 St. John's Boulevard, Joplin, MO - 64804-1598"
Manuel and Theresa's School of Hair Design,-96.387591,30.176143,"1315 Highway 105 #102, Brenham, TX - 77833-3033"
Cincinnati School of Barbering & Hair Design,-84.582563,39.206754,"6500 Colerain Avenue, Cincinnati, OH - 45239"
L Makeup Institute,-115.286321,36.166597,"440 S. Rampart Blvd. B-130, Las Vegas, NV - 89145"
Peloton College,-97.092451,32.758324,"1200 East Copeland Road, Arlington, TX - 76011-9998"
Northern Technical College,-91.979767,34.214189,"2215 East Harding Ste 8 & 9, Pine Bluff, AR - 71601"
Maine Media College,-69.076508,44.193709,"70 Camden Street, Rockport, ME - 04856-5952"
Purdue University Northwest,-87.474236,41.584324,"2200 169th Street, Hammond, IN - 46323"
Ross Medical Education Center-Portage,-85.588596,42.226549,"6235 South Westnedge Ave, Portage, MI - 49002-2813"
Ross College-Canton,-81.429021,40.844938,"4300 Munson Street, NW, Canton, OH - 44718-3674"
Ross College-Grand Rapids North,-85.630252,43.026716,"3488 Plainfield Ave., NE, Grand Rapids, MI - 49525-2767"
American Institute-Somerset,-74.544122,40.55089,"80 Cottontail Lane, Somerset, NJ - 08873-1100"
Platt College-Anaheim,-117.878211,33.809417,"1551 South Douglass Road, Anaheim, CA - 92806-5949"
Advantage Career Institute,-74.050804,40.306828,"215 Broad Street, Eatontown, NJ - 07724"
Bull City Durham Beauty and Barber College,-78.889993,35.989115,"931 E Main St, Durham, NC - 27701"
Fortis College-Cutler Bay,-80.363995,25.585653,"19600 South Dixie Highway, Cutler Bay, FL - 33157-7693"
Yeshiva Kollel Tifereth Elizer,-73.992171,40.637096,"1227 47th Street, Brooklyn, NY - 11219"
Strand Institute of Beauty & Esthetics,-97.319593,27.878924,"1018 Us Hwy 181, Portland, TX - 78374"
Arkansas Welding Academy,-92.139911,34.883474,"1920 North Redmond Road, Jacksonville, AR - 72076"
Unitech Training Academy-Baton Rouge,-91.063026,30.417257,"4354 S. Sherwood Forest Blvd. Suite D295, Baton Rouge, LA - 70816"
Empire Beauty School-Tampa,-82.338274,27.941959,"Brandon Crossings, 10083 East Adamo Drive, Tampa, FL - 33619-2619"
Empire Beauty School-Lakeland,-81.973025,28.108318,"Northtowne Square, 5101 US Highway 98 N, Lakeland, FL - 33809-0514"
Galen College of Nursing-ARH,-83.205298,37.285896,"100 Airport Gardens Drive, Suite 200, Hazard, KY - 41701-9519"
The Chicago School at San Diego,-117.167054,32.718575,"401 W. A Street at 1 Columbia Place, San Diego, CA - 92101-7903"
Commercial Divers International,-112.408598,33.409576,"4055 South Sarival Avenue, Goodyear, AZ - 85338-3693"
Tricoci University of Beauty Culture-Janesville,-89.04895,42.679712,"2310 W. Court Street, Janesville, WI - 53548"
Unlimited Cosmetology School,-89.304277,31.325283,"102 Broad Street, Hattiesburg, MS - 39401"
Johnny Matthew's Hairdressing Training School,-123.038361,44.941812,"255 Liberty St NE, Salem, OR - 97301"
The Culinary School of Fort Worth,-97.428672,32.724044,"6550 Camp Bowie Blvd #110, Fort Worth, TX - 76116"
Centralia Beauty College,-122.955164,46.714769,"217 S Tower Avenue, Centralia, WA - 98531"
University of Wisconsin-Milwaukee Flex,-87.880488,43.076848,"2200 E Kenwood Blvd, Milwaukee, WI - 53201"
University of Wisconsin-Parkside Flex,-87.855007,42.645603,"900 Wood Rd, Kenosha, WI - 53141"
Miller-Motte College-STVT-Arlington,-97.060733,32.708476,"2241 S Watson Rd #181, Arlington, TX - 76010"
Bnos Zion Of Bobov Seminary,-73.991157,40.633353,"5000 14th Avenue, Brooklyn, NY - 11219-3621"
ABC Adult School,-118.070114,33.878179,"12254 Cuesta Drive, Cerritos, CA - 90703-2801"
Polytech Adult Education,-75.545942,39.07213,"823 Walnut Shade Road, Woodside, DE - 19980-0000"
California Institute of Medical Science,-119.694271,36.810031,"1175 Shaw Avenue # 103, Clovis, CA - 93612-0000"
Union Bible College,-86.126025,40.038757,"434 S. Union Street, Westfield, IN - 46074-0900"
Pets Playground Grooming School,-80.100676,26.248045,"1294 N. Federal Highway, Pompano Beach, FL - 33062-3705"
San Bernardino Beauty College,-117.285521,34.110518,"600 North Sierra Way, San Bernardino, CA - 92410-4414"
Christina and Company Education Center,-86.815349,40.414052,"220 Meijer Drive, Lafayette, IN - 47905-4633"
Institute of Medical Ultrasound,-84.386472,33.759937,"229 Peachtree Street NE, Suite 700, Atlanta, GA - 30303-3030"
Mystros Barber Academy,-95.453049,30.014,"1434 Ste. B Cypress Creek Parkway, Houston, TX - 77090-3300"
European Medical School of Massage,-76.008531,40.319684,"2921 Windmill Road Suite 1, Sinking Spring, PA - 19608-1680"
Yeshiva Gedolah Tiferes Boruch,-74.4346,40.619593,"21 Rockview Avenue, North Plainfield, NJ - 07060-0000"
Yeshiva Chemdas Hatorah,-74.229304,40.063509,"950 Massachusetts Avenue, Lakewood, NJ - 08701-4618"
Women's Institute of Torah Seminary and College,-76.699496,39.361349,"6602 Park Heights Avenue, Baltimore, MD - 21215-3009"
Yeshiva Gedolah Keren Hatorah,-74.184418,40.109281,"1083 Brook Road, Lakewood, NJ - 08701-1239"
ICOHS College,-117.16145,32.723881,"1770 4th Avenue, San Diego, CA - 92101"
Neo-Esthetique European Institute,-66.057521,18.363811,"Avenida Winston Churchill #305, San Juan, PR - 00926-0000"
Lehigh Valley Barber School,-75.346918,40.639992,"1517B Irene Street, Bethlehem, PA - 18018-3906"
International Barber College,-111.966375,33.306101,"7200 West Chandler Boulevard, Chandler, AZ - 85226-3205"
Brown Beauty Barber School,-86.953134,33.399873,"1724 1st Avenue North, Bessemer, AL - 35020-5016"
Rexburg College of Massage Therapy,-111.80319,43.812616,"669 Pioneer Road, Rexburg, ID - 83440-3873"
Yeshiva Gedolah of Cliffwood,-74.224235,40.442213,"200 Center Street, Keyport, NJ - 07735-5105"
Goshen School of Cosmetology,-90.713781,33.755417,"710 North Davis Avenue, Cleveland, MS - 38732-0000"
IBS School of Cosmetology and Massage,-156.462848,20.892857,"110 East Kaahumanu Avenue, Kahului, HI - 96732-2118"
UR Beauty & Barber Academy,-81.432006,27.463851,"3750 Emergency Lane STE3, Sebring, FL - 33870-2128"
Urban Barber College,-122.03935,37.974933,"1809 Willow Pass Rd, Concord, CA - 94520-2522"
Yeshivas Emek Hatorah,-74.232083,40.112501,"395 Kent Road, Howell, NJ - 07731-2444"
Transitions Career Institute School of Nursing,-73.836391,40.770561,"30-50 Whitestone Expressway STE 400, Flushing, NY - 11354-1964"
Wilton Simpson Technical College,-82.463419,28.488302,"4057 California Street, Brooksville, FL - 34604-0683"
Stacey James Institute,-104.794689,39.533193,"16534 Keystone Boulevard, Unit C, Parker, CO - 80134-3358"
Meridian University,-122.640029,38.230878,"47 Sixth Street, Petaluma, CA - 94952-3092"
Seminary Bnos Chaim,-74.200969,40.085639,"222 South Clover Street, Lakewood, NJ - 08701-2336"
"Avenue Academy, A Cosmetology Institute",-106.531872,35.096452,"1512 Eubank Boulevard, Albuquerque, NM - 87112-3449"
Salon Professional Academy of San Antonio,-98.47,29.59369,"16640 San Pedro Avenue, San Antonio, TX - 78232-2242"
Red Lake Nation College,-95.009828,47.880085,"15480 Migizi Drive, Red Lake, MN - 56671-0000"
Princess Institute of Beauty,-119.431745,36.603678,"1605 East Manning Avenue, Reedley, CA - 93654-2455"
Vogue International Academy,-95.641271,29.73076,"2703 Hwy 6 #135, Houston, TX - 77082"
Independent Training & Apprenticeship Program,-121.327728,38.572171,"9856 Business Park Drive, Sacramento, CA - 95827-1741"
Victory Career College,-118.266052,33.846375,"455 E.Carson Plaza Drive. Suite C, Carson, CA - 90746"
Winonah's International School of Cosmetology,-86.801546,33.370224,"1870 Chace Drive, Hoover, AL - 35244-7310"
Yeshiva Gedola Tiferes Yerachmiel,-74.194376,40.1037,"911 Somerset Avenue, Lakewood, NJ - 08701-0000"
Southeastern Esthetics Institute,-80.835302,34.111013,"501 Spears Creek Church Road, Elgin, SC - 29045-0000"
Installer Institute,-81.046805,29.254565,"1524 Ridgewood Avenue, Holly Hill, FL - 32117-2220"
Caris College,-85.710165,38.326417,"2780 Jefferson Centre Way, Suite 103, Jeffersonville, IN - 47130-8293"
Contra Costa Medical Career College,-121.801607,37.976815,"4041 Lone Tree Way Suite 101, Antioch, CA - 94581-6208"
Another Level Barbering and Cosmetology School,-77.403817,37.228645,"102 North Sycamore Street, Petersburg, VA - 23803-3245"
The Salon Professional Academy-Georgetown,-97.688068,30.635778,"901 South IH 35, Georgetown, TX - 78626-5470"
Elite Academy of Hair Design,-80.769323,40.066604,"56104 National Rd., Suite 115, Bridgeport, OH - 43912-2513"
Americare Technical School,-87.841982,42.017062,"505 Busse Highway, Park Ridge, IL - 60068-3143"
Champion Christian College,-93.065945,34.499589,"600 Garland Avenue, Hot Springs, AR - 71913"
Chicago Professional Center,-87.905673,42.10833,"16 Piper Ln. Suite 127, Prospect Heights, IL - 60090"
The Continents States University,-90.260576,38.643521,"4625 Lindell Blvd Suite 200, St. Louis, MO - 63108-3725"
D&S School of Cosmetology,-83.369697,42.639596,"4180 Elizabeth Lake Road, Waterford, MI - 48328"
DSDT,-83.081501,42.325621,"1759 W. 20th Street, Detroit, MI - 48216"
Elite Beauty College,-95.403011,35.75706,"221 North 32nd Street, Muskogee, OK - 74401-2104"
Reiss-Davis Graduate School,-118.41001,34.030844,"3200 Motor Ave., Los Angeles, CA - 90034"
The University of Tennessee System Office,-83.920638,35.966254,"400 W Summit Hill Drive, Knoxville, TN - 37902"
GoodFellas Barber College,-92.321902,34.724618,"4306 Asher Avenue, Little Rock, AR - 72204"
Escondido Adult School,-117.088454,33.131225,"220 W Crest Street, Escondido, CA - 92025"
Poway Adult School,-117.035819,32.978817,"13626 Twin Peaks Road, Poway, CA - 92064"
Vista Adult School,-117.240253,33.187334,"510 Sunset Drive, Vista, CA - 92081"
The Salon Professional Academy-Delray Beach,-80.119045,26.46095,"14610 South Military Trail, Ste G-4, Delray Beach, FL - 33484-0000"
No Grease Barber School,-80.757062,35.21144,"3731 N Sharon Amity Rd, Charlotte, NC - 28205"
Pima Medical Institute-San Marcos,-117.160199,33.136906,"111 Campus Way, San Marcos, CA - 92078-8702"
EDP University of Puerto Rico-Villalba,-66.505648,18.109811,"Road #149, Km. 54.2 Barrio Villalba Arriba, Villalba, PR - 00766-2353"
The Chicago School at Dallas,-96.75721,32.979753,"2101 Waterview Parkway, Richardson, TX - 75080-2208"
American Massage & Bodywork Institute,-77.244736,38.926154,"1593 Spring Hill Road, Suite 210, Vienna, VA - 22182-2245"
KCK Beauty & Barber Academy,-81.652099,30.428106,"10592 Balmoral Circle East, Jacksonville, FL - 32218-5578"
California College of Barbering and Cosmetology,-121.293756,38.000656,"1024 E March Lane, Stockton, CA - 95210"
Texas Tech University Health Sciences Center-El Paso,-106.43122,31.771891,"5001 El Paso Drive, El Paso, TX - 79905-2827"
Ponce Health Sciences University-Centro Universitario de San Juan,-66.059619,18.441175,"Calle Rosales, Esq San Antonio Parada 26 1/2, Santurce, PR - 00914-8505"
The College of Health Care Professions-South San Antonio,-98.525559,29.355101,"1964 SW Military Drive, San Antonio, TX - 78221-1474"
Innovate Salon Academy,-74.802873,40.26517,"25 Scotch Road, Ewing, NJ - 08628-0000"
Chamberlain University-Louisiana,-90.152655,29.962307,"400 Labarre Road, Jefferson, LA - 70121"
Drury University-College of Continuing Professional Studies,-93.286192,37.219681,"900 North Benton Avenue, Springfield, MO - 65802"
Global Medical & Technical Training Institute,-80.225343,25.779693,"1830 NW 7th Street, Suite 200, Miami, FL - 33125-3562"
Salon Success Academy-West Covina,-117.933801,34.070568,"112 Plaza Drive Suite 166, West Covina, CA - 91790-2876"
Indiana Institute of Technology-College of Professional Studies,-85.116479,41.078365,"1600 E. Washington Blvd., Fort Wayne, IN - 46803"
Advantage Technical College,-66.081082,18.454692,"Ponce de Leon Avenue #818, San Juan, PR - 00907-0000"
Institute of Culinary Education,-118.139351,34.144829,"521 East Green Street, Pasadena, CA - 91101-5221"
Universal Technical Institute-Bloomfield,-74.180997,40.841102,"1515 Broad Street, Bloomfield, NJ - 07003-3002"
Gould's Academy,-89.795642,35.206685,"8000 US Highway 64, Bartlett, TN - 38133-4067"
Institute of Lutheran Theology,-96.789515,44.308861,"910 4th Street, Brookings, SD - 57006"
Urban Academy of Beauty,-106.677601,35.241061,"1001 Golf Course Road #104 & #105, Rio Rancho, NM - 87124-2575"
WellSpring School of Allied Health-Springfield,-93.317069,37.158926,"3033 S Kansas Expressway, Springfield, MO - 65807"
Medical Career College of Northern California,-121.293121,38.723329,"1220 Melody Lane, Roseville, CA - 95678-5133"
Premiere International College,-81.864154,26.639307,"2055 Central Avenue, Fort Myers, FL - 33901-3916"
San Diego Global Knowledge University,-117.154966,32.708222,"1095 K Street, Suite B, San Diego, CA - 92101"
Global Tech College,-83.672676,41.615085,"5555 Airport Hwy., Suite 130, Toledo, OH - 43615-7320"
Crown Cutz Academy Bristol,-82.192413,36.605279,"805 Commonwealth Avenue, Bristol, VA - 24201-3323"
MCI,-98.22256,26.199744,"304 South Colonel Rowe Boulevard, McAllen, TX - 78501"
Central Pennsylvania Diesel Institute,-76.990343,40.551071,"1718 Old Trail Road, Liverpool, PA - 17045-9201"
Bellasa Professional Institute,-80.267007,25.810667,"700 South Royal Poinciana Blvd suite 103 and 303, Miami Springs, FL - 33166-0000"
PMCA Pittsburgh Multicultural Cosmetology Academy,-79.99942,40.439395,"415 Smithfield Street, Pittsburgh, PA - 15222-2245"
Health and Technology Training Institute,-75.164481,39.950439,"100 South Broad Street, Land Title Building Suite 900, Philadelphia, PA - 19102-1024"
Yeshiva of Ocean,-74.501698,41.732961,"7120 Highway 52, Greenfield Park, NY - 12435-5308"
Congregation Talmidei Mesivta Tiferes Shmiel Aleksander,-73.994778,40.624233,"1535 63rd Street, Brooklyn, NY - 11219-5440"
Young Americans College of the Performing Arts,-117.542501,33.859246,"1112 Olympic Drive, Corona, CA - 92881-3390"
Pro Beauty Academy,-74.340019,40.571036,"1655 Oak Tree Road, Suite 285A, Edison, NJ - 08820-2843"
South Eastern Beauty Academy,-82.806325,37.814789,"318 Second Street, Paintsville, KY - 41240-1034"
Ohel Margulia Seminary,-74.065165,41.121761,"22 Ashel Lane, Monsey, NY - 10952-2610"
Montana Barber Institute,-106.265623,31.763303,"1920 N Zaragoza Rd. Suite 101 - 103, El Paso, TX - 79938-4655"
Yeshivat Hechal Shemuel,-73.955944,40.610906,"1719 Avenue P, Brooklyn, NY - 11229-0000"
Professional University Dr. Carlos J. Borrero Rios,-66.054156,18.411332,"656 Ponce de Leon Ave Floor 1, Hato Rey, PR - 00918-0000"
American Institute of Healthcare & Technology,-73.150918,41.170738,"480 Lordship Boulevard, Stratford, CT - 06615-7149"
Premier Academy of Cosmetology,-95.766472,34.941596,"910 North Main Street, McAlester, OK - 74501-4143"
Yeshiva Gedolah of Woodlake Village,-74.169645,40.099738,"199 Joe Parker Road, Lakewood, NJ - 08701-0000"
Yeshiva Gedola Tiferes Yaakov Yitzchok,-74.223022,40.056542,"65 Cross Street, Lakewood, NJ - 08701-5502"
Houston Barber School,-95.415514,29.966414,"313 Rankin Road, Houston, TX - 77073-4400"
Health-Tech Institute of Memphis,-89.934826,35.049269,"3874 Viscount Avenue, Suite 1, Memphis, TN - 38118"
MIXED Institute of Cosmetology & Barber,-121.43577,38.495699,"5950 Florin Road suite 103, Sacramento, CA - 95823-2370"
Vski Cosmetology School,-80.031699,32.798291,"2070 Sam Rittenberg Boulevard, Charleston, SC - 29407-4610"
New York Seminary,-73.977011,40.63193,"911 McDonald Avenue, Brooklyn, NY - 11218-5611"
Deluxe Barber College,-98.400819,29.554971,"12636 Nacogdoches Road, San Antonio, TX - 78217-2118"
Falcon Institute of Health and Science,-75.42429,40.651462,"3045 Avenue B, Bethlehem, PA - 18017-2113"
College Unbound,-71.412848,41.80644,"325 Public Street, Providence, RI - 02905-2340"
Midwest Barber College,-95.689254,39.000284,"901 SW. 37th Street, Topeka, KS - 66611-2358"
A Better U Beauty Barber Academy,-106.583765,35.11063,"5400 Phoenix Ave NE Suite 105, Albuquerque, NM - 87110"
SANS Technology Institute,-77.110758,39.040814,"11200 Rockville Pike, Suite 200, North Bethesda, MD - 20852"
Tuana European Beauty Academy,-105.076724,40.575844,"826 S College Ave, Fort Collins, CO - 80524"
Idaho College of Osteopathic Medicine,-116.376042,43.594515,"1401 East Central Drive, Meridian, ID - 83642"
Cal Northern School of Law,-121.839216,39.774522,"1395 Ridgewood Drive, Ste. 100, Chico, CA - 95973-8682"
College of Athens,-83.421106,33.849669,"1331 New High Shoals Rd, Watkinsville, GA - 30677"
Southern Careers Institute-Waco,-97.139246,31.512387,"3700 South IH-35 Suite A, Waco, TX - 76706-3756"
Elevate Salon Institute,-78.898377,35.993485,"300 East Main Street, #100, Durham, NC - 27701-0000"
Ponce Health Sciences University-St Louis,-90.21479,38.631435,"2351 Market St., St. Louis, MO - 63103"
Lil Lou's Beauty and Barber College-Hammond,-87.521717,41.611381,"5625 Hohman Avenue, Hammond, IN - 46320-1954"
Arizona College of Nursing-Dallas,-96.75999,32.923106,"8330 LBJ Freeway Suite 100, Dallas, TX - 75243-1200"
The Salon Professional Academy-Washington DC,-77.006322,38.90294,"90 K Street North East, Washington, DC - 20002-0000"
Valley College-Cleveland,-81.747723,41.419409,"8700 Brookpark Road, Cleveland, OH - 44129-6810"
EDP University of Puerto Rico-Humacao,-65.82455,18.150762,"Antonio Lopez Street #4, Humacao, PR - 00791-0000"
EDP University of Puerto Rico-Manati,-66.490949,18.429431,"McKinley street #52, Manati, PR - 00674-0000"
UEI College-Sacramento,-121.454197,38.494532,"4424 Florin Road, Suite D & E, Sacramento, CA - 95823-2512"
Fortis Institute-Cookeville,-85.478765,36.143291,"1025 Highway 111, Cookeville, TN - 38501-4305"
Derech Hachaim Seminary,-74.161936,41.337206,"5 Israel Zupnik Drive, Monroe, NY - 10950-6300"
Evvaylois Academy School of Beauty,-96.388462,30.148715,"2244 South Market Street, Brenham, TX - 77833"
Avenue Five Institute-South Austin Campus,-97.756266,30.221953,"500 E Ben White Boulevard Bld E Ste 100, Austin, TX - 78704-3259"
Sattler College,-71.062111,42.36064,"100 Cambridge Street, Suite 1701, Boston, MA - 02114"
Glasgow Caledonian New York College,-74.001699,40.723346,"64 Wooster Street, New York, NY - 10012"
Pima Medical Institute-San Antonio,-98.540716,29.488708,"6550 First Park Ten Blvd, San Antonio, TX - 78213"
Faith Theological Seminary and Christian College,-82.582376,28.018844,"7607 Sheldon Road, Tampa, FL - 33615"
The Southwestern Baptist Theological Seminary,-97.348233,32.681685,"2001 W. Seminary Dr., Fort Worth, TX - 76115"
Lotus Professional College,-77.576237,37.594751,"8935 Patterson Avenue, Richmond, VA - 23229"
Christ Mission College,-98.70699,29.543412,"10822 FM 1560 North, San Antonio, TX - 78254-1000"
Esteem Academy of Beauty,-111.93946,41.161895,"1682 East 5600 South, South Ogden, UT - 84403-4374"
KC Beauty Academy,-118.235894,34.048458,"706 East 1st Street, Los Angeles, CA - 90012-4303"
Urshan College,-90.830252,38.808034,"155 Urshan Way, Wentzville, MO - 63385"
Texas Healthtech Institute,-94.206012,30.064641,"9615 College Street, Beaumont, TX - 77707-2604"
Xtylo Beauty College,-112.004521,33.479573,"2828 North 36th Street, Phoenix, AZ - 85008-1303"
Tonsorial Arts Barber College,-94.079302,33.435351,"2831 New Boston Road, Texarkana, TX - 75501-3264"
Michael's Barber & Hair Stylist Academy,-96.978283,32.838765,"2413 West Airport Freeway, Irving, TX - 75062-6016"
Yeshiva Yesoda Hatorah Vetz Chaim,-73.961026,40.706959," , Brooklyn, NY - 11211-7106"
North-West College-San Diego,-117.066577,32.765537,"6106 Arosa St, San Diego, CA - 92115-1506"
West Virginia Junior College-United Career Institute,-79.690734,40.321221,"8957 Lincoln Highway Suite 101-A, Irwin, PA - 15642-2704"
Aviation Institute of Maintenance-Charlotte,-80.736311,35.161941,"7421 E. Independence Boulevard, Charlotte, NC - 28227-9403"
Ponce Health Sciences University-East,-66.589688,18.0083,"Urb Villa Flores Calle Acacia #1213, Ponce, PR - 00731-0000"
Fortis College-Landover,-76.866209,38.949983,"4351 Garden City Drive, Landover, MD - 20785-2223"
Stautzenberger College-Rockford Career College,-89.027291,42.255903,"1130 South Alpine Road Suite 100, Rockford, IL - 61108-3900"
WellSpring School of Allied Health-Wichita,-97.443119,37.673622,"600 S Tyler Road, Wichita, KS - 67209"
Access Careers-Islandia,-73.175617,40.800874,"1930 Veterans Highway, Suite 10, Islandia, NY - 11749-1599"
Northern Pennsylvania Regional College,-79.147078,41.845727,"300 2nd Avenue, Suite 500, Warren, PA - 16365"
Apex College of Veterinary Technology,-104.813477,38.828277,"330 South El Paso Street, Colorado Springs, CO - 80903"
Meryma'at Barber College,-81.777912,41.458723,"12825-27 Lorain Ave, Cleveland, OH - 44111"
Western Maricopa Education Center,-112.292829,33.535973,"6997 N Glen Harbor Blvd, Glendale, AZ - 85307"
Bais Medrash of Dexter Park,-74.045927,41.081404,"445 South Pascack Road, Chestnut Ridge, NY - 10977"
Makana Esthetics Wellness Academy,-157.869172,21.315179,"560 N. Nimitz Hwy Ste 125D, Honolulu, HI - 96817-5330"
Oak Valley College,-117.39089,34.150067,"2759 Ayala Drive, Rialto, CA - 92377"
Paul Mitchell the School-San Jose,-121.814156,37.325292,"2200 Eastridge Loop, Unit #1004, San Jose, CA - 95122"
Zion Massage College,-113.618974,37.097894,"567 S. Valley View Dr. Suite 4, St. George, UT - 84770-8819"
Great Lakes Boat Building School,-84.362578,45.992299,"485 S. Meridian, Cedarville, MI - 49719-9790"
Austin Career Institute,-97.691089,30.32685,"7215 Cameron Rd, Austin, TX - 78752"
Professional Culinary Academy,-78.876532,42.920978,"875 Elmwood Avenue, Buffalo, NY - 14222-1433"
Pacific Northwest Christian College,-119.161961,46.212057,"3021 West Clearwater Avenue, Kennewick, WA - 99336-5144"
Royal Learning Institute,-73.995353,40.748713,"254 W. 29th St, 2nd Fl, New York, NY - 10001"
Hollywood Cultural College,-118.299523,34.061319,"3450 Wilshire Boulevard Suite 700, Los Angeles, CA - 90010"
Mariano Moreno Culinary Institute,-80.228896,25.750902,"2135 Coral Way, Miami, FL - 33145-2627"
Alder Graduate School of Education,-122.239258,37.486305,"2946 Broadway, Redwood City, CA - 94062"
Webb's Barber School of Arts,-83.710533,32.825269,"4356 Mercer University, Macon, GA - 31206-4118"
Adrian H. Wallace Barber Academy,-87.213526,30.453536,"3822 North 9th Avenue, Pensacola, FL - 32503-2802"
St. Louis Med Tech,-90.335689,38.551852,"59 Grasso Plaza, St. Louis, MO - 63123-3107"
Total Beauty Institute,-81.657851,30.37218,"5308 North Pearl Street, Jacksonville, FL - 32208-5119"
Pearlands Innovative School of Beauty,-95.365954,29.55683,"9330 Broadway Street, Pearland, TX - 77584-7891"
Durant Institute of Hair Design,-96.405502,34.005777,"2836 West University Boulevard, Durant, OK - 74701-3089"
Premiere Aesthetics Institute,-121.312742,44.060956,"1133 NW Wall St, Bend, OR - 97703-3230"
California Indian Nations College,-116.353365,33.773732,"75080 Frank Sinatra Dr, Ste 222, Palm Desert, CA - 92211"
Indian Bible College,-111.615734,35.21783,"2237 East Cedar Avenue, Flagstaff, AZ - 86004-1919"
Florida Professional Institute,-80.324728,25.733948,"7951 SW 40 Street Suite 217, Miami, FL - 33155-6752"
The Professional Cosmetology Academy,-99.481765,27.555981,"1407 Calle del Norte Suite 116, Laredo, TX - 78041-5930"
Hackensack Meridian School of Medicine,-74.155128,40.833902,"123 Metro Boulevard, Suite 4100, Nutley, NJ - 07110-1912"
Taylor Andrews Academy of Hair Design-Hair Lab Detroit Barber School,-83.214501,42.198536,"15070 Dix Toledo Road, Southgate, MI - 48195-2615"
Paul Mitchell the School-North Tahoe,-120.222884,39.324674,"12047 Donner Pass Road Suite A 1, Truckee, CA - 96161-0000"
Paul Mitchell the School-Fort Lauderdale,-80.255003,26.117978,"8000 West Broward Boulevard Suite 1101, Plantation, FL - 33388-0000"
PCI Academy-Iowa City,-91.503091,41.642665,"1550 South 1st Avenue, Iowa City, IA - 52240-6083"
Larry's Barber College,-87.607449,41.751137,"701 E 79th St #709, Chicago, IL - 60619-3101"
Royal Learning Institute,-73.889629,40.748716,"37-17 76th Street 2nd Floor, Jackson Heights, NY - 11372-6533"
Paul Mitchell the School-Provo,-111.642161,40.24048,"480 North 900 East, Provo, UT - 84606-3424"
Arizona College of Nursing-Tampa,-82.523369,27.955614,"1411 N West Shore Blvd, Suite 200, Tampa, FL - 33607"
Arizona College of Nursing-Fort Lauderdale,-80.138479,26.205783,"600 Corporate Drive Suite 200, Fort Lauderdale, FL - 33334-3637"
Arizona College of Nursing-Tucson,-110.880434,32.22113,"5285 East Williams Circle, Suite 1000, Tucson, AZ - 85711"
Arizona College of Nursing-Phoenix,-112.117327,33.635804,"16404 North Black Canyon Highway, Suite 200, Phoenix, AZ - 85053-4058"
Empire Beauty School-Newport News,-76.504353,37.114415,"12365 Hornsby Lane, Newport News, VA - 23602-6958"
Tricoci University of Beauty Culture-Normal,-89.001721,40.531563,"755 West Raab Road, Normal, IL - 61761-4107"
Elite Welding Academy,-95.298611,29.700719,"7119 Village Way, Houston, TX - 77087-2904"
Paul Mitchell the School-Murfreesboro-Nashville,-86.601113,36.307547,"235 E Main Street Suite 200, Hendersonville, TN - 37075-2541"
Dorsey College-Woodhaven,-83.223919,42.142483,"19810 West Road, Woodhaven, MI - 48183-3319"
Pathways College,-112.06553,33.472223,"2226 N. 7th Street, Suite 220, Phoenix, AZ - 85006"
San Joaquin Valley College-Madera,-120.082716,36.976963,"2185-J West Cleveland Avenue, Madera, CA - 93637-8724"
San Joaquin Valley College-Delano,-119.229077,35.774826,"1920 Cecil Avenue, Delano, CA - 93215-9691"
San Joaquin Valley College-Atascadero,-120.652852,35.471527,"8845 El Camino Real, Atascadero, CA - 93422-5333"
San Joaquin Valley College-Rancho Mirage,-116.390793,33.798782,"34275 Monterey Avenue, Rancho Mirage, CA - 92270-2701"
San Joaquin Valley College-Santa Maria,-120.433296,34.937806,"303 Plaza Drive, Santa Maria, CA - 93454-6921"
Advantage Technical College-Aguadilla,-67.154491,18.433012,"#7 Jose de Jesus Estevez Street, Aguadilla, PR - 00603-0000"
San Joaquin Valley College-Porterville,-119.01576,36.071598,"314 North Main Street, Porterville, CA - 93257-3730"
California University of Science and Medicine,-117.350487,34.077252,"1501 Violet Street, Colton, CA - 92324-1603"
Ruben's Five Star Academy,-81.614023,27.955366,"820 Eagle Ridge Dr suite 346, Lake Wales, FL - 33859-4409"
Mason Anthony School of Cosmetology Arts & Sciences,-82.94276,40.099821,"6353 Presidential Gateway, Columbus, OH - 43231-8252"
California Institute of Arts & Technology-National City,-117.106076,32.661577,"401 Mile of Cars Way Suite 100, National City, CA - 91950-6610"
Triangle Tech-Chambersburg,-77.642205,39.995848,"1669 Opportunity Avenue, Chambersburg, PA - 17201-7834"
Provo College-Idaho Falls Campus,-112.00228,43.481,"1592 East 17th Street, Idaho Falls, ID - 83404-3538"
Eagle Gate College-Boise Campus,-116.298572,43.59091,"9300 West Overland Road, Boise, ID - 83709-2505"
Elite Welding Academy South Point,-82.594354,38.447233,"1910 County Road One, South Point, OH - 45680-8849"
Agape College of Business and Science,-119.787874,36.741252,"1313 P Street, Fresno, CA - 93721-1827"
Zorganics Institute of Beauty and Wellness,-122.495516,48.791271,"410 West Bakerview Road Suite 112, Bellingham, WA - 98226-8184"
Daybreak University,-117.88954,33.837857,"321 South State College Blvd, Anaheim, CA - 92806"
Motion Picture Institute,-83.166066,42.55223,"2040 Crooks Rd, Ste.B, Troy, MI - 48084"
Zen Shiatsu Chicago,-87.68287,42.043862,"818 Lake Street, Evanston, IL - 60201-4317"
The  Salon Professional Academy of Holland,-86.090522,42.822173,"2975 West Shore Drive, Holland, MI - 49424-7521"
Dymond Designs Beauty School,-83.013866,42.341646,"3300 East Jefferson Suite 450, Detroit, MI - 48207-4236"
National Institute for Medical Assistant Advancement (NIMAA),-105.042047,39.741297,"1525 Raleigh Street Suite 260, Denver, CO - 80204"
California Northstate University,-121.481542,38.405942,"9700 West Taron Drive, Elk Grove, CA - 95757-3001"
Antigua College International,-80.327618,25.904817,"14505 Commerce Way, Miami Lakes, FL - 33016-1511"
Burlington County Institute of Technology-Adult Education,-74.822846,40.018851,"695 Woodlane Road, Westampton, NJ - 08060-3826"
Sri Sai Krish Institute,-117.79648,33.787459,"5334 E CHAPMAN AVE, ORANGE, CA - 92869"
Riggins Urban Barber College,-117.086115,32.706069,"220 Euclid Avenue Ste 120, San Diego, CA - 92114-3618"
Hair Arts Institute,-97.567807,35.621821,"15001 North May Avenue, Oklahoma City, OK - 73134"
Florida Academy of Nursing,-80.306128,25.978064,"12002 Miramar Parkway, Miramar, FL - 33025-7000"
Body Wisdom Massage Therapy School,-93.734181,41.629798,"8401 Douglas Avenue, Ste 2, Urbandale, IA - 50322-2903"
Lakewood University,-81.561292,41.53011,"2231 North Taylor Road, Cleveland Heights, OH - 44112-3044"
CTK Healthcare & Career Institute,-96.993287,32.854097,"3455 Belt Line Road Suite 203, Irving, TX - 75062-7861"
Aesthetics Institute,-90.335689,38.551852,"50 Grasso Plaza, St. Louis, MO - 63123-3107"
Sierra Academy of Style,-119.762006,39.150371,"1851 South Roop Street, Carson City, NV - 89701-6324"
Institute of Allied Healthcare,-98.570242,29.507147,"7614 Louis Pasteur Drive suite 402, San Antonio, TX - 78229-4538"
NewU University,-77.033557,38.903529,"1090 Vermont Ave NW, Washington, DC - 20005"
Branford Academy of Hair & Cosmetology-Bridgeport,-73.163258,41.186859,"1450 Barnum Avenue, Bridgeport, CT - 06610-3239"
United Education Institute-Las Vegas,-115.135647,36.126687,"3450 S. Maryland Parkway, Las Vegas, NV - 89169-3012"
UEI College-Mesa,-111.862571,33.394736,"1420 W. Southern Avenue, Suite D, Mesa, AZ - 85202"
Larry's Barber College-Joliet,-88.105455,41.523437,"929 West Jefferson Street, Joliet, IL - 60435-7352"
Herzing University-Tampa,-82.335773,27.976414,"3632 Queen Palm Drive, Tampa, FL - 33619-1311"
Galen Health Institutes-Miami Campus,-80.337924,25.997073,"1200 SW 145th Avenue, Pembroke Pines, FL - 33027-6236"
Remington College-Online Dallas,-96.73302,32.912073,"9451 Lyndon B. Johnson FWY., Suite 200, Dallas, TX - 75243"
Abilene Christian University-Undergraduate Online,-96.826833,32.977065,"16633 Dallas Parkway, Suite 800, Addison, TX - 75001"
Madera Community College,-119.99787,36.925132,"30277 Avenue 12, Madera, CA - 93638-8321"
Ogle School Hair Skin Nails-Willowbrook,-95.550032,29.961825,"12974-A Willow Chase Drive, Houston, TX - 77070-5656"
University of Silicon Andhra,-121.921105,37.451094,"1521 California Circle, Milpitas, CA - 95035"
Galen Health Institutes-Austin Campus,-97.690907,30.476575,"1201 W. Louis Henna Boulevard, Building B, Suite 101, Round Rock, TX - 78681-2301"
Galen Health Institutes-Nashville Campus,-86.791569,36.162229,"1100 Dr. Martin Luther King Jr Blvd, 4th Floor, Nashville, TN - 37203-5755"
Ohio Business College-Dayton-Driving Academy,-84.29184,39.823721,"5450 Salem Avenue, Trotwood, OH - 45426"
The Rapha School,-79.099123,40.743997,"17 Griffith Drive, Home, PA - 15747-9615"
Academy of Allied Health Careers,-85.214313,35.008533,"5600 Brainerd Road c-3, Chattanooga, TN - 37411-5336"
Mei Barber School,-97.505114,25.907884,"205 East Elizabeth Street, Brownsville, TX - 78520-5472"
Great Northern University,-117.400562,47.675837,"611 East Indiana Avenue, Spokane, WA - 99207-2550"
Salon Professional Academy-Elevate Salon Institute,-80.144449,25.786328,"1500 Bay Road Ste C1, Miami Beach, FL - 33139-3252"
Arizona College of Nursing-Salt Lake City,-111.903426,40.656372,"434 West Ascension Way, Suite 122, Murray, UT - 84123-2790"
Arizona College-Glendale,-112.154175,33.566263,"4425 West Olive Avenue Suite 300, Glendale, AZ - 85302-3843"
Universal Technical Institute-West Texas,-97.660482,30.415828,"301 West Howard Lane, Austin, TX - 78753-9742"
Avalon Institute-Las Vegas,-115.206409,36.142355,"2650 South Decatur Boulevard Suites 1, 6, 8-10, Las Vegas, NV - 89102-0046"
Medspa Academies-National Institute of Modern Aesthetics,-115.261445,36.076399,"6111 S. Buffalo Drive, Suite 170 & 260, Las Vegas, NV - 89113"
American Institute-Cherry Hill,-75.015417,39.939428,"2201 Route 38 8th Floor, Cherry Hill, NJ - 08002-4309"
Glendale Career College-North-West College-Bakersfield,-119.035082,35.339951,"3000 Ming Avenue, Bakersfield, CA - 93304-5075"
Barber Education Academy,-99.48055,27.555745,"1505 Calle Del Norte Suite 230, Laredo, TX - 78041-6039"
Legends Barber College,-94.754951,31.331903,"1815 West Frank Avenue, Lufkin, TX - 75904-3105"
Academia Medical Institute,-83.092451,39.955242,"3445 South Boulevard, Columbus, OH - 43204-0000"
Barbers Trade School,-94.097718,30.081479,"665 Orleans Street, Beaumont, TX - 77701-3308"
Top of the Line Barber School,-98.371419,29.508769,"5806 Walzem Road, San Antonio, TX - 78218-2109"
Bridges Christian College,-90.103551,29.935984,"2524 Napoleon Avenue, New Orleans, LA - 70115-6305"
Kino College,-111.009455,32.31959,"1980 West Hospital Drive, Suite 202, Tucson, AZ - 85704-7802"
Salon Professional Academy,-74.221921,40.137818,"4741 US Highway 9, Howell, NJ - 07731-3385"
Southern California College of Barber and Beauty,-117.085916,33.127963,"641 North Broadway, Escondido, CA - 92025-1801"
Hello Gorgeous Barbers Stillwater's School of Barbering,-97.085786,36.115482,"2207 West 6th Avenue, Stillwater, OK - 74074-4104"
Jackson Theological Seminary,-92.261249,34.758689,"520 Locust Street, North Little Rock, AR - 72114-0000"
Redeemers University North America,-96.238771,33.146603,"4320 Highway 380 Business, Greenville, TX - 75401-7614"
Personal Touch Beauty and Barber College,-79.832101,33.665098,"128 West Mill Street, Kingstree, SC - 29556-3346"
Reach University,-122.277476,37.80566,"1221 Preservation Park Way, Oakland, CA - 94612-1278"
Technology Learning Center,-71.900846,42.11827,"11 Buffum Dam Road, Oxford, MA - 01540-1411"
Hawaii Tokai International College,-158.05889,21.357583,"91-971 Farrington Hwy, Kapolei, HI - 96707"
California University-Silicon Valley,-122.0081,37.383513,"441 De Guigne Drive, Sunnyvale, CA - 94085"
Hair Academy,-82.979554,39.345978,"62 Consumer Center Drive, Chillicothe, OH - 45601-2667"
Sweetwater Institute of Cosmetology,-84.455725,35.601126,"409 Sweetwater-Vonore Road, Sweetwater, TN - 37874-3026"
Kansas Health Science Center,-97.33594,37.685373,"217 E. Douglas Ave, Wichita, KS - 67202"
Academy for Jewish Religion,-73.90014,40.936234,"28 Wells Ave, Yonkers, NY - 10701"
American College of Healthcare and Technology-Santa Ana,-117.840955,33.759681,"1840 East 17th Street, Santa Ana, CA - 92705-8680"
Aviation Institute of Maintenance-Chicago,-87.664313,41.825743,"3711 South Ashland Avenue, Chicago, IL - 60609-2130"
Atlantis University-Florida Palms University,-80.211287,25.786495,"1011 Sunnybrook Road, 11th Floor, Miami, FL - 33136-0000"
Evangel University-College of Online Learning,-93.262614,37.220956,"1111 North Glenstone Avenue, Springfield, MO - 65802-2125"
Marian University-Ancilla,-86.445875,41.337931,"20097 9B Road, Plymouth, IN - 46563-9475"
Spa Tech Institute-North Andover,-71.131873,42.707614,"202 Sutton Street Suite 460, North Andover, MA - 01845-1613"
Aveda Arts & Sciences Institute Lafayette-Arlington,-77.111447,38.878767,"671 North Glebe Road, Suite 1280, Arlington, VA - 22203-2137"
Shawnee Beauty College-Academy of Cosmetology & Barbering,-95.880874,35.973225,"8510 East 131st Street South, Bixby, OK - 74008-0000"
Concorde Career College-Broadway,-94.589739,39.068021,"3239 Broadway, Kansas City, MO - 64111-2407"
United Education Institute-Stone Mountain,-84.191755,33.805285,"971 North Hairston Road, Stone Mountain, GA - 30083-2871"
UEI College-Tacoma,-122.409173,47.193187,"1415 East 72nd Street, Tacoma, WA - 98404-3344"
Montgomery Beauty School-Baltimore Beauty & Barber School,-76.485069,39.33627,"8660 Pulaski Highway, Baltimore, MD - 21237-3063"
Commonwealth of Puerto Rico Department of Education-PRAMI,-65.6476,18.300193,"Bo Quebrada Vueltas, Carr #3 Marginal, k.m. 49.5, Fajardo, PR - 00738-0000"
Universal Technical Institute-South Florida Miramar,-80.339008,25.984525,"2601 Southwest 145th Avenue, Miramar, FL - 33027-4139"
Arizona College of Nursing-Southfield,-83.260202,42.48156,"26200 Lasher Road Suite 400, Southfield, MI - 48033-7157"
Galen Health Institutes-Sarasota,-82.449266,27.342303,"501 N. Cattlemen Road, Sarasota, FL - 34232-5421"
Galen Health Institutes-Gainesville,-82.417064,29.630471,"7001 SW 24th Avenue, Gainesville, FL - 32607-3704"
Galen Health Institutes-Richmond,-77.528158,37.506099,"7300 Beaufont Springs Drive, Richmond, VA - 23225-5551"
Galen Health Institutes-Myrtle Beach,-78.822568,33.757616,"920 Doug White Drive, Suite 120, Myrtle Beach, SC - 29572-4180"
Galen Health Institutes-Asheville,-82.557273,35.485235,"30 Town Square Boulevard, Suite 160, Asheville, NC - 28803-5007"
Larkin University,-80.200493,25.943148,"18301 N Miami Ave, Miami, FL - 33169"
Pathways College-Arizona,-112.06553,33.472223,"2226 N. 7th Street, Suite 220, Phoenix, AZ - 85006"
Pontifex University,-84.410399,33.877785,"4465 Northside Dr NW, Atlanta, GA - 30327"
The Salon Professional Academy Maplewood,-93.014643,45.032418,"3000 White Bear Ave Suite 27, Maplewood, MN - 55109"
Xtylo Beauty College,-112.255755,33.460108,"1200 North 91st Avenue, Tolleson, AZ - 85353-0001"
San Francisco School of Massage & Bodywork,-122.421684,37.765421,"475 Valencia Street, San Francisco, CA - 94103-3416"
Chancellor Institute,-80.185274,26.201792,"2900 W Cypress Creek Rd Suite 7, Ft Laurderdale, FL - 33309"
The Salon Professional Academy,-75.469299,40.194259,"130 West Main Street, Suite 106, Collegeville, PA - 19426-2025"
Studio 75 Hair Academy,-89.897765,35.34177,"4970 Navy Road, Millington, TN - 38053-2066"
Commercial Diving Technologies Institute,-82.651569,28.407378,"17212 US Highway 19, Hudson, FL - 34667-6613"
Boone Career and Technical Center,-81.809645,38.103362,"3505 Daniel Boone Parkway, Suite B, Foster, WV - 25081-8126"
Edge Academy of Beauty,-83.771185,37.139393,"356 Manchester Square Shopping Center, Suite 19, Manchester, KY - 40962-8700"
Premier Barber School,-95.480589,29.89282,"8795 Antoine Drive, Suite 107, Houston, TX - 77088-2518"
Arizona College of Nursing-Falls Church,-77.218156,38.860531,"3130 Fairview Park Drive Suite 800, Falls Church, VA - 22042-4566"
Arizona College of Nursing-Ontario,-117.578071,34.06676,"3401 North Centre Lake Drive, Ontario, CA - 91761-1201"
National Tractor Trailer School,-112.223438,33.428589,"2200 South 75th Avenue, Phoenix, AZ - 85043-7410"
Galen Health Institutes-Houston,-95.562419,29.839951,"11210 Equity Drive, Houston, TX - 77041-8241"
Galen Health Institutes-Pikeville,-82.530172,37.472974,"150 Healthcare Drive, Pikeville, KY - 41501-1321"
Stellar Career College,-87.634151,41.884375,"205 W. Randolph Street, Suite 200, Chicago, IL - 60606-0000"
Commonwealth University of Pennsylvania,-76.447844,41.00782,"400 East Second Street, Bloomsburg, PA - 17815"
Pennsylvania Western University,-79.88679,40.064964,"250 University Avenue, California, PA - 15419"
Aveda Institute Montana,-108.575858,45.778914,"901 24th Street West, Billings, MT - 59102-3805"
Phoenix Institute,-83.827472,34.301049,"112 W Academy St NW, Gainesville, GA - 30501"
Lehigh Career & Technical Institute,-75.608575,40.663935,"4500 Education Park Drive, Schnecksville, PA - 18078-2599"
CalCopa Massage School,-117.98744,33.692932,"18582 Beach Boulevard, Huntington Beach, CA - 92648-2071"
Medical Solutions Academy,-79.399367,36.591484,"306 Poplar Street, Danville, VA - 24541-1054"
Sami Halaseh Institute,-97.133845,37.704457,"1034 N Andover Rd, Suite A, Andover, KS - 67002-8746"
Beaver Beauty Academy,-84.284219,33.732385,"1999 Candler Road, Decatur, GA - 30032-4281"
Upper Kutz Barber & Style College,-91.038985,33.396294,"813 Highway 1 South, Greenville, MS - 38701-5962"
All In The Wrist Barber Academy,-75.605433,39.30507,"202 North Dupont Blvd., Smyrna, DE - 19977-1511"
Yeshiva of Kasho,-74.00015,40.671255,"590 Smith Street, Brooklyn, NY - 11231-3819"
Cutting Edge Barber Academy,-76.308585,40.039119,"114 West Orange Street, Lancaster, PA - 17603-4229"
JT's Cuts Academy,-80.136204,26.165724,"830 East Oakland Park Boulevard, Fort Lauderdale, FL - 33334-2765"
The Nurse Academy,-117.082699,32.682892,"2345 East 8th Street, National City, CA - 91950-2964"
Heartland Welding Academy,-97.134406,37.697688,"656 North Andover Road, Andover, KS - 67002-9778"
Jazz Barber and Hairstyling Academy,-77.386325,37.234402,"1024 East Washington Street, Petersburg, VA - 23803-3508"
Renaissance Beauty Academy,-89.573395,37.297396,"268 South Mount Auburn Road, Cape Girardeau, MO - 63703-4918"
Central Valley Barber College,-120.932216,37.738336,"3501 Atchison Street, Riverbank, CA - 95367-2024"
One Stop Academy,-78.966393,34.99585,"2653 Hope Mills Road, Fayetteville, NC - 28306-8490"
East Texas Cosmetology College,-94.733362,31.283266,"3302 College Drive, Lufkin, TX - 75904-7137"
Yeshivas Sanz Klauzenburg,-73.990129,40.632725,"1420 50th Street, Brooklyn, NY - 11219-3631"
Agora University,-77.265929,38.775104,"9253 Old Keene Mill Road, Burke, VA - 22015"
URBE University,-80.382355,25.791406,"11430 NW 20 Street, Suite 150, Sweetwater, FL - 33172-1852"
Artisan Academy of Cosmetology,-85.219935,41.062673,"2440 Getz Road, Fort Wayne, IN - 46804"
Healthcare Workforce Training Institute,-91.52967,44.834198,"1405 Truax Boulevard, Eau Claire, WI - 54701"
Jersey College - Cleveland,-84.869707,35.177314,"2305 Chambliss Avenue NW, Cleveland, TN - 37311-3847"
Jersey College - Melbourne,-80.67488,28.109775,"240-250 N. Wickham Road, Melbourne, FL - 32935-8662"
Jersey College - Scranton,-75.650613,41.410772,"700 Quincy Avenue, Scranton, PA - 18510-1724"
Jersey College - Tucson,-111.009455,32.31959,"1980 West Hospital Drive, Tucson, AZ - 85704-7802"
Jersey College - Knoxville,-84.144563,35.898592,"10820 Parkside Drive, Knoxville, TN - 37934-1956"
Jersey College - Jenkintown,-75.125227,40.101221,"610 Old York Road, Jenkintown, PA - 19046-2880"
Champ's Barber School-Lebanon,-76.424687,40.338376,"37 South 8th Street, Lebanon, PA - 17042-0001"
Bushnell University - Roseburg Campus,-123.332475,43.289317,"1140 Umpqua College Road, Roseburg, OR - 97470-9490"
Tennessee College of Applied Technology-Jacksboro -,-84.160316,36.345993,"2221 Jacksboro Pike Suite C-16, LaFollette, TN - 37766-3006"
Collectiv Hair Dressing Academy-Collectiv Academy-Dallas,-96.790828,32.963087,"6757 Arapaho Road Suite 777, Dallas, TX - 75248-4073"
"Adult & Community Education, Columbus City Schools - Fort Hayes Career",-82.987578,39.974611,"546 Jack Gibbs Boulevard, Columbus, OH - 43215-9998"
Homestead Schools-Costa Mesa,-117.884488,33.685098,"3090 Bristol Street, Costa Mesa, CA - 92626-3079"
College of the Marshall Islands - Kwajalein Campus,167.738949,8.775821,"Ebeye Island, Kwajalein Atoll, MH - 96970-0000"
Casa Loma College - Casa Loma College,-86.70221,36.142667,"750 Envious Lane, Nashville, TN - 37217-1342"
Innovate Salon Academy,-74.143704,40.062664,"712 NJ - 70 Route 70, Brick Township, NJ - 08723-3413"
Herzing University-Nashville,-86.63453,36.154732,"100 Centerview Drive, Suite 100, Nashville, TN - 37214-3450"
Southeastern Baptist Theological Seminary-Nash County Extension Center,-78.017437,35.968642,"2869 US 64 Alt., Nashville, NC - 27856-0000"
Southeastern Baptist Theological Seminary-Wake County Extension Center,-78.622044,35.765865,"1034 Bragg Street, Raleigh, NC - 27610-3846"
College of Biomedical Equipment Technology,-98.587256,29.549552,"105 Windy Meadows, Bldg. 2, Suites 201 & 202, Schertz, TX - 78154"
Dorsey College-Grand Rapids,-85.542671,42.916234,"2620 Horizon Drive SE, Suite 200, Grand Rapids, MI - 49546-1338"
Georgia Military College - Rockdale,-84.020185,33.670942,"1011 Rosser Street Northwest, Conyers, GA - 30012-0000"
Baltimore Beauty & Barber School II,-76.624887,39.444853,"29 Greenmeadow Drive, Timonium, MD - 21093-3208"
Alabama School of Nail Technology & Cosmetology - Saraland,-88.07013,30.826635,"205 US Highway 43 North, Saraland, AL - 36571-0000"
Galen Health Institutes-Dallas,-96.751892,33.000073,"1301 W. President George Bush Hwy, Richardson, TX - 75080-1135"
Galen Health Institutes-Roanoke,-80.037445,37.248678,"1819 Electric Road, Suite H, Roanoke, VA - 24018-1604"
Galen Health Institutes-Wichita,-97.299612,37.696007,"551 N. Hillside Street, Suite 410, Wichita, KS - 67214-4923"
Galen Health Institutes-Salt Lake City,-111.901646,40.503343,"344 West 13800 South, Draper, UT - 84020-1930"
"Academy of Cosmetology, Barbering, and Esthetics",-97.547105,35.374805,"9210 South Pennsylvania Avenue, Oklahoma City, OK - 73159-6902"
Aveda Institute Tucson-Avondale,-112.304885,33.454583,"775 North 114th Avenue, Avondale, AZ - 85323-5001"
Paul Mitchell The School Boise -Paul Mitchell The School Coeur d'Alene,-116.793843,47.706053,"410 Neider Avenue Suite B, Coeur d'Alene, ID - 83815-6078"
Paul Mitchell The School Great Lakes - Sarasota,-82.498547,27.341693,"501 North Beneva Road Suite 620, Sarasota, FL - 34232-0000"
Premiere Aesthetics Institute-Meridian,-116.364015,43.588507,"2463 East Gala Street Suite 110, Meridian, ID - 83642-5210"
Arizona College of Nursing-Sarasota,-82.452156,27.397535,"8043 Cooper Creek Boulevard, University Park, FL - 34201-2142"
Arizona College of Nursing-Aurora,-104.836952,39.660088,"3131 South Vaughn Way Suite 525, Aurora, CO - 80014-3511"
Arizona College of Nursing-Cincinnati,-84.34767,39.275361,"11500 Northlake Drive Suite 105, Cincinnati, OH - 45249-1655"
Arizona College of Nursing-Cleveland,-81.493304,41.46601,"3401 Enterprise Parkway, Beachwood, OH - 44122-7343"
Glendale Career College-North-West College-MFSON,-117.948751,34.072193,"2029 West Garvey Avenue North, West Covina, CA - 91790-2097"
Denver College of Nursing-Houston,-95.607143,29.781312,"1155 Dairy Ashford Rd, Suite 310, Houston, TX - 77079-3021"
Cambridge College of Healthcare & Technology - Miami Gardens,-80.219073,25.928797,"1000 Park Centre Blvd, Suite112, Miami Gardens, FL - 33169-5373"
Mystros Barber Academy - Missouri City,-95.53956,29.583795,"2420 Cartwright Road, BLDG. B, Missouri City, TX - 77489-6000"
College Unbound - Newport/Aquidneck Island,-71.313048,41.514305,"115 Girard Avenue, Newport, RI - 02840-0000"
Porter and Chester Institute - New London 2,-72.117515,41.371758,"351 North Frontage Road, New London, CT - 06320-2628"
Gwinnett Institute,-81.208356,28.571233,"1900 North Alafaya Trail Suite 100, Orlando, FL - 32826-4735"
New Gloucester-Unity College,-70.257277,43.905745,"70 Farm View Drive Suite 200, New Gloucester, ME - 04960-0000"
Puerto Rico Advance Institute,-66.154489,18.399161,"14 Barbosa Street, Bayamon, PR - 00961-0000"
Austin Medical Assistant Training,-73.841581,40.719358,"109-15 72nd Road, Unit 1A, Forest Hills, NY - 11375-0000"
Albany Beauty Academy,-84.203041,31.603151,"2231 Dawson Road, Suites I & J, Albany, GA - 31707-3200"
Alliant International University - Phoenix,-112.075562,33.483948,"3110 North Central Avenue, Suite 120 and 125, Phoenix, AZ - 85012-2695"
"Indian Capital Technology Center, School District Number 4 - Coweta",-95.623874,35.949878,"31350 Highway 51, Coweta, OK - 74429-2026"
Wade Gordon Hairdressing Academy-Oklahoma,-97.551553,35.393846,"2209 SW 74th Street Suite 300, Oklahoma City, OK - 73159"
Unity Environmental University - Unity,-69.330672,44.603253,"90 Quaker Hill Road, Unity, ME - 04988-5101"
EDP University of Puerto Rico-Caguas,-66.025309,18.242649,"Calle Genova # 5 Norte (Genova St.), Caguas, PR - 00726-0000"
Baker College - Royal Oak Campus,-83.14812,42.48654,"420 South Lafayette Avenue, Royal Oak, MI - 48067-2503"
Life Chiropractic College West - Bellevue University,-95.91764,41.150225,"1000 Galvin Road South, Bellevue, NE - 68005-3098"
Aviation Institute of Maintenance-Phoenix,-112.01036,33.410174,"4025 South 32nd Street, Phoenix, AZ - 85040-8605"
Galen Health Institutes-Las Vegas,-115.294893,36.071855,"9260 W. Sunset Road, Las Vegas, NV - 89148-4858"
Stellar Career College-Crown Point,-87.401656,41.474242,"5521 Lincoln Highway Suite 301, Crown Point, IN - 46307-1117"
Dragon Rises College of Oriental Medicine - Bradenton,-82.575135,27.419641,"6815 14th Street West, Bradenton, FL - 34207-5810"
Tulsa Welding School-Dallas Campus,-96.93712,32.836133,"700 E Airport Freeway, Irving, TX - 75602-4805"
Pearl River Community College - Hancock Workforce Academy Hangar,-89.450819,30.371129,"13915 Fred & Al Key Road, Kiln, MS - 39556-0000"
Barber Tech Academy-Columbia,-81.090103,34.034477,"421 Bush River Road Unit 98, Columbia, SC - 29210-0000"
